pangene	length	percent_cov	unpaired_read_count
Achromobacter_xylosoxidans_cluster_5813_CCH04920.1	360	74.1667	40
Achromobacter_xylosoxidans_cluster_6639_CUJ72364.1	288	52.0833	4
Achromobacter_xylosoxidans_cluster_9455_QKI76762.1	423	70.9220	26
C_tuberculostearicum|CP065972.1_cds_QQA98166.1_1136	441	68.0272	8
C_tuberculostearicum|CP065972.1_cds_QQA98187.1_1157	399	83.4586	73
C_tuberculostearicum|CP065972.1_cds_QQA98193.1_1163	507	67.6529	50
C_tuberculostearicum|CP065972.1_cds_QQA98199.1_1169	558	53.7634	22
C_tuberculostearicum|CP065972.1_cds_QQA98200.1_1171	813	75.2768	77
C_tuberculostearicum|CP065972.1_cds_QQA98201.1_1172	834	71.8225	57
C_tuberculostearicum|CP065972.1_cds_QQA98267.1_1247	780	52.0513	49
C_tuberculostearicum|CP065972.1_cds_QQA98296.1_1279	453	50.3311	31
C_tuberculostearicum|CP065972.1_cds_QQA98374.1_1362	399	53.6341	52
C_tuberculostearicum|CP065972.1_cds_QQA98513.1_1509	279	86.3799	44
C_tuberculostearicum|CP065972.1_cds_QQA98514.1_1510	306	83.9869	93
C_tuberculostearicum|CP065972.1_cds_QQA98518.1_1515	411	72.9927	43
C_tuberculostearicum|CP065972.1_cds_QQA98527.1_1524	255	59.2157	14
C_tuberculostearicum|CP065972.1_cds_QQA98582.1_1581	870	86.0920	179
C_tuberculostearicum|CP065972.1_cds_QQA98583.1_1582	252	98.0159	39
C_tuberculostearicum|CP065972.1_cds_QQA98584.1_1583	2088	61.5900	296
C_tuberculostearicum|CP065972.1_cds_QQA98604.1_1605	240	55.0000	24
C_tuberculostearicum|CP065972.1_cds_QQA98606.1_1607	123	80.4878	19
C_tuberculostearicum|CP065972.1_cds_QQA98633.1_1635	1104	60.8696	440
C_tuberculostearicum|CP065972.1_cds_QQA98638.1_1642	198	53.0303	18
C_tuberculostearicum|CP065972.1_cds_QQA98776.1_1784	1851	72.5014	190
C_tuberculostearicum|CP065972.1_cds_QQA98777.1_1785	177	98.8701	36
C_tuberculostearicum|CP065972.1_cds_QQA98864.1_1883	603	62.1891	18
C_tuberculostearicum|CP065972.1_cds_QQA98885.1_1906	369	57.1816	26
C_tuberculostearicum|CP065972.1_cds_QQA98886.1_1907	201	74.6269	11
C_tuberculostearicum|CP065972.1_cds_QQA98892.1_1913	549	74.6812	118
C_tuberculostearicum|CP065972.1_cds_QQA99103.1_2148	201	87.0647	34
C_tuberculostearicum|CP065972.1_cds_QQA99175.1_10	750	51.3333	26
C_tuberculostearicum|CP065972.1_cds_QQA99252.1_91	444	67.7928	122
C_tuberculostearicum|CP065972.1_cds_QQA99258.1_97	522	58.8123	22
C_tuberculostearicum|CP065972.1_cds_QQA99259.1_98	390	79.2308	71
C_tuberculostearicum|CP065972.1_cds_QQA99269.1_109	468	67.5214	87
C_tuberculostearicum|CP065972.1_cds_QQA99270.1_110	2130	65.8216	404
C_tuberculostearicum|CP065972.1_cds_QQA99271.1_111	1191	97.2292	545
C_tuberculostearicum|CP065972.1_cds_QQA99279.1_119	306	57.1895	84
C_tuberculostearicum|CP065972.1_cds_QQA99281.1_121	654	64.8318	34
C_tuberculostearicum|CP065972.1_cds_QQA99282.1_122	303	90.7591	2
C_tuberculostearicum|CP065972.1_cds_QQA99287.1_127	417	53.4772	28
C_tuberculostearicum|CP065972.1_cds_QQA99288.1_128	231	96.5368	26
C_tuberculostearicum|CP065972.1_cds_QQA99301.1_142	552	54.3478	36
C_tuberculostearicum|CP065972.1_cds_QQA99305.1_147	384	51.8229	17
C_tuberculostearicum|CP065972.1_cds_QQA99307.1_149	402	74.6269	32
C_tuberculostearicum|CP065972.1_cds_QQA99308.1_150	624	56.0897	34
C_tuberculostearicum|CP065972.1_cds_QQA99318.1_160	264	75.3788	44
C_tuberculostearicum|CP065972.1_cds_QQA99319.1_161	369	84.2818	46
C_tuberculostearicum|CP065972.1_cds_QQA99320.1_162	405	53.0864	31
C_tuberculostearicum|CP065972.1_cds_QQA99321.1_163	606	71.9472	92
C_tuberculostearicum|CP065972.1_cds_QQA99332.1_175	543	74.9540	82
C_tuberculostearicum|CP065972.1_cds_QQA99340.1_187	501	60.0798	36
C_tuberculostearicum|CP065972.1_cds_QQA99449.1_302	243	61.7284	12
C_tuberculostearicum|CP065972.1_cds_QQA99479.1_339	1392	57.6149	150
C_tuberculostearicum|CP065972.1_cds_QQA99513.1_377	261	57.4713	9
C_tuberculostearicum|CP065972.1_cds_QQA99603.1_475	306	73.2026	51
C_tuberculostearicum|CP065972.1_cds_QQA99607.1_479	174	95.4023	8
C_tuberculostearicum|CP065972.1_cds_QQA99809.1_700	801	83.1461	121
C_tuberculostearicum|CP065972.1_cds_QQA99811.1_702	570	61.0526	49
C_tuberculostearicum|CP065972.1_cds_QQA99812.1_703	816	56.3725	59
C_tuberculostearicum|CP065972.1_cds_QQA99813.1_704	1641	61.1822	159
C_tuberculostearicum|CP065972.1_cds_QQA99816.1_707	369	60.9756	97
C_tuberculostearicum|CP065972.1_cds_QQA99903.1_801	1461	57.8371	169
C_tuberculostearicum|CP065972.1_cds_QQA99909.1_807	441	62.1315	23
C_tuberculostearicum|CP065972.1_cds_QQA99917.1_816	384	77.8646	47
C_tuberculostearicum|CP065972.1_cds_QQA99934.1_833	264	96.9697	796
C_tuberculostearicum|CP065972.1_cds_QQA99956.1_859	174	85.0575	3
C_tuberculostearicum|CP065972.1_cds_QQA99967.1_873	435	65.7471	29
C_tuberculostearicum|CP065972.1_cds_QQA99994.1_902	264	51.8939	2
C_tuberculostearicum|CP065972.1_cds_QQB00009.1_918	264	60.2273	22
C_tuberculostearicum|CP065972.1_cds_QQB00040.1_951	738	74.3902	104
C_tuberculostearicum|CP065972.1_cds_QQB00051.1_963	234	64.1026	17
C_tuberculostearicum|CP065972.1_cds_QQB00121.1_1038	756	55.0265	66
C_tuberculostearicum|CP065972.1_cds_QQB00153.1_1072	1416	60.8757	188
C_tuberculostearicum|CP065972.1_cds_QQB00163.1_1082	594	52.6936	20
C_tuberculostearicum|CP065972.1_cds_QQB00202.1_1126	270	91.4815	27
C_tuberculostearicum|CP068156.1_cds_QQU80775.1_1108	8052	83.9667	454
C_tuberculostearicum|CP068156.1_cds_QQU80777.1_1111	546	54.9451	29
C_tuberculostearicum|CP068156.1_cds_QQU81092.1_1448	198	75.7576	16
C_tuberculostearicum|CP068156.1_cds_QQU81398.1_1794	654	53.2110	61
C_tuberculostearicum|CP068156.1_cds_QQU81447.1_1844	930	79.2473	141
C_tuberculostearicum|CP068156.1_cds_QQU81555.1_1956	573	52.1815	21
C_tuberculostearicum|CP068156.1_cds_QQU81843.1_14	288	52.0833	8
C_tuberculostearicum|CP068156.1_cds_QQU82445.1_663	372	54.5699	34
C_ureicelerivorans|CP009215.1_cds_AIL95950.1_25	522	57.4713	20
C_ureicelerivorans|CP009215.1_cds_AIL96158.1_234	390	56.1538	19
C_ureicelerivorans|CP009215.1_cds_AIL96166.1_242	1191	57.5987	84
C_ureicelerivorans|CP009215.1_cds_AIL96188.1_264	369	79.6748	37
C_ureicelerivorans|CP009215.1_cds_AIL96197.1_273	537	62.3836	13
C_ureicelerivorans|CP009215.1_cds_AIL96208.1_284	606	77.0627	33
C_ureicelerivorans|CP009215.1_cds_AIL96210.1_286	489	57.2597	22
C_ureicelerivorans|CP009215.1_cds_AIL96515.1_591	306	51.9608	14
C_ureicelerivorans|CP009215.1_cds_AIL96592.1_669	465	53.1183	19
C_ureicelerivorans|CP009215.1_cds_AIL96741.1_818	795	55.5975	41
C_ureicelerivorans|CP009215.1_cds_AIL96836.1_913	240	62.9167	1
C_ureicelerivorans|CP009215.1_cds_AIL97077.1_1154	597	70.6868	32
C_ureicelerivorans|CP009215.1_cds_AIL97123.1_1200	270	54.8148	18
C_ureicelerivorans|CP009215.1_cds_AIL97380.1_1457	345	51.0145	28
C_ureicelerivorans|CP009215.1_cds_AIL97570.1_1647	843	52.4318	76
C_ureicelerivorans|CP009215.1_cds_AIL97618.1_1695	237	91.9831	11
Cutibacterium_acnes_cluster_1001_EFS41951.1	408	73.5294	13
Cutibacterium_acnes_cluster_1016_ADD98924.1	909	53.7954	55
Cutibacterium_acnes_cluster_104_AAT82458.1	909	50.6051	69
Cutibacterium_acnes_cluster_1057_EFS87009.1	339	79.9410	87
Cutibacterium_acnes_cluster_1059_ADD99325.1	276	60.5072	38
Cutibacterium_acnes_cluster_1062_EFS81941.1	891	50.2806	61
Cutibacterium_acnes_cluster_1072_AAT83929.1	519	51.2524	16
Cutibacterium_acnes_cluster_1091_KEY37654.1	516	59.3023	78
Cutibacterium_acnes_cluster_10_AAT82520.1	291	50.5155	18
Cutibacterium_acnes_cluster_1102_AAT83711.1	978	58.5890	92
Cutibacterium_acnes_cluster_1104_AAT83949.1	318	90.2516	59
Cutibacterium_acnes_cluster_1112_AAT81940.1	282	87.2340	35
Cutibacterium_acnes_cluster_1119_AAT82328.1	1221	63.0631	56
Cutibacterium_acnes_cluster_1120_AAT82345.1	504	51.3889	35
Cutibacterium_acnes_cluster_1125_KEY37415.1	1302	64.2089	457
Cutibacterium_acnes_cluster_1126_AAT82586.1	609	74.0558	49
Cutibacterium_acnes_cluster_112_PEN29662.1	549	54.2805	48
Cutibacterium_acnes_cluster_1142_ADE00473.1	270	60.7407	32
Cutibacterium_acnes_cluster_1144_AAT81898.1	801	84.7690	411
Cutibacterium_acnes_cluster_1148_AAT82669.1	1179	74.7243	109
Cutibacterium_acnes_cluster_1158_EFS87132.1	882	65.9864	50
Cutibacterium_acnes_cluster_1162_AAT83577.1	369	54.2005	14
Cutibacterium_acnes_cluster_1163_AAT83579.1	234	99.5726	96
Cutibacterium_acnes_cluster_1164_AAT83735.1	2574	89.6270	576
Cutibacterium_acnes_cluster_1165_AAT83576.1	369	94.3089	128
Cutibacterium_acnes_cluster_1169_AAT83553.1	606	60.5611	81
Cutibacterium_acnes_cluster_1173_AAT83544.1	618	99.6764	256
Cutibacterium_acnes_cluster_1174_AAT83578.1	273	65.5678	31
Cutibacterium_acnes_cluster_1176_AAT83552.1	1017	51.2291	44
Cutibacterium_acnes_cluster_118_EFS87177.1	504	59.5238	21
Cutibacterium_acnes_cluster_1196_EFT50605.1	858	58.0420	58
Cutibacterium_acnes_cluster_1209_EFD03466.1	555	72.4324	156
Cutibacterium_acnes_cluster_121_CCALPCNH_01471	393	58.7786	30
Cutibacterium_acnes_cluster_1222_AAT83599.1	471	50.5308	45
Cutibacterium_acnes_cluster_1226_AAT82457.1	354	77.1186	50
Cutibacterium_acnes_cluster_1226_KEY36703.1	408	66.9118	64
Cutibacterium_acnes_cluster_1235_EFT03297.1	888	65.5405	57
Cutibacterium_acnes_cluster_1244_EFS51496.1	228	71.9298	15
Cutibacterium_acnes_cluster_1255_AAT82397.1	654	75.2294	57
Cutibacterium_acnes_cluster_1265_EFS90191.1	357	68.3473	6
Cutibacterium_acnes_cluster_1266_AAT82335.1	429	96.0373	331
Cutibacterium_acnes_cluster_1266_EFD08244.1	189	90.4762	18
Cutibacterium_acnes_cluster_1276_ADE00453.1	231	68.3983	52
Cutibacterium_acnes_cluster_1288_AAT82585.1	600	99.3333	91
Cutibacterium_acnes_cluster_1288_ADE00157.1	681	75.9178	95
Cutibacterium_acnes_cluster_1288_EFS63370.1	585	81.7094	76
Cutibacterium_acnes_cluster_1288_EGF68615.1	186	65.5914	1
Cutibacterium_acnes_cluster_1290_EFS76017.1	871	51.0907	31
Cutibacterium_acnes_cluster_130_EFS49138.1	225	71.1111	29
Cutibacterium_acnes_cluster_1314_AAT83557.1	222	67.5676	18
Cutibacterium_acnes_cluster_1331_EGR96159.1	591	50.7614	18
Cutibacterium_acnes_cluster_134_AAT83416.1	297	66.3300	11
Cutibacterium_acnes_cluster_134_EFS88110.1	243	81.0700	17
Cutibacterium_acnes_cluster_1360_EFT02273.1	1536	69.4661	177
Cutibacterium_acnes_cluster_136_EGR95227.1	198	73.2323	2
Cutibacterium_acnes_cluster_1377_AAT82668.1	1020	93.4314	272
Cutibacterium_acnes_cluster_1382_AAT83946.1	399	100.0000	593
Cutibacterium_acnes_cluster_1382_EFS85838.1	255	58.8235	1
Cutibacterium_acnes_cluster_1382_EFT77285.1	771	82.4903	375
Cutibacterium_acnes_cluster_1406_EMF64978.1	798	57.1429	57
Cutibacterium_acnes_cluster_142_EFS87825.1	384	64.8438	32
Cutibacterium_acnes_cluster_1457_ADE01053.1	1533	55.8382	56
Cutibacterium_acnes_cluster_1457_EFD03587.1	1086	59.4843	35
Cutibacterium_acnes_cluster_1457_EMF62976.1	1275	61.4118	53
Cutibacterium_acnes_cluster_1460_CCALPCNH_01289	456	63.3772	10
Cutibacterium_acnes_cluster_1464_AAT84015.1	1053	66.2868	128
Cutibacterium_acnes_cluster_1472_MUT19127.1	399	76.6917	109
Cutibacterium_acnes_cluster_1475_AAT82162.1	1017	52.4090	59
Cutibacterium_acnes_cluster_1511_AAT81982.1	300	50.0000	5
Cutibacterium_acnes_cluster_1531_EFS66511.1	162	79.0123	7
Cutibacterium_acnes_cluster_1548_AAT83501.1	1596	93.6717	310
Cutibacterium_acnes_cluster_1549_AAT83373.1	1686	90.9253	489
Cutibacterium_acnes_cluster_1557_EFS88078.1	279	58.7814	22
Cutibacterium_acnes_cluster_1568_AAT83240.1	2895	72.3316	211
Cutibacterium_acnes_cluster_1568_AFU41325.1	1839	65.3072	80
Cutibacterium_acnes_cluster_1577_EFS90488.1	546	50.9158	42
Cutibacterium_acnes_cluster_1601_AAT83751.1	1143	99.3876	1215
Cutibacterium_acnes_cluster_1619_ADD99089.1	198	78.7879	10
Cutibacterium_acnes_cluster_1619_EFS94753.1	255	61.1765	7
Cutibacterium_acnes_cluster_1630_AAT83657.1	486	98.9712	86
Cutibacterium_acnes_cluster_1631_ADE00513.1	684	51.6082	50
Cutibacterium_acnes_cluster_1633_ADD99453.1	450	64.6667	27
Cutibacterium_acnes_cluster_1644_AAT82311.1	633	60.9795	70
Cutibacterium_acnes_cluster_1644_EFS86712.1	213	69.4836	4
Cutibacterium_acnes_cluster_1663_AAT83730.1	546	59.7070	44
Cutibacterium_acnes_cluster_1663_EFT03691.1	486	66.8724	38
Cutibacterium_acnes_cluster_1668_AAT82142.1	555	69.3694	77
Cutibacterium_acnes_cluster_1669_AAT82143.1	717	99.8605	337
Cutibacterium_acnes_cluster_1672_AAT82139.1	519	99.2293	82
Cutibacterium_acnes_cluster_1673_AAT82141.1	414	83.3333	93
Cutibacterium_acnes_cluster_1674_AAT83705.1	564	78.1915	54
Cutibacterium_acnes_cluster_1687_AEE72717.1	2250	55.7333	117
Cutibacterium_acnes_cluster_1687_TNH52095.1	1773	56.6272	62
Cutibacterium_acnes_cluster_1691_AAT82875.1	318	51.5723	26
Cutibacterium_acnes_cluster_1693_ADE00618.1	246	69.5122	29
Cutibacterium_acnes_cluster_1695_AAT82146.1	354	56.4972	28
Cutibacterium_acnes_cluster_1799_ADE00642.1	174	76.4368	15
Cutibacterium_acnes_cluster_1808_EFS46289.1	261	57.4713	1
Cutibacterium_acnes_cluster_1808_EFT33739.1	597	52.4288	4
Cutibacterium_acnes_cluster_1811_ADD99622.1	1329	84.1234	102
Cutibacterium_acnes_cluster_1811_BBK85407.1	582	86.0825	75
Cutibacterium_acnes_cluster_1811_EFS51470.1	1281	73.5363	111
Cutibacterium_acnes_cluster_1811_EFT32439.1	1305	75.7854	119
Cutibacterium_acnes_cluster_1811_EFT51167.1	1052	94.0114	117
Cutibacterium_acnes_cluster_1811_EGE96214.1	1257	88.9419	113
Cutibacterium_acnes_cluster_1811_QAZ51958.1	1263	63.5788	196
Cutibacterium_acnes_cluster_1811_SDL31617.1	1008	57.6389	29
Cutibacterium_acnes_cluster_1857_AAT82633.1	429	68.9977	52
Cutibacterium_acnes_cluster_1857_ADD99334.1	147	94.5578	3
Cutibacterium_acnes_cluster_1860_ADE00875.1	837	80.6452	85
Cutibacterium_acnes_cluster_1868_OAX97186.1	280	53.5714	3
Cutibacterium_acnes_cluster_1879_AAT82351.1	2190	50.5479	111
Cutibacterium_acnes_cluster_1881_AAT82350.1	1911	69.9634	323
Cutibacterium_acnes_cluster_1882_ADE00401.1	312	96.4744	120
Cutibacterium_acnes_cluster_1891_ESS78497.1	205	73.1707	4
Cutibacterium_acnes_cluster_1893_EFT77583.1	471	63.6943	17
Cutibacterium_acnes_cluster_1909_AAT83055.1	216	87.0370	36
Cutibacterium_acnes_cluster_1911_EFS56567.1	198	76.2626	28
Cutibacterium_acnes_cluster_1921_EFT04178.1	237	64.5570	22
Cutibacterium_acnes_cluster_1939_ADE00332.1	3882	71.7156	194
Cutibacterium_acnes_cluster_1939_EFT07458.1	3420	73.7427	245
Cutibacterium_acnes_cluster_1939_KEY35112.1	3279	66.6057	167
Cutibacterium_acnes_cluster_1942_AAT82595.1	309	89.6440	132
Cutibacterium_acnes_cluster_1942_EGR95897.1	276	86.5942	23
Cutibacterium_acnes_cluster_1963_ADD99811.1	1380	61.2319	27
Cutibacterium_acnes_cluster_1963_EFD07601.1	1212	69.2244	100
Cutibacterium_acnes_cluster_1964_EFS54171.1	258	58.1395	3
Cutibacterium_acnes_cluster_1976_PGF26161.1	267	59.1760	37
Cutibacterium_acnes_cluster_198_EGF66633.1	1404	62.1795	313
Cutibacterium_acnes_cluster_1995_EFS57605.1	498	53.4137	12
Cutibacterium_acnes_cluster_2001_AAT82384.1	1104	55.1630	32
Cutibacterium_acnes_cluster_2021_EFT11352.1	261	83.9080	13
Cutibacterium_acnes_cluster_2072_EFS96273.1	336	86.9048	44
Cutibacterium_acnes_cluster_2079_EFD06972.1	288	52.0833	3
Cutibacterium_acnes_cluster_2104_AAT83973.1	315	61.9048	19
Cutibacterium_acnes_cluster_2111_AAT82288.1	690	70.7246	128
Cutibacterium_acnes_cluster_2154_EFT01674.1	327	61.7737	3
Cutibacterium_acnes_cluster_2168_ADE00422.1	855	51.5789	77
Cutibacterium_acnes_cluster_2168_EGE72340.1	474	57.5949	38
Cutibacterium_acnes_cluster_216_AAT82952.1	2187	56.6529	166
Cutibacterium_acnes_cluster_219_AAT83013.1	267	99.6255	205
Cutibacterium_acnes_cluster_2283_EFS38451.1	198	75.7576	1
Cutibacterium_acnes_cluster_2284_KEY37942.1	399	77.6942	69
Cutibacterium_acnes_cluster_2293_EGF71230.1	171	86.5497	8
Cutibacterium_acnes_cluster_2299_ADD99146.1	147	94.5578	5
Cutibacterium_acnes_cluster_2299_PEN30462.1	288	52.0833	5
Cutibacterium_acnes_cluster_2400_EFD03840.1	654	54.4343	21
Cutibacterium_acnes_cluster_2452_AAT83697.1	1407	68.2303	125
Cutibacterium_acnes_cluster_2452_EGF66038.1	852	55.3991	48
Cutibacterium_acnes_cluster_2452_TLG41250.1	312	53.8462	7
Cutibacterium_acnes_cluster_2461_OAX68294.1	936	65.0641	36
Cutibacterium_acnes_cluster_2568_EFT78022.1	294	51.0204	18
Cutibacterium_acnes_cluster_257_AAT83924.1	819	86.8132	185
Cutibacterium_acnes_cluster_257_AEE73420.1	684	96.0526	116
Cutibacterium_acnes_cluster_2587_TLG14220.1	291	51.5464	2
Cutibacterium_acnes_cluster_2606_KFE37116.1	378	59.7884	12
Cutibacterium_acnes_cluster_2680_PGF44363.1	252	51.1905	5
Cutibacterium_acnes_cluster_2695_EFS39579.1	747	52.4766	84
Cutibacterium_acnes_cluster_2695_EFS67244.1	507	77.3176	70
Cutibacterium_acnes_cluster_2695_EGF65874.1	573	82.1990	81
Cutibacterium_acnes_cluster_2746_PEN27766.1	198	76.2626	13
Cutibacterium_acnes_cluster_2774_EFT13036.1	198	75.7576	9
Cutibacterium_acnes_cluster_2802_EFT12262.1	913	54.1073	22
Cutibacterium_acnes_cluster_2832_EFT01554.1	285	57.1930	12
Cutibacterium_acnes_cluster_2865_EFS40267.1	168	89.2857	5
Cutibacterium_acnes_cluster_2865_PGF43843.1	210	71.4286	4
Cutibacterium_acnes_cluster_286_AAT81883.1	522	77.0115	40
Cutibacterium_acnes_cluster_290_AAT81899.1	258	76.7442	41
Cutibacterium_acnes_cluster_2954_EFS86608.1	267	56.1798	1
Cutibacterium_acnes_cluster_2954_EFT79359.1	234	59.8291	2
Cutibacterium_acnes_cluster_295_KEY37318.1	339	52.8024	79
Cutibacterium_acnes_cluster_3018_EFS36204.1	318	50.0000	24
Cutibacterium_acnes_cluster_302_AAT82105.1	738	52.9810	36
Cutibacterium_acnes_cluster_3039_EFT02383.1	138	96.3768	10
Cutibacterium_acnes_cluster_303_ADE00509.1	669	63.6771	50
Cutibacterium_acnes_cluster_3110_EFT25404.1	201	74.6269	26
Cutibacterium_acnes_cluster_3110_EFT75217.1	156	96.1538	22
Cutibacterium_acnes_cluster_311_EFT03025.1	408	90.6863	62
Cutibacterium_acnes_cluster_3187_EGR95354.1	786	50.1272	13
Cutibacterium_acnes_cluster_3207_OAX97077.1	216	69.4444	13
Cutibacterium_acnes_cluster_322_AAT82302.1	834	90.2878	187
Cutibacterium_acnes_cluster_322_AEH28874.1	660	88.6364	149
Cutibacterium_acnes_cluster_3295_EFT77547.1	216	68.9815	20
Cutibacterium_acnes_cluster_3312_QEW96228.1	279	62.3656	21
Cutibacterium_acnes_cluster_333_AAT82399.1	414	59.4203	11
Cutibacterium_acnes_cluster_3420_ADE00860.1	201	100.0000	8
Cutibacterium_acnes_cluster_3421_EFT01483.1	189	79.3651	3
Cutibacterium_acnes_cluster_346_AAT82525.1	1434	90.1674	291
Cutibacterium_acnes_cluster_3494_PEN27855.1	237	62.8692	2
Cutibacterium_acnes_cluster_3590_EFS80666.1	126	80.9524	13
Cutibacterium_acnes_cluster_3604_KAB1927666.1	669	58.8939	14
Cutibacterium_acnes_cluster_361_AAT82716.1	936	50.9615	37
Cutibacterium_acnes_cluster_361_ESS78157.1	271	55.3506	9
Cutibacterium_acnes_cluster_3635_KEY38060.1	210	71.4286	2
Cutibacterium_acnes_cluster_363_AAT82753.1	795	51.3208	97
Cutibacterium_acnes_cluster_3662_EFS94277.1	150	86.0000	3
Cutibacterium_acnes_cluster_3695_PGF33632.1	183	71.5847	10
Cutibacterium_acnes_cluster_3714_EFD02316.1	189	84.1270	4
Cutibacterium_acnes_cluster_3714_TMT72472.1	837	84.3489	77
Cutibacterium_acnes_cluster_3738_PGF41873.1	219	78.9954	4
Cutibacterium_acnes_cluster_3788_BBK85135.1	333	52.2523	23
Cutibacterium_acnes_cluster_382_EFT02171.1	333	53.4535	10
Cutibacterium_acnes_cluster_390_AAT82993.1	222	63.9640	32
Cutibacterium_acnes_cluster_393_EFT04634.1	705	68.7943	147
Cutibacterium_acnes_cluster_397_BGJBCOMC_01035	576	52.0833	8
Cutibacterium_acnes_cluster_398_AAT83083.1	669	52.1674	16
Cutibacterium_acnes_cluster_4001_EFT62388.1	309	65.0485	11
Cutibacterium_acnes_cluster_4011_EFS82636.1	267	56.1798	4
Cutibacterium_acnes_cluster_4011_EFT03734.1	318	59.1195	2
Cutibacterium_acnes_cluster_4031_EFS41283.1	177	84.7458	3
Cutibacterium_acnes_cluster_4053_EFS75795.1	267	56.1798	6
Cutibacterium_acnes_cluster_405_AAT83168.1	267	50.1873	9
Cutibacterium_acnes_cluster_4071_TLF93763.1	180	94.4444	36
Cutibacterium_acnes_cluster_4107_PGF34017.1	300	52.0000	10
Cutibacterium_acnes_cluster_4117_EFD02248.1	1017	81.6126	59
Cutibacterium_acnes_cluster_412_AAT83242.1	537	63.1285	58
Cutibacterium_acnes_cluster_414_OAX91527.1	696	51.7241	28
Cutibacterium_acnes_cluster_4167_EGR95596.1	435	50.5747	9
Cutibacterium_acnes_cluster_420_ADD99609.1	876	51.4840	17
Cutibacterium_acnes_cluster_421_AAT83315.1	762	77.0341	72
Cutibacterium_acnes_cluster_4242_EFD07752.1	339	66.6667	15
Cutibacterium_acnes_cluster_4284_EIA11626.1	1941	85.2653	649
Cutibacterium_acnes_cluster_4292_EFS79355.1	225	91.5556	30
Cutibacterium_acnes_cluster_4344_EFT12709.1	321	54.5171	31
Cutibacterium_acnes_cluster_4350_BBK84823.1	288	52.0833	12
Cutibacterium_acnes_cluster_4353_EFS47748.1	159	89.3082	3
Cutibacterium_acnes_cluster_441_AAT83722.1	1575	54.3492	57
Cutibacterium_acnes_cluster_441_ALT33784.1	1641	52.1633	72
Cutibacterium_acnes_cluster_4465_BBK84795.1	333	89.1892	78
Cutibacterium_acnes_cluster_4467_ADE00317.1	138	82.6087	5
Cutibacterium_acnes_cluster_4467_AEH28825.1	198	57.5758	1
Cutibacterium_acnes_cluster_447_EFD02312.1	843	83.5113	209
Cutibacterium_acnes_cluster_450_AAT83858.1	669	76.3827	79
Cutibacterium_acnes_cluster_450_ADE00052.1	540	94.2593	77
Cutibacterium_acnes_cluster_450_REL40409.1	753	68.2603	64
Cutibacterium_acnes_cluster_4553_EFT13017.1	219	58.9041	3
Cutibacterium_acnes_cluster_4558_AEE72878.1	291	59.7938	15
Cutibacterium_acnes_cluster_4558_PIS97484.1	297	50.5051	16
Cutibacterium_acnes_cluster_4566_EFT13884.1	294	69.7279	20
Cutibacterium_acnes_cluster_4604_BBK84538.1	270	55.5556	6
Cutibacterium_acnes_cluster_4608_EFS88373.1	147	87.0748	49
Cutibacterium_acnes_cluster_4636_EFS82480.1	132	91.6667	10
Cutibacterium_acnes_cluster_467_ADD99414.1	660	50.0000	74
Cutibacterium_acnes_cluster_4720_CCALPCNH_01411	195	94.3590	15
Cutibacterium_acnes_cluster_4720_EFT56249.1	156	92.3077	4
Cutibacterium_acnes_cluster_4724_KEY34968.1	294	51.0204	6
Cutibacterium_acnes_cluster_4725_TLG12629.1	543	68.1400	46
Cutibacterium_acnes_cluster_4730_CCALPCNH_00251	276	86.5942	67
Cutibacterium_acnes_cluster_4731_AAT82024.1	264	56.8182	19
Cutibacterium_acnes_cluster_479_EFT50359.1	1428	67.9272	133
Cutibacterium_acnes_cluster_4815_CCALPCNH_02093	495	91.7172	239
Cutibacterium_acnes_cluster_4821_BBK83843.1	210	71.4286	11
Cutibacterium_acnes_cluster_4877_EFT09142.1	249	59.8394	9
Cutibacterium_acnes_cluster_4941_CCALPCNH_00104	198	90.4040	13
Cutibacterium_acnes_cluster_4970_EFS80368.1	183	81.9672	4
Cutibacterium_acnes_cluster_4986_EFT51623.1	444	75.4505	42
Cutibacterium_acnes_cluster_502_EFS86252.1	696	91.5230	230
Cutibacterium_acnes_cluster_503_AAT82035.1	318	99.6855	276
Cutibacterium_acnes_cluster_5045_AFU40554.1	198	89.8990	62
Cutibacterium_acnes_cluster_5046_AFU40555.1	795	57.8616	60
Cutibacterium_acnes_cluster_5047_AFU40556.1	207	50.2415	4
Cutibacterium_acnes_cluster_5048_AFU40557.1	315	55.5556	2
Cutibacterium_acnes_cluster_504_AAT82036.1	2535	87.8895	890
Cutibacterium_acnes_cluster_5051_CCALPCNH_00107	258	58.1395	19
Cutibacterium_acnes_cluster_517_EFT78387.1	207	57.0048	10
Cutibacterium_acnes_cluster_5181_BGJBCOMC_02095	336	83.6310	14
Cutibacterium_acnes_cluster_5181_EGE76566.1	423	69.7400	18
Cutibacterium_acnes_cluster_5202_EFS76435.1	261	57.4713	1
Cutibacterium_acnes_cluster_5221_AAT82623.1	285	52.6316	24
Cutibacterium_acnes_cluster_5224_EFD03473.1	372	73.1183	7
Cutibacterium_acnes_cluster_522_AAT82184.1	435	98.3908	84
Cutibacterium_acnes_cluster_529_AAT82239.1	366	99.4536	518
Cutibacterium_acnes_cluster_529_EFS85942.1	438	83.3333	294
Cutibacterium_acnes_cluster_5307_BBJ76360.1	294	50.6803	12
Cutibacterium_acnes_cluster_5313_AAT82409.1	552	75.5435	12065
Cutibacterium_acnes_cluster_5374_EFS82853.1	261	54.4061	8
Cutibacterium_acnes_cluster_53_SDL01028.1	741	52.3617	65
Cutibacterium_acnes_cluster_5431_EFT25920.1	198	72.7273	15
Cutibacterium_acnes_cluster_5442_EGF02042.1	159	99.3711	22
Cutibacterium_acnes_cluster_5501_AID37064.1	162	92.5926	3
Cutibacterium_acnes_cluster_551_AAT82493.1	459	98.0392	345
Cutibacterium_acnes_cluster_553_AAT82507.1	465	68.3871	41
Cutibacterium_acnes_cluster_559_DPCOCOBH_00229	1566	77.4585	198
Cutibacterium_acnes_cluster_5619_EFS57111.1	273	54.9451	8
Cutibacterium_acnes_cluster_565_AGJ80139.1	741	55.4656	69
Cutibacterium_acnes_cluster_5704_KEY37445.1	689	61.1030	34
Cutibacterium_acnes_cluster_570_AAT82653.1	267	79.0262	13
Cutibacterium_acnes_cluster_570_EGE72503.1	330	63.9394	5
Cutibacterium_acnes_cluster_5718_OAX98561.1	408	57.3529	8
Cutibacterium_acnes_cluster_573_AAT82673.1	402	57.7114	10
Cutibacterium_acnes_cluster_57_EFS55014.1	237	63.2911	4
Cutibacterium_acnes_cluster_580_AAT82735.1	246	99.5935	26
Cutibacterium_acnes_cluster_5860_EGE69723.1	196	67.3469	4
Cutibacterium_acnes_cluster_5866_KEY34743.1	196	76.5306	7
Cutibacterium_acnes_cluster_588_AAT82762.1	804	81.9652	125
Cutibacterium_acnes_cluster_604_AAT82867.1	213	70.8920	19
Cutibacterium_acnes_cluster_611_AAT82906.1	795	56.7296	58
Cutibacterium_acnes_cluster_611_OAY00687.1	675	87.2593	299
Cutibacterium_acnes_cluster_6212_EFT50657.1	183	81.9672	11
Cutibacterium_acnes_cluster_6215_EFT49440.1	147	85.7143	14
Cutibacterium_acnes_cluster_621_AAT82972.1	333	81.0811	46
Cutibacterium_acnes_cluster_623_AAT82987.1	441	99.0930	51
Cutibacterium_acnes_cluster_6247_EFS81528.1	237	93.6709	11
Cutibacterium_acnes_cluster_6248_EFS81529.1	399	83.4586	81
Cutibacterium_acnes_cluster_625_AAT82991.1	792	55.1768	22
Cutibacterium_acnes_cluster_6278_EFS75652.1	1203	98.7531	376
Cutibacterium_acnes_cluster_627_AAT83002.1	1902	54.4164	142
Cutibacterium_acnes_cluster_629_AAT83005.1	1326	51.9608	97
Cutibacterium_acnes_cluster_6316_EGE89891.1	480	66.8750	21
Cutibacterium_acnes_cluster_6322_EFT55633.1	186	80.6452	9
Cutibacterium_acnes_cluster_6323_EFT55488.1	213	73.2394	7
Cutibacterium_acnes_cluster_6340_EFS65052.1	150	100.0000	2354
Cutibacterium_acnes_cluster_6375_EFS57327.1	150	87.3333	35
Cutibacterium_acnes_cluster_6446_EFT78013.1	243	61.7284	8
Cutibacterium_acnes_cluster_6451_EGF68810.1	663	71.4932	61
Cutibacterium_acnes_cluster_6455_EGF67465.1	126	84.9206	11
Cutibacterium_acnes_cluster_649_EFS87788.1	219	68.4932	17
Cutibacterium_acnes_cluster_6520_EFT81410.1	168	64.8810	28
Cutibacterium_acnes_cluster_6522_EFT81282.1	315	66.3492	25
Cutibacterium_acnes_cluster_653_AAT83189.1	540	55.5556	28
Cutibacterium_acnes_cluster_6556_EFB87627.1	135	93.3333	19
Cutibacterium_acnes_cluster_662_EFS87746.1	1182	63.1980	174
Cutibacterium_acnes_cluster_6646_EGE72427.1	312	71.1538	20
Cutibacterium_acnes_cluster_6656_AEE71880.1	294	98.2993	1620
Cutibacterium_acnes_cluster_6658_AEE72025.1	294	51.0204	7
Cutibacterium_acnes_cluster_6667_AEE73076.1	390	72.3077	146
Cutibacterium_acnes_cluster_666_ADE00640.1	501	71.2575	58
Cutibacterium_acnes_cluster_66_EFS94944.1	399	68.1704	38
Cutibacterium_acnes_cluster_66_KEY34431.1	531	73.4463	42
Cutibacterium_acnes_cluster_6747_ESK59495.1	180	100.0000	3438
Cutibacterium_acnes_cluster_6780_ESS79465.1	199	75.3769	9
Cutibacterium_acnes_cluster_6783_ESS78113.1	453	51.2141	26
Cutibacterium_acnes_cluster_6795_KEY35088.1	210	71.4286	3
Cutibacterium_acnes_cluster_6803_KEY34533.1	687	68.9956	103
Cutibacterium_acnes_cluster_6808_KEY33658.1	170	81.7647	16
Cutibacterium_acnes_cluster_6853_KEY37257.1	526	51.9011	9
Cutibacterium_acnes_cluster_6858_KEY37179.1	286	72.0280	18
Cutibacterium_acnes_cluster_688_AAT83581.1	810	59.2593	102
Cutibacterium_acnes_cluster_688_OAX98264.1	704	59.2330	85
Cutibacterium_acnes_cluster_689_EFS87921.1	3558	57.2232	375
Cutibacterium_acnes_cluster_6905_KFC15335.1	249	63.4538	10
Cutibacterium_acnes_cluster_697_AAT83645.1	300	50.0000	15
Cutibacterium_acnes_cluster_6997_DPCOCOBH_00048	348	63.5057	16
Cutibacterium_acnes_cluster_705_EFT67440.1	696	94.6839	294
Cutibacterium_acnes_cluster_713_AAT83900.1	273	71.0623	8
Cutibacterium_acnes_cluster_714_AAT83904.1	1002	59.4810	122
Cutibacterium_acnes_cluster_717_AAT83944.1	2259	80.0797	811
Cutibacterium_acnes_cluster_735_ADE00630.1	615	53.1707	25
Cutibacterium_acnes_cluster_735_KEY35115.1	744	50.0000	34
Cutibacterium_acnes_cluster_740_EFS88179.1	1044	61.0153	75
Cutibacterium_acnes_cluster_744_EFS87178.1	1035	74.2995	242
Cutibacterium_acnes_cluster_751_EGE76533.1	819	53.6020	86
Cutibacterium_acnes_cluster_758_EFT49597.1	1155	82.2511	414
Cutibacterium_acnes_cluster_763_PEN28458.1	603	74.6269	113
Cutibacterium_acnes_cluster_768_AAT82761.1	276	96.0145	230
Cutibacterium_acnes_cluster_770_AAT83184.1	354	51.1299	52
Cutibacterium_acnes_cluster_771_AAT83573.1	408	66.4216	97
Cutibacterium_acnes_cluster_772_AAT81892.1	618	89.9676	114
Cutibacterium_acnes_cluster_775_AAT83572.1	543	93.0018	94
Cutibacterium_acnes_cluster_778_AAT82183.1	684	67.9825	104
Cutibacterium_acnes_cluster_784_AAT82574.1	780	60.5128	117
Cutibacterium_acnes_cluster_786_AAT83617.1	429	67.1329	27
Cutibacterium_acnes_cluster_789_AAT83571.1	384	100.0000	120
Cutibacterium_acnes_cluster_790_AAT83554.1	408	60.5392	38
Cutibacterium_acnes_cluster_792_AAT81894.1	993	61.5307	90
Cutibacterium_acnes_cluster_801_AAT82783.1	939	99.3610	922
Cutibacterium_acnes_cluster_804_EFS87922.1	393	85.7506	78
Cutibacterium_acnes_cluster_805_AAT83750.1	462	96.5368	120
Cutibacterium_acnes_cluster_807_AAT83931.1	450	99.1111	98
Cutibacterium_acnes_cluster_809_AAT83570.1	648	68.2099	156
Cutibacterium_acnes_cluster_818_AAT83580.1	420	54.5238	99
Cutibacterium_acnes_cluster_81_AAT83684.1	255	70.1961	41
Cutibacterium_acnes_cluster_81_CCALPCNH_02236	204	87.7451	63
Cutibacterium_acnes_cluster_820_EFS82614.1	1869	96.6827	614
Cutibacterium_acnes_cluster_823_AAT83502.1	297	97.9798	32
Cutibacterium_acnes_cluster_827_AAT82112.1	486	79.0123	70
Cutibacterium_acnes_cluster_828_AAT82572.1	1008	77.2817	99
Cutibacterium_acnes_cluster_845_AAT83267.1	813	91.7589	221
Cutibacterium_acnes_cluster_849_AAT83641.1	975	57.6410	427
Cutibacterium_acnes_cluster_851_AAT83220.1	264	87.5000	35
Cutibacterium_acnes_cluster_856_AAT82459.1	1719	60.7330	163
Cutibacterium_acnes_cluster_860_AAT83721.1	243	66.2551	18
Cutibacterium_acnes_cluster_867_AAT82584.1	270	92.2222	29
Cutibacterium_acnes_cluster_874_AAT83841.1	531	100.0000	1039
Cutibacterium_acnes_cluster_875_AAT83923.1	1275	62.3529	346
Cutibacterium_acnes_cluster_886_AAT83568.1	441	58.0499	11
Cutibacterium_acnes_cluster_903_AAT83759.1	729	82.4417	109
Cutibacterium_acnes_cluster_913_AAT82802.1	297	100.0000	62
Cutibacterium_acnes_cluster_915_AAT83582.1	462	55.1948	39
Cutibacterium_acnes_cluster_921_AAT83928.1	855	81.9883	110
Cutibacterium_acnes_cluster_941_AAT82770.1	201	94.0299	236
Cutibacterium_acnes_cluster_947_AAT82316.1	507	76.7258	117
Cutibacterium_acnes_cluster_954_AAT82751.1	1089	68.4114	146
Cutibacterium_acnes_cluster_980_AAT83183.1	825	56.4848	34
Cutibacterium_acnes_cluster_987_ADD99643.1	162	90.1235	1
Cutibacterium_acnes_cluster_994_EGR96371.1	219	88.1279	17
Staphylococcus_aureus_cluster_10125_MRW79071.1	285	94.0351	43
Staphylococcus_aureus_cluster_10127_MRW79077.1	186	98.3871	48
Staphylococcus_aureus_cluster_10130_MRW79083.1	213	59.1549	8
Staphylococcus_aureus_cluster_10132_MRW79086.1	182	95.6044	24
Staphylococcus_aureus_cluster_1043_AGU61185.1	552	54.5290	16
Staphylococcus_aureus_cluster_1161_TXO31186.1	461	65.0759	10
Staphylococcus_aureus_cluster_11844_PEJKMINL_01294	234	64.5299	5
Staphylococcus_aureus_cluster_1227_AGU61662.1	204	84.3137	37
Staphylococcus_aureus_cluster_1227_CAI81136.1	177	84.7458	2
Staphylococcus_aureus_cluster_1319_CAI80217.1	168	81.5476	1
Staphylococcus_aureus_cluster_1652_CAG41763.1	228	56.1404	11
Staphylococcus_aureus_cluster_1704_FDPHMHDJ_01443	432	53.4722	9
Staphylococcus_aureus_cluster_196_CAI81803.1	210	80.9524	25
Staphylococcus_aureus_cluster_2096_AGU60555.1	318	93.3962	20
Staphylococcus_aureus_cluster_2531_QCA26665.1	159	94.9686	43
Staphylococcus_aureus_cluster_2634_CAG39414.1	255	55.2941	8
Staphylococcus_aureus_cluster_2_CAI81800.1	318	55.3459	21
Staphylococcus_aureus_cluster_336_AGU61732.1	300	66.6667	3
Staphylococcus_aureus_cluster_338_AGU61734.1	318	79.8742	30
Staphylococcus_aureus_cluster_345_AGU62331.1	678	61.7994	19
Staphylococcus_aureus_cluster_4525_BAB95826.1	141	100.0000	9
Staphylococcus_aureus_cluster_45_CAI81802.1	264	62.8788	6
Staphylococcus_aureus_cluster_4798_PAI43288.1	435	68.9655	3
Staphylococcus_aureus_cluster_4_CAI81789.1	219	67.5799	13
Staphylococcus_aureus_cluster_5520_AFR73662.1	159	96.8553	70
Staphylococcus_aureus_cluster_596_ADQ77088.1	450	58.8889	8
Staphylococcus_aureus_cluster_640_AUG72681.1	573	52.3560	17
Staphylococcus_aureus_cluster_645_BAF66771.1	432	91.2037	17
Staphylococcus_aureus_cluster_647_AGU60671.1	450	61.7778	29
Staphylococcus_aureus_cluster_687_CAI81020.1	450	54.2222	18
Staphylococcus_aureus_cluster_706_CAI81752.1	510	55.8824	6
Staphylococcus_aureus_cluster_706_EYJ18917.1	417	68.3453	6
Staphylococcus_aureus_cluster_803_CAI81804.1	435	73.5632	19
Staphylococcus_aureus_cluster_804_CAI81812.1	309	77.0227	36
Staphylococcus_aureus_cluster_8052_PAI54125.1	2388	58.7521	49
Staphylococcus_aureus_cluster_8850_ABQ50512.1	633	54.5024	30
Staphylococcus_aureus_cluster_9239_CRI08372.1	159	56.6038	2
Staphylococcus_aureus_cluster_9745_AVU07628.1	270	75.5556	21
Staphylococcus_capitis_cluster_100_EEE49439.1	249	85.9438	2
Staphylococcus_capitis_cluster_100_PNM97974.1	282	53.1915	1
Staphylococcus_capitis_cluster_1051_EEE48912.1	291	84.5361	2
Staphylococcus_capitis_cluster_1060_EFS18195.1	423	72.1040	15
Staphylococcus_capitis_cluster_1064_EEE50284.1	276	50.3623	10
Staphylococcus_capitis_cluster_1182_EGS39291.1	894	58.9485	6
Staphylococcus_capitis_cluster_1226_EEE48700.1	519	51.0597	32
Staphylococcus_capitis_cluster_1335_EEE48769.1	351	58.6895	2
Staphylococcus_capitis_cluster_1410_EEE48671.1	501	62.4750	22
Staphylococcus_capitis_cluster_1526_JHOKHAPC_01327	177	84.7458	1
Staphylococcus_capitis_cluster_2071_JHOKHAPC_01935	171	87.7193	1
Staphylococcus_capitis_cluster_2092_EEE48948.1	135	100.0000	1
Staphylococcus_capitis_cluster_213_CQD28071.1	300	54.6667	19
Staphylococcus_capitis_cluster_2169_NMK82317.1	1674	51.0753	52
Staphylococcus_capitis_cluster_362_CDI71667.1	480	62.2917	2
Staphylococcus_capitis_cluster_3950_JHOKHAPC_01122	255	52.5490	1
Staphylococcus_capitis_cluster_453_EEE50114.1	219	72.1461	3
Staphylococcus_capitis_cluster_492_EEE50110.1	501	67.4651	3
Staphylococcus_capitis_cluster_5112_PTH17135.1	255	83.5294	3
Staphylococcus_capitis_cluster_5238_NMK82585.1	641	84.5554	18
Staphylococcus_capitis_cluster_524_LKDGHIDE_01217	417	59.9520	3
Staphylococcus_capitis_cluster_5823_PAK56045.1	285	59.6491	11
Staphylococcus_capitis_cluster_5824_PAK56046.1	411	63.0170	10
Staphylococcus_capitis_cluster_5825_PAK56044.1	492	91.4634	85
Staphylococcus_capitis_cluster_5828_PAK56038.1	270	86.2963	24
Staphylococcus_capitis_cluster_624_OAO28034.1	366	87.4317	3
Staphylococcus_capitis_cluster_634_EEE50083.1	318	53.4591	15
Staphylococcus_capitis_cluster_668_BAW90188.1	354	100.0000	27
Staphylococcus_capitis_cluster_669_EEE50331.1	624	83.6538	31
Staphylococcus_capitis_cluster_7682_MBC8781676.1	279	53.7634	1
Staphylococcus_capitis_cluster_812_EEE49655.1	1011	50.5440	6
Staphylococcus_capitis_cluster_877_EEE48887.1	1407	50.4620	22
Staphylococcus_capitis_cluster_87_EEE49196.1	399	57.6441	2
Staphylococcus_capitis_cluster_964_EEE49528.1	600	59.0000	51
Staphylococcus_epidermidis_cluster_10267_SUM27994.1	243	61.7284	1
Staphylococcus_epidermidis_cluster_1062_AAO05417.1	582	51.5464	31
Staphylococcus_epidermidis_cluster_1067_AAO05451.1	186	72.5806	1
Staphylococcus_epidermidis_cluster_1130_OAW83926.1	272	55.1471	1
Staphylococcus_epidermidis_cluster_11515_NKHJFNHN_01923	243	61.7284	4
Staphylococcus_epidermidis_cluster_11604_KAB2156844.1	434	92.8571	99
Staphylococcus_epidermidis_cluster_1181_PKF63251.1	255	59.6078	7
Staphylococcus_epidermidis_cluster_1181_TES21798.1	192	78.1250	3
Staphylococcus_epidermidis_cluster_118_AAO04389.1	978	55.9305	14
Staphylococcus_epidermidis_cluster_1230_AAO04496.1	189	99.4709	22
Staphylococcus_epidermidis_cluster_12315_LLIDNLDE_01369	435	67.8161	10
Staphylococcus_epidermidis_cluster_1259_DGJNNMBL_01055	204	75.4902	9
Staphylococcus_epidermidis_cluster_1259_RUN67834.1	168	77.3810	5
Staphylococcus_epidermidis_cluster_125_AAO05440.1	366	84.6995	3
Staphylococcus_epidermidis_cluster_1350_AAW55095.1	1413	53.3616	26
Staphylococcus_epidermidis_cluster_1350_EHR92960.1	636	85.6918	28
Staphylococcus_epidermidis_cluster_13596_KAB2187852.1	330	90.0000	81
Staphylococcus_epidermidis_cluster_13653_EHM73188.1	318	50.9434	27
Staphylococcus_epidermidis_cluster_1370_AAW54312.1	234	66.6667	10
Staphylococcus_epidermidis_cluster_13771_ATQ49465.1	237	56.5401	10
Staphylococcus_epidermidis_cluster_14449_EJE08144.1	288	52.0833	8
Staphylococcus_epidermidis_cluster_15064_CJEIEGJD_00399	204	73.5294	10
Staphylococcus_epidermidis_cluster_151_AAO04510.1	276	53.9855	1
Staphylococcus_epidermidis_cluster_15418_OHHODFFI_01857	375	68.5333	31
Staphylococcus_epidermidis_cluster_154_HDIABDIM_01788	408	72.0588	2
Staphylococcus_epidermidis_cluster_1552_EHM73369.1	279	53.7634	12
Staphylococcus_epidermidis_cluster_15799_PIH11581.1	313	94.5687	15
Staphylococcus_epidermidis_cluster_15820_PIH11554.1	451	50.5543	17
Staphylococcus_epidermidis_cluster_16316_RFT43323.1	183	69.9454	8
Staphylococcus_epidermidis_cluster_16320_RFT43308.1	1116	85.0358	332
Staphylococcus_epidermidis_cluster_16568_TBW82550.1	440	53.1818	11
Staphylococcus_epidermidis_cluster_16582_TBW82437.1	279	55.1971	19
Staphylococcus_epidermidis_cluster_16591_TBW82352.1	415	58.0723	14
Staphylococcus_epidermidis_cluster_16619_TBW82202.1	263	57.4144	18
Staphylococcus_epidermidis_cluster_16668_TBW84090.1	573	51.8325	10
Staphylococcus_epidermidis_cluster_16765_TBW74260.1	296	50.6757	1
Staphylococcus_epidermidis_cluster_17855_FPEIHDKK_01439	150	82.6667	1
Staphylococcus_epidermidis_cluster_1879_EJE36128.1	370	53.5135	7
Staphylococcus_epidermidis_cluster_1879_OUL37894.1	165	90.9091	5
Staphylococcus_epidermidis_cluster_1881_AAW53604.1	180	74.4444	1
Staphylococcus_epidermidis_cluster_19153_KAB2187853.1	147	92.5170	1
Staphylococcus_epidermidis_cluster_19845_JPOOMPKJ_02319	534	53.9326	28
Staphylococcus_epidermidis_cluster_21303_MBC3043462.1	225	78.6667	12
Staphylococcus_epidermidis_cluster_2306_IMJIAOPL_02413	231	63.2035	3
Staphylococcus_epidermidis_cluster_2534_PIK00144.1	1354	56.9424	19
Staphylococcus_epidermidis_cluster_2582_KSZ65940.1	315	70.1587	5
Staphylococcus_epidermidis_cluster_2606_NAM84749.1	550	54.5455	5
Staphylococcus_epidermidis_cluster_2682_EJE28432.1	295	50.8475	1
Staphylococcus_epidermidis_cluster_269_EES57047.1	285	89.8246	27
Staphylococcus_epidermidis_cluster_3075_RUN38671.1	630	56.3492	13
Staphylococcus_epidermidis_cluster_321_AAO05447.1	501	85.2295	6
Staphylococcus_epidermidis_cluster_327_CGNABMDL_00697	789	50.9506	12
Staphylococcus_epidermidis_cluster_360_AAO04920.1	261	65.1341	2
Staphylococcus_epidermidis_cluster_3724_EFV88588.1	294	51.0204	1
Staphylococcus_epidermidis_cluster_373_EES57070.1	474	55.9072	15
Staphylococcus_epidermidis_cluster_374_AAO05445.1	441	80.9524	35
Staphylococcus_epidermidis_cluster_375_AAO05460.1	354	99.7175	20
Staphylococcus_epidermidis_cluster_375_IPODECOB_00723	201	71.1443	3
Staphylococcus_epidermidis_cluster_397_AAO04157.1	1518	58.9592	48
Staphylococcus_epidermidis_cluster_3996_ESR04021.1	281	53.3808	10
Staphylococcus_epidermidis_cluster_433_AAO05463.1	276	78.6232	17
Staphylococcus_epidermidis_cluster_445_AAO05711.1	282	82.2695	28
Staphylococcus_epidermidis_cluster_4466_PNEHNPAI_00173	456	59.6491	2
Staphylococcus_epidermidis_cluster_4999_EJD92588.1	189	79.3651	1
Staphylococcus_epidermidis_cluster_5164_JLBACLEE_02140	396	79.7980	39
Staphylococcus_epidermidis_cluster_51_RIL82317.1	264	70.8333	6
Staphylococcus_epidermidis_cluster_560_EES59166.1	1236	82.6861	55
Staphylococcus_epidermidis_cluster_5783_PNEHNPAI_02148	255	50.9804	2
Staphylococcus_epidermidis_cluster_5793_EJE28498.1	243	61.7284	1
Staphylococcus_epidermidis_cluster_602_AAO03901.1	369	59.0786	2
Staphylococcus_epidermidis_cluster_604_AAO03907.1	471	54.1401	18
Staphylococcus_epidermidis_cluster_6229_OADGJFMJ_02498	321	50.4673	8
Staphylococcus_epidermidis_cluster_687_PIH35658.1	1023	50.5376	36
Staphylococcus_epidermidis_cluster_699_EFA88158.1	426	63.8498	2
Staphylococcus_epidermidis_cluster_7343_JPOOMPKJ_00653	213	93.8967	5
Staphylococcus_epidermidis_cluster_735_EJE25917.1	177	85.3107	14
Staphylococcus_epidermidis_cluster_740_AAO05948.1	318	64.4654	12
Staphylococcus_epidermidis_cluster_7975_AAO05906.1	234	51.7094	9
Staphylococcus_epidermidis_cluster_837_AAO05694.1	414	53.6232	28
Staphylococcus_epidermidis_cluster_877_TES42741.1	262	52.6718	1
Staphylococcus_epidermidis_cluster_914_ESV28701.1	291	51.5464	1
Staphylococcus_epidermidis_cluster_9247_KBELIHHK_00728	231	84.4156	12
Staphylococcus_epidermidis_cluster_9377_SUM16719.1	267	56.1798	4
Staphylococcus_epidermidis_cluster_9423_EPP70048.1	429	73.4266	19
Staphylococcus_epidermidis_cluster_95_AAO05461.1	279	91.0394	14
Staphylococcus_epidermidis_cluster_95_EES57042.1	327	77.6758	10
Staphylococcus_epidermidis_cluster_99_AAW55137.1	183	98.3607	20
Staphylococcus_epidermidis_cluster_9_AAO04231.1	360	54.1667	32
Staphylococcus_hominis_cluster_1013_EEK12422.1	441	70.2948	11
Staphylococcus_hominis_cluster_1015_CFDOKOKA_01963	495	50.3030	34
Staphylococcus_hominis_cluster_1023_CJDMGLKJ_00989	915	67.4317	7
Staphylococcus_hominis_cluster_1029_EEK12870.1	282	93.6170	35
Staphylococcus_hominis_cluster_1052_EEK12642.1	276	100.0000	28
Staphylococcus_hominis_cluster_1054_EEK12775.1	441	55.7823	30
Staphylococcus_hominis_cluster_105_EEK13068.1	2610	53.0651	113
Staphylococcus_hominis_cluster_106_EEK12713.1	834	96.6427	247
Staphylococcus_hominis_cluster_108_EEK12220.1	1263	53.9192	32
Staphylococcus_hominis_cluster_1109_CFDOKOKA_00177	1668	65.2878	95
Staphylococcus_hominis_cluster_1109_KAF1684944.1	1398	56.3662	50
Staphylococcus_hominis_cluster_1116_CFDOKOKA_02278	435	69.4253	48
Staphylococcus_hominis_cluster_111_EEK13097.1	1305	83.6015	370
Staphylococcus_hominis_cluster_1165_EEK13222.1	1524	74.8688	102
Staphylococcus_hominis_cluster_1181_MBC3060580.1	234	83.3333	21
Staphylococcus_hominis_cluster_11_EEK12755.1	399	75.1880	8
Staphylococcus_hominis_cluster_1212_EFS19859.1	198	67.1717	9
Staphylococcus_hominis_cluster_123_EEK13038.1	978	67.4847	121
Staphylococcus_hominis_cluster_124_EEK11791.1	1740	56.0345	117
Staphylococcus_hominis_cluster_1262_NMMHIOPB_00852	312	77.2436	41
Staphylococcus_hominis_cluster_1274_BFJCFADM_01416	543	50.2762	22
Staphylococcus_hominis_cluster_1308_GDNFILKI_01329	201	74.6269	4
Staphylococcus_hominis_cluster_1341_EEK11187.1	264	66.6667	13
Staphylococcus_hominis_cluster_1355_EEK11952.1	1995	50.0752	108
Staphylococcus_hominis_cluster_1357_EEK11846.1	891	65.3199	94
Staphylococcus_hominis_cluster_1358_EEK11669.1	1503	85.8283	229
Staphylococcus_hominis_cluster_1362_EEK12114.1	462	78.3550	36
Staphylococcus_hominis_cluster_136_EEK12150.1	471	100.0000	106
Staphylococcus_hominis_cluster_1376_EEK12731.1	372	84.6774	24
Staphylococcus_hominis_cluster_137_EEK12203.1	309	84.4660	12
Staphylococcus_hominis_cluster_1392_EEK12955.1	1113	67.3854	180
Staphylococcus_hominis_cluster_1396_PNZ80137.1	203	73.8916	14
Staphylococcus_hominis_cluster_1396_RIO52112.1	262	57.2519	6
Staphylococcus_hominis_cluster_140_EEK13212.1	249	78.3133	70
Staphylococcus_hominis_cluster_1420_EEK12254.1	633	81.8325	32
Staphylococcus_hominis_cluster_142_EEK13002.1	1407	60.2701	148
Staphylococcus_hominis_cluster_146_EEK12664.1	1494	60.5087	75
Staphylococcus_hominis_cluster_1478_EEK12629.1	330	85.1515	10
Staphylococcus_hominis_cluster_1494_EEK11476.1	498	60.8434	24
Staphylococcus_hominis_cluster_1494_NMMHIOPB_01801	390	50.5128	25
Staphylococcus_hominis_cluster_14_EEK12592.1	945	87.3016	66
Staphylococcus_hominis_cluster_1520_EEK12120.1	1185	97.1308	538
Staphylococcus_hominis_cluster_1523_EEK12318.1	468	66.4530	46
Staphylococcus_hominis_cluster_1528_EEK13115.1	1305	70.4215	114
Staphylococcus_hominis_cluster_1562_EEK12133.1	609	65.0246	76
Staphylococcus_hominis_cluster_1572_EFS20334.1	228	51.7544	12
Staphylococcus_hominis_cluster_1584_EFS19867.1	216	66.6667	25
Staphylococcus_hominis_cluster_1606_EEK11467.1	195	76.9231	1
Staphylococcus_hominis_cluster_16_EEK12340.1	189	96.8254	90
Staphylococcus_hominis_cluster_1723_IGNLOFGL_00421	738	55.8266	24
Staphylococcus_hominis_cluster_1726_CFDOKOKA_00921	600	59.3333	9
Staphylococcus_hominis_cluster_1735_KMU54697.1	270	80.3704	18
Staphylococcus_hominis_cluster_1737_EEK11999.1	453	51.4349	32
Staphylococcus_hominis_cluster_1767_CFDOKOKA_00422	393	66.6667	18
Staphylococcus_hominis_cluster_176_EEK12996.1	906	52.2075	51
Staphylococcus_hominis_cluster_1788_CJDMGLKJ_01447	1725	56.6377	68
Staphylococcus_hominis_cluster_1794_EFS19481.1	240	62.5000	13
Staphylococcus_hominis_cluster_1845_CJDMGLKJ_00709	288	52.0833	3
Staphylococcus_hominis_cluster_1845_EFS19689.1	348	90.5172	22
Staphylococcus_hominis_cluster_1847_FJDKIKGG_00483	468	57.9060	28
Staphylococcus_hominis_cluster_1857_SUM71984.1	906	61.4790	16
Staphylococcus_hominis_cluster_1895_NMD91446.1	252	65.0794	6
Staphylococcus_hominis_cluster_18_EEK12538.1	402	69.4030	39
Staphylococcus_hominis_cluster_195_EEK12269.1	750	69.8667	47
Staphylococcus_hominis_cluster_197_EEK13190.1	297	86.8687	45
Staphylococcus_hominis_cluster_1984_NMD90689.1	1004	60.7570	54
Staphylococcus_hominis_cluster_2089_HINOEOEK_01474	381	72.1785	4
Staphylococcus_hominis_cluster_223_EEK12683.1	264	69.3182	16
Staphylococcus_hominis_cluster_230_OUL45528.1	2100	78.1905	328
Staphylococcus_hominis_cluster_2310_POIADMDG_01589	258	92.2481	10
Staphylococcus_hominis_cluster_2387_MGLLPJKD_01990	255	57.2549	23
Staphylococcus_hominis_cluster_23_EEK12315.1	624	51.9231	27
Staphylococcus_hominis_cluster_243_EEK12400.1	276	94.2029	48
Staphylococcus_hominis_cluster_249_EEK13218.1	570	63.6842	55
Staphylococcus_hominis_cluster_2503_CFDOKOKA_01199	156	88.4615	9
Staphylococcus_hominis_cluster_252_EEK11188.1	2133	58.9780	109
Staphylococcus_hominis_cluster_25_EEK12764.1	663	82.0513	150
Staphylococcus_hominis_cluster_261_EEK12429.1	879	78.7258	53
Staphylococcus_hominis_cluster_262_EEK12728.1	237	63.2911	1
Staphylococcus_hominis_cluster_265_EEK12584.1	279	78.8530	131
Staphylococcus_hominis_cluster_271_EEK12981.1	423	82.0331	6
Staphylococcus_hominis_cluster_273_EEK12899.1	603	71.6418	84
Staphylococcus_hominis_cluster_2958_AEFENNFG_00340	285	62.1053	3
Staphylococcus_hominis_cluster_2962_EFS20463.1	213	70.4225	5
Staphylococcus_hominis_cluster_297_EEK11138.1	303	52.1452	6
Staphylococcus_hominis_cluster_300_EEK11193.1	402	78.1095	46
Staphylococcus_hominis_cluster_307_EEK13053.1	396	90.6566	37
Staphylococcus_hominis_cluster_31_EEK12117.1	3552	56.5878	172
Staphylococcus_hominis_cluster_3361_OAO07850.1	330	70.9091	16
Staphylococcus_hominis_cluster_33_EEK12127.1	696	100.0000	150
Staphylococcus_hominis_cluster_3477_PJM31963.1	1896	52.0570	138
Staphylococcus_hominis_cluster_347_EEK11159.1	315	53.0159	26
Staphylococcus_hominis_cluster_352_EEK13010.1	576	54.6875	46
Staphylococcus_hominis_cluster_3545_PTK29094.1	422	52.3697	8
Staphylococcus_hominis_cluster_35_EEK11114.1	1620	54.9383	139
Staphylococcus_hominis_cluster_3738_AKFFDIAF_02162	153	98.0392	7
Staphylococcus_hominis_cluster_395_EEK12204.1	1317	60.5923	70
Staphylococcus_hominis_cluster_398_EEK12606.1	363	89.5317	40
Staphylococcus_hominis_cluster_41_EEK12563.1	624	58.3333	58
Staphylococcus_hominis_cluster_4207_CFDOKOKA_01456	357	59.9440	19
Staphylococcus_hominis_cluster_423_EEK12689.1	192	95.3125	56
Staphylococcus_hominis_cluster_425_EEK13113.1	1989	52.8909	127
Staphylococcus_hominis_cluster_428_PJM32874.1	399	95.2381	71
Staphylococcus_hominis_cluster_433_EEK11305.1	951	83.1756	201
Staphylococcus_hominis_cluster_452_CFDOKOKA_02312	291	72.1649	40
Staphylococcus_hominis_cluster_45_EEK13041.1	1008	70.8333	100
Staphylococcus_hominis_cluster_4796_MGLLPJKD_01652	336	93.4524	45
Staphylococcus_hominis_cluster_4798_MGLLPJKD_02005	795	63.3962	27
Staphylococcus_hominis_cluster_489_MBB4832320.1	552	82.9710	34
Staphylococcus_hominis_cluster_48_EEK12334.1	723	76.9018	67
Staphylococcus_hominis_cluster_49_EEK12883.1	1197	70.5096	76
Staphylococcus_hominis_cluster_509_CFDOKOKA_00699	726	77.8237	42
Staphylococcus_hominis_cluster_518_EEK12162.1	261	98.0843	44
Staphylococcus_hominis_cluster_5193_PJM55231.1	511	58.7084	2
Staphylococcus_hominis_cluster_527_EEK12490.1	531	62.3352	11
Staphylococcus_hominis_cluster_563_OJH01662.1	186	88.1720	16
Staphylococcus_hominis_cluster_56_EEK13079.1	381	52.4934	5
Staphylococcus_hominis_cluster_573_EEK11426.1	504	50.1984	16
Staphylococcus_hominis_cluster_634_EEK12384.1	744	51.6129	18
Staphylococcus_hominis_cluster_6356_QGR78435.1	174	69.5402	12
Staphylococcus_hominis_cluster_640_EEK12562.1	201	75.1244	27
Staphylococcus_hominis_cluster_6609_PNZ79792.1	371	97.8437	90
Staphylococcus_hominis_cluster_664_EEK13109.1	1113	77.1788	107
Staphylococcus_hominis_cluster_675_EFS18338.1	666	62.0120	54
Staphylococcus_hominis_cluster_67_EEK12992.1	942	60.9342	110
Staphylococcus_hominis_cluster_6855_PNZ79918.1	266	56.3910	3
Staphylococcus_hominis_cluster_6_EEK12436.1	351	88.3191	84
Staphylococcus_hominis_cluster_70_EEK12839.1	1293	55.2204	69
Staphylococcus_hominis_cluster_715_EEK11256.1	252	100.0000	28
Staphylococcus_hominis_cluster_71_EEK12766.1	654	92.0489	170
Staphylococcus_hominis_cluster_738_EEK11726.1	801	50.6866	15
Staphylococcus_hominis_cluster_74_EEK12798.1	651	85.7143	110
Staphylococcus_hominis_cluster_751_KDFOLPIA_00113	1200	59.0000	98
Staphylococcus_hominis_cluster_7559_OAO07814.1	228	65.7895	8
Staphylococcus_hominis_cluster_759_FDGOLHGC_00258	453	61.3687	7
Staphylococcus_hominis_cluster_764_CFDOKOKA_02006	1005	59.3035	29
Staphylococcus_hominis_cluster_765_EEK12187.1	414	85.5072	28
Staphylococcus_hominis_cluster_775_KDFOLPIA_01170	687	73.7991	66
Staphylococcus_hominis_cluster_781_EEK12536.1	1413	59.5895	39
Staphylococcus_hominis_cluster_781_EOCLIMOB_00086	876	65.8676	32
Staphylococcus_hominis_cluster_78_EEK12855.1	438	71.9178	55
Staphylococcus_hominis_cluster_80_EEK12503.1	438	50.2283	32
Staphylococcus_hominis_cluster_832_EEK12987.1	309	99.3528	52
Staphylococcus_hominis_cluster_837_EEK13057.1	858	60.6061	60
Staphylococcus_hominis_cluster_8525_IGNLOFGL_01728	357	52.9412	18
Staphylococcus_hominis_cluster_86_TRL63730.1	606	91.7492	77
Staphylococcus_hominis_cluster_877_EEK11192.1	312	83.3333	11
Staphylococcus_hominis_cluster_877_KDFOLPIA_02144	360	93.3333	39
Staphylococcus_hominis_cluster_88_EEK12644.1	501	99.6008	132
Staphylococcus_hominis_cluster_8_CFDOKOKA_02114	177	80.2260	34
Staphylococcus_hominis_cluster_9141_PJPFLHFM_01075	399	76.4411	31
Staphylococcus_hominis_cluster_921_KMU59016.1	195	76.9231	9
Staphylococcus_hominis_cluster_924_EEK11609.1	480	57.0833	2
Staphylococcus_hominis_cluster_939_EEK11988.1	384	56.5104	22
Staphylococcus_hominis_cluster_93_EEK12874.1	366	100.0000	140
Staphylococcus_hominis_cluster_986_CFDOKOKA_00135	1734	76.2399	150
Staphylococcus_hominis_cluster_98_EEK12608.1	390	78.4615	34
Staphylococcus_hominis_cluster_9_EEK12612.1	435	92.8736	77
