17.10	2428147	0	0	unclassified
39.53	5613497	318455665	1243160	 Cutibacterium
0.04	6042	65984	11139	 Tessaracoccus
0.03	3553	155478	79044	 Arachnia
0.02	3434	25827	5696	 Microlunatus
0.01	1555	16183	4374	 Acidipropionibacterium
0.01	1275	14063	3330	 Brevilactibacter
0.01	1246	11148	2728	 Propionibacterium
0.01	803	5866	1177	 Auraticoccus
0.00	429	3762	668	 Raineyella
0.00	35	455	199	 Propionimicrobium
0.34	48638	604101	199741	 Nocardioides
0.03	3734	31544	5267	 Aeromicrobium
0.01	1370	9680	1924	 Marmoricola
0.01	953	7040	1394	 Friedmanniella
0.01	930	6728	1427	 Pimelobacter
0.00	653	5216	849	 Mumia
0.00	580	4409	1025	 Micropruina
0.01	1558	13806	2261	 Kribbella
0.00	505	4926	903	 Actinopolymorpha
5.62	797727	36516069	1034898	 Micrococcus
0.07	9973	73728	12236	 Arthrobacter
0.05	7760	143146	55031	 Kocuria
0.03	3717	114739	57122	 Rothia
0.01	1417	11039	2032	 Pseudarthrobacter
0.01	1227	8469	1353	 Sinomonas
0.01	893	7581	1855	 Glutamicibacter
0.00	580	5511	1070	 Citricoccus
0.00	282	6130	378	 Auritidibacter
0.00	221	2162	505	 Paenarthrobacter
0.00	166	2476	1002	 Zhihengliuella
0.00	162	1476	429	 Nesterenkonia
0.00	135	823	201	 Paeniglutamicibacter
0.00	76	366	67	 Renibacterium
0.00	37	522	186	 Neomicrococcus
0.00	37	557	117	 Psychromicrobium
1.16	164912	2234118	165985	 Janibacter
0.05	7469	46651	4050	 Phycicoccus
0.02	2555	17221	1566	 Pedococcus
0.02	2550	16944	1521	 Intrasporangium
0.02	2290	15381	1507	 Arsenicicoccus
0.01	1821	13331	1285	 Tetrasphaera
0.74	104781	3983551	574623	 Dermacoccus
0.01	1676	27262	3473	 Yimella
0.01	1612	10807	1833	 Luteipulveratus
0.30	42193	668021	221941	 Microbacterium
0.03	4788	56601	5113	 Protaetiibacter
0.03	3614	23582	4666	 Curtobacterium
0.02	3211	22071	4744	 Agromyces
0.02	3183	23959	5131	 Rathayibacter
0.02	2292	17056	4323	 Agrococcus
0.02	2167	14387	3009	 Leifsonia
0.01	1952	15685	2979	 Leucobacter
0.01	1791	11192	2290	 Clavibacter
0.01	761	5498	1288	 Cryobacterium
0.01	737	6021	1393	 Salinibacterium
0.00	646	4556	915	 Frondihabitans
0.00	639	4604	881	 Plantibacter
0.00	592	3324	585	 Chryseoglobus
0.00	562	3974	855	 Microterricola
0.00	521	3042	646	 Herbiconiux
0.00	479	2942	563	 Frigoribacterium
0.00	460	3665	918	 Humibacter
0.00	421	2997	510	 Gryllotalpicola
0.00	329	2204	470	 Mycetocola
0.00	298	1687	358	 Marisediminicola
0.00	242	1842	426	 Microcella
0.00	236	1430	311	 Cnuibacter
0.00	175	1332	298	 Glaciihabitans
0.00	160	1177	297	 Diaminobutyricimonas
0.00	143	1228	275	 Agreia
0.00	108	1151	247	 Subtercola
0.00	93	648	150	 Aurantimicrobium
0.00	40	259	50	 Pontimonas
0.00	16	401	118	 Rhodoluna
0.00	15	213	75	 Aquiluna
0.07	9572	69164	10440	 Cellulomonas
0.01	784	5312	760	 Actinotalea
0.00	453	3865	704	 Pseudactinotalea
0.00	388	3156	501	 Paraoerskovia
0.00	370	3299	580	 Oerskovia
0.04	5665	57011	4212	 Serinicoccus
0.04	5360	40877	4873	 Ornithinimicrobium
0.07	10591	252254	103761	 Brevibacterium
0.06	8668	80848	28841	 Brachybacterium
0.01	1195	32594	14045	 Dermabacter
0.00	113	842	187	 Devriesea
0.04	5779	149776	66278	 Cellulosimicrobium
0.01	1285	8890	1556	 Isoptericola
0.01	1196	7587	1310	 Xylanimonas
0.00	624	4077	711	 Xylanimicrobium
0.01	1999	14640	2302	 Georgenia
0.01	1900	25492	7261	 Kytococcus
0.01	914	5961	864	 Miniimonas
0.00	616	4739	866	 Beutenbergia
0.01	1343	10077	2002	 Ruania
0.01	1152	7873	1174	 Sanguibacter
0.00	587	5275	616	 Mobilicoccus
0.00	472	3659	494	 Austwickia
0.00	83	1103	171	 Dermatophilus
0.01	750	4712	741	 Luteimicrobium
0.00	46	362	79	 Jonesia
0.58	82718	1781032	718989	 Mycolicibacterium
0.33	46175	448599	171373	 Mycobacterium
0.11	15867	186289	60399	 Mycobacteroides
0.01	1905	13226	3526	 Mycolicibacter
0.00	190	1294	261	 Hoyosella
0.93	131989	4753052	1269300	 Corynebacterium
0.15	21560	305213	110734	 Rhodococcus
0.08	11492	82500	17605	 Nocardia
0.13	18488	471180	208486	 Gordonia
0.00	428	4578	898	 Skermania
0.10	14858	90824	5003	 Lawsonella
0.02	2701	44665	15547	 Dietzia
0.02	2231	21134	6228	 Tsukamurella
0.00	698	7478	1364	 Tomitella
0.00	193	1744	333	 Segniliparus
0.68	96392	600488	58713	 Pseudonocardia
0.13	18168	120102	18374	 Amycolatopsis
0.04	5271	34677	4964	 Saccharothrix
0.04	5217	35115	5920	 Saccharopolyspora
0.02	3418	25681	3932	 Saccharomonospora
0.02	2875	20296	3091	 Kutzneria
0.01	2006	14598	2217	 Actinoalloteichus
0.01	1994	13136	1973	 Actinosynnema
0.01	1476	10288	1509	 Lentzea
0.01	1468	9381	1352	 Allokutzneria
0.01	1057	7973	1282	 Kibdelosporangium
0.01	969	7586	1186	 Alloactinosynnema
0.00	638	4437	676	 Prauserella
0.75	106143	674429	131151	 Streptomyces
0.01	1728	12702	2819	 Kitasatospora
0.01	1380	10304	2168	 Streptacidiphilus
0.11	15417	102870	19045	 Micromonospora
0.06	7889	58262	9894	 Actinoplanes
0.01	1783	12327	2283	 Phytohabitans
0.01	1406	9333	1822	 Plantactinospora
0.01	1374	10202	1869	 Actinocatenispora
0.01	1354	9086	1594	 Dactylosporangium
0.01	866	6399	1263	 Catellatospora
0.00	690	4402	883	 Polymorphospora
0.00	355	2314	438	 Verrucosispora
0.00	349	2353	374	 Salinispora
0.16	22468	683547	303274	 Actinomyces
0.02	3035	45412	21266	 Schaalia
0.00	610	13317	6131	 Pauljensenia
0.00	311	4358	811	 Flaviflexus
0.00	239	1585	397	 Arcanobacterium
0.00	196	2149	566	 Trueperella
0.00	112	2731	1081	 Actinotignum
0.00	96	895	320	 Mobiluncus
0.00	81	929	219	 Winkia
0.00	52	481	69	 Boudabousia
0.00	48	510	134	 Actinobaculum
0.00	6	254	99	 Fannyhessea
0.03	4136	29596	5287	 Nonomuraea
0.01	1190	9472	1937	 Streptosporangium
0.00	646	4796	765	 Thermobispora
0.03	3863	29532	5199	 Actinomadura
0.01	1173	9362	1731	 Thermomonospora
0.02	2318	18123	3442	 Nocardiopsis
0.00	627	10059	692	 Thermobifida
0.00	523	3634	693	 Streptomonospora
0.02	2411	15841	1983	 Geodermatophilus
0.01	1669	12040	1810	 Modestobacter
0.01	970	7439	1150	 Blastococcus
0.03	4480	61516	22211	 Nakamurella
0.02	3504	25923	4549	 Frankia
0.02	2287	17799	2901	 Jiangella
0.01	1251	13526	3410	 Bifidobacterium
0.00	66	1045	585	 Gardnerella
0.00	18	115	17	 Scardovia
0.00	10	226	64	 Parascardovia
0.01	853	8770	3235	 Epidermidibacterium
0.01	762	7344	1080	 Kineococcus
0.00	705	6222	1055	 Catenulispora
0.00	401	3313	699	 Stackebrandtia
0.00	60	517	135	 Natronoglycomyces
0.00	365	2670	497	 Jatrophihabitans
0.00	352	3848	637	 Actinopolyspora
0.00	122	788	197	 Candidatus Planktophila
0.00	30	75	22	 Candidatus Nanopelagicus
0.00	74	964	193	 Acidothermus
0.03	4590	30917	9125	 Conexibacter
0.01	746	6626	1669	 Miltoncostaea
0.01	1819	11824	3418	 Baekduia
0.01	848	8234	2265	 Rubrobacter
0.01	856	8295	2675	 Iamia
0.00	537	4650	1102	 Aquihabitans
0.00	263	3292	755	 Actinomarinicola
0.00	214	2124	472	 Ilumatobacter
0.00	37	648	150	 Acidimicrobium
0.01	729	21101	10995	 Olsenella
0.00	63	638	140	 Parolsenella
0.00	62	1399	870	 Lancefieldella
0.00	35	382	106	 Parafannyhessea
0.00	24	175	42	 Atopobium
0.00	55	782	207	 Collinsella
0.00	14	252	78	 Coriobacterium
0.00	139	1591	553	 Eggerthella
0.00	92	824	235	 Gordonibacter
0.00	54	674	196	 Adlercreutzia
0.00	36	457	131	 Arabia
0.00	34	398	98	 Slackia
0.00	27	264	91	 Berryella
0.00	21	166	58	 Denitrobacterium
0.00	3	18	7	 Phoenicibacter
0.00	392	3901	908	 Egicoccus
0.00	377	3120	640	 Euzebya
0.00	305	2781	581	 Egibacter
0.41	58235	3263589	682596	 Listeria
0.00	1	52	44	 Brochothrix
0.27	38571	1992689	988903	 Staphylococcus
0.00	80	1270	708	 Macrococcus
0.00	45	2159	1336	 Jeotgalicoccus
0.00	30	727	426	 Mammaliicoccus
0.00	6	53	19	 Salinicoccus
0.00	6	356	168	 Nosocomiicoccus
0.00	1	20	16	 Abyssicoccus
0.04	6319	313000	177421	 Bacillus
0.01	830	37105	22370	 Cytobacillus
0.00	456	21802	12408	 Priestia
0.00	409	2685	1710	 Oceanobacillus
0.00	100	3907	2227	 Sutcliffiella
0.00	92	2061	806	 Geobacillus
0.00	67	370	76	 Anoxybacillus
0.00	56	352	213	 Virgibacillus
0.00	46	528	156	 Hydrogenibacillus
0.00	44	1057	623	 Alkalihalobacillus
0.00	28	355	159	 Lysinibacillus
0.00	23	157	60	 Rossellomorea
0.00	17	259	207	 Metabacillus
0.00	17	79	40	 Pontibacillus
0.00	17	138	46	 Weizmannia
0.00	17	224	70	 Salicibibacter
0.00	16	154	35	 Terribacillus
0.00	15	210	70	 Peribacillus
0.00	15	289	205	 Neobacillus
0.00	14	136	52	 Lentibacillus
0.00	13	54	16	 Paraliobacillus
0.00	11	141	43	 Psychrobacillus
0.00	11	48	13	 Caldalkalibacillus
0.00	11	68	35	 Niallia
0.00	8	24	15	 Anaerobacillus
0.00	7	60	20	 Gracilibacillus
0.00	5	94	44	 Parageobacillus
0.00	5	40	28	 Fictibacillus
0.00	5	71	20	 Aeribacillus
0.00	5	40	29	 Lederbergia
0.00	5	33	21	 Evansella
0.00	5	102	49	 Heyndrickxia
0.00	4	29	15	 Salimicrobium
0.00	3	97	36	 Halobacillus
0.00	3	91	32	 Mesobacillus
0.00	3	101	91	 Caldibacillus
0.00	2	17	13	 Radiobacillus
0.00	2	9	8	 Sediminibacillus
0.00	1	15	13	 Pradoshia
0.01	1681	14426	4806	 Paenibacillus
0.00	147	1130	351	 Cohnella
0.00	124	1255	396	 Brevibacillus
0.00	76	931	379	 Thermobacillus
0.00	57	425	143	 Saccharibacillus
0.00	9	123	33	 Aneurinibacillus
0.01	970	25392	15256	 Gemella
0.00	57	1249	564	 Exiguobacterium
0.00	70	635	224	 Planococcus
0.00	28	376	152	 Sporosarcina
0.00	15	156	95	 Kurthia
0.00	14	164	107	 Rummeliibacillus
0.00	12	86	54	 Ureibacillus
0.00	7	74	35	 Solibacillus
0.00	5	40	17	 Jeotgalibacillus
0.00	3	29	13	 Viridibacillus
0.00	3	34	19	 Paenisporosarcina
0.00	82	869	269	 Alicyclobacillus
0.00	28	469	149	 Tumebacillus
0.00	20	439	94	 Kyrpidia
0.00	13	201	46	 Staphylospora
0.00	10	185	56	 Kroppenstedtia
0.00	7	93	30	 Polycladomyces
0.00	6	86	31	 Novibacillus
0.00	3	99	23	 Laceyella
0.00	3	81	18	 Sporolactobacillus
0.05	6500	253924	147662	 Streptococcus
0.00	44	657	434	 Lactococcus
0.00	448	23106	13268	 Lactobacillus
0.00	62	550	282	 Lacticaseibacillus
0.00	54	484	273	 Weissella
0.00	50	1225	279	 Limosilactobacillus
0.00	30	272	188	 Leuconostoc
0.00	29	276	91	 Levilactobacillus
0.00	16	128	47	 Pediococcus
0.00	16	108	46	 Lentilactobacillus
0.00	14	213	44	 Schleiferilactobacillus
0.00	12	61	35	 Latilactobacillus
0.00	8	75	31	 Loigolactobacillus
0.00	7	66	41	 Companilactobacillus
0.00	6	279	109	 Ligilactobacillus
0.00	5	26	16	 Furfurilactobacillus
0.00	4	76	20	 Oenococcus
0.00	4	118	53	 Lactiplantibacillus
0.00	3	43	17	 Paucilactobacillus
0.00	3	50	26	 Secundilactobacillus
0.00	2	57	34	 Fructilactobacillus
0.00	2	29	18	 Apilactobacillus
0.00	2	13	5	 Amylolactobacillus
0.00	2	16	12	 Acetilactobacillus
0.00	150	3145	1980	 Granulicatella
0.00	52	2612	1694	 Dolosigranulum
0.00	10	123	41	 Jeotgalibaca
0.00	2	69	41	 Carnobacterium
0.00	73	1881	990	 Enterococcus
0.00	5	81	47	 Vagococcus
0.00	4	63	35	 Tetragenococcus
0.00	29	390	232	 Aerococcus
0.00	7	98	52	 Suicoccus
0.00	3	43	25	 Abiotrophia
0.01	1921	48612	28125	 Finegoldia
0.00	674	5930	3213	 Peptoniphilus
0.00	572	16065	9349	 Parvimonas
0.00	273	4225	2505	 Anaerococcus
0.00	25	163	121	 Helcococcus
0.00	14	261	151	 Murdochiella
0.00	3	15	8	 Tissierella
0.00	3	40	19	 Schnuerera
0.00	2	23	12	 Keratinibaculum
0.00	2	23	14	 Gudongella
0.00	3	24	17	 Gottschalkia
0.00	11	178	99	 Ezakiella
0.00	180	1871	654	 Faecalibacterium
0.00	59	791	206	 Oscillibacter
0.00	39	480	161	 Flavonifractor
0.00	37	260	64	 Ruminococcus
0.00	33	213	73	 Ruthenibacterium
0.00	28	256	74	 Caproiciproducens
0.00	22	226	40	 Acutalibacter
0.00	20	318	98	 Dysosmobacter
0.00	20	80	16	 Thermoclostridium
0.00	12	330	66	 Ethanoligenens
0.00	9	67	45	 Fastidiosipila
0.00	4	46	28	 Acetivibrio
0.00	4	28	13	 Mageeibacillus
0.00	2	44	15	 Pseudoclostridium
0.00	2	120	18	 Solibaculum
0.00	1	41	18	 Caproicibacterium
0.00	305	2512	707	 Thermaerobacter
0.00	96	1345	790	 Mogibacterium
0.00	16	122	71	 Aminipila
0.00	18	253	75	 Intestinimonas
0.00	6	192	65	 Flintibacter
0.00	5	71	14	 Carboxydocella
0.00	68	416	150	 Blautia
0.00	57	1010	604	 Lachnoanaerobaculum
0.00	32	307	98	 Lachnoclostridium
0.00	17	168	47	 Anaerocolumna
0.00	16	131	61	 Roseburia
0.00	11	271	110	 Lachnospira
0.00	10	129	37	 Anaerobutyricum
0.00	9	23	7	 Anaerotignum
0.00	8	184	94	 Anaerostipes
0.00	7	86	60	 Coprococcus
0.00	7	127	90	 Mediterraneibacter
0.00	4	76	33	 Enterocloster
0.00	3	16	10	 Pseudobutyrivibrio
0.00	3	49	30	 Butyrivibrio
0.00	3	114	49	 Lacrimispora
0.00	2	23	14	 Cellulosilyticum
0.00	2	10	5	 Herbinix
0.00	2	5	3	 Faecalicatena
0.00	212	1961	980	 Clostridium
0.00	35	148	29	 Hungatella
0.00	21	102	50	 Crassaminicella
0.00	5	29	19	 Serpentinicella
0.00	4	63	40	 Alkaliphilus
0.00	2	55	19	 Geosporobacter
0.00	1	9	7	 Sarcina
0.00	1	7	5	 Caloramator
0.00	30	244	109	 Clostridioides
0.00	26	232	111	 Filifactor
0.00	25	375	207	 Romboutsia
0.00	4	53	31	 Paeniclostridium
0.00	4	19	14	 Peptacetobacter
0.00	3	27	14	 Peptoclostridium
0.00	1	19	13	 Acetoanaerobium
0.00	1	51	20	 Paraclostridium
0.00	16	162	59	 Desulfitobacterium
0.00	16	75	17	 Desulfofarcimen
0.00	13	187	55	 Desulfotomaculum
0.00	10	152	74	 Candidatus Desulforudis
0.00	8	81	34	 Desulfosporosinus
0.00	3	25	11	 Syntrophobotulus
0.00	3	58	25	 Candidatus Formimonas
0.00	1	21	10	 Dehalobacterium
0.00	1	30	15	 Dehalobacter
0.00	68	824	237	 Symbiobacterium
0.00	56	377	109	 Christensenella
0.00	30	236	63	 Heliomicrobium
0.00	3	8	6	 Heliorestis
0.00	17	468	129	 Eubacterium
0.00	9	46	17	 Alkalibacter
0.00	2	48	22	 Acetobacterium
0.00	11	37	10	 Alkalicella
0.00	11	84	26	 Desulfoscipio
0.00	4	20	11	 Vallitalea
0.00	2	14	7	 Petrocella
0.00	3	27	22	 Caloranaerobacter
0.00	45	334	96	 Moorella
0.00	12	178	41	 Ammonifex
0.00	42	363	90	 Gelria
0.00	8	56	35	 Thermoanaerobacter
0.00	5	107	28	 Thermacetogenium
0.00	3	13	9	 Caldanaerobacter
0.00	1	14	9	 Thermanaeromonas
0.00	13	146	59	 Thermoanaerobacterium
0.00	5	120	39	 Caldicellulosiruptor
0.00	9	52	13	 Mahella
0.00	3	42	7	 Thermodesulfobium
0.00	18	53	17	 Halanaerobium
0.00	4	36	8	 Halothermothrix
0.00	1	23	5	 Halocella
0.00	4	21	7	 Acetohalobium
0.00	2	18	8	 Anoxybacter
0.00	3	45	21	 Thermosediminibacter
0.00	1	18	7	 Tepidanaerobacter
0.00	1	23	12	 Biomaibacter
0.01	1251	40045	23083	 Veillonella
0.00	30	209	77	 Dialister
0.00	23	342	85	 Megasphaera
0.00	365	5837	2613	 Selenomonas
0.00	2	34	22	 Megamonas
0.00	1	16	10	 Pectinatus
0.00	13	116	28	 Sporomusa
0.00	7	82	24	 Methylomusa
0.00	5	50	32	 Pelosinus
0.00	5	62	41	 Phascolarctobacterium
0.00	4	162	52	 Acidaminococcus
0.00	92	937	223	 Limnochorda
0.00	5	82	43	 Erysipelothrix
0.00	4	36	15	 Longicatena
0.00	3	42	33	 Faecalibacillus
0.00	2	26	19	 Bulleidia
0.00	1	9	7	 Faecalitalea
0.00	1	58	26	 Faecalibaculum
0.00	1	19	12	 Intestinibaculum
0.00	2	41	17	 Turicibacter
0.00	7	44	22	 Ndongobacter
0.04	5926	94312	37576	 Deinococcus
0.00	148	2348	653	 Thermus
0.00	101	1487	725	 Meiothermus
0.00	69	952	267	 Oceanithermus
0.00	64	486	116	 Marinithermus
0.00	78	861	241	 Truepera
0.01	1588	34875	19607	 Brasilonema
0.00	237	3271	1788	 Scytonema
0.00	332	2387	1245	 Nostoc
0.00	20	138	73	 Cylindrospermum
0.00	11	53	37	 Richelia
0.00	11	41	23	 Trichormus
0.00	10	121	57	 Anabaena
0.00	244	1977	927	 Calothrix
0.00	30	125	36	 Sphaerospermopsis
0.00	13	111	60	 Anabaenopsis
0.00	8	78	32	 Nodularia
0.00	2	18	11	 Cylindrospermopsis
0.00	1	32	17	 Dolichospermum
0.00	24	190	99	 Fischerella
0.00	8	52	27	 Microchaete
0.00	6	57	35	 Rivularia
0.00	13	61	18	 Tolypothrix
0.00	678	6576	2051	 Synechococcus
0.00	1	9	7	 Dactylococcopsis
0.00	193	1587	468	 Cyanobium
0.00	5	75	34	 Prochlorococcus
0.00	24	114	39	 Acaryochloris
0.00	17	81	24	 Chamaesiphon
0.00	10	121	48	 Synechocystis
0.00	537	5659	2114	 Leptolyngbya
0.00	13	145	47	 Kovacikia
0.00	29	132	43	 Thermoleptolyngbya
0.00	20	195	70	 Thermosynechococcus
0.00	15	155	47	 Pseudanabaena
0.00	8	95	44	 Halomicronema
0.00	36	129	70	 Moorea
0.00	26	228	99	 Oscillatoria
0.00	20	116	67	 Microcoleus
0.00	14	203	54	 Oxynema
0.00	7	40	22	 Planktothrix
0.00	3	23	13	 Arthrospira
0.00	25	148	62	 Crinalium
0.00	13	294	83	 Geitlerinema
0.00	8	45	31	 Koinonema
0.00	21	126	84	 Gloeocapsa
0.00	12	67	23	 Chondrocystis
0.00	5	48	27	 Geminocystis
0.00	27	892	554	 Microcystis
0.00	6	75	38	 Gloeothece
0.00	6	25	15	 Crocosphaera
0.00	2	18	11	 Halothece
0.00	1	22	13	 Euhalothece
0.00	2	19	9	 Rippkaea
0.00	1	16	12	 Cyanobacterium
0.00	120	999	273	 Gloeobacter
0.00	9	85	33	 Anthocerotibacter
0.00	102	1762	1019	 Chroococcidiopsis
0.00	14	47	18	 Pleurocapsa
0.00	7	58	38	 Stanieria
0.00	1	57	25	 Gloeomargarita
0.00	165	1347	312	 Sphaerobacter
0.00	25	341	97	 Thermomicrobium
0.00	109	816	220	 Roseiflexus
0.00	28	378	116	 Chloroflexus
0.00	120	1228	268	 Candidatus Promineofilum
0.00	99	975	233	 Tepidiforma
0.00	56	348	132	 Ktedonosporobacter
0.00	40	310	87	 Anaerolinea
0.00	11	88	42	 Pelolinea
0.00	4	37	17	 Brevefilum
0.00	37	368	125	 Caldilinea
0.00	25	288	77	 Dehalogenimonas
0.00	2	85	28	 Dehalococcoides
0.00	5	117	54	 Thermobaculum
0.00	19	378	180	 Mycoplasma
0.00	18	105	49	 Mycoplasmopsis
0.00	22	247	94	 Spiroplasma
0.00	3	39	21	 Mesoplasma
0.00	4	88	34	 Acholeplasma
0.00	3	41	22	 Candidatus Phytoplasma
0.00	58	646	217	 Fimbriimonas
0.00	3	76	35	 Chthonomonas
8.30	1178622	66272674	1334943	 Vibrio
0.00	44	1137	638	 Photobacterium
0.00	11	352	150	 Salinivibrio
0.00	9	268	115	 Grimontia
0.00	9	1338	211	 Aliivibrio
0.00	5	105	91	 Thaumasiovibrio
0.00	3	57	38	 Enterovibrio
0.00	1	13	13	 Paraphotobacterium
2.36	335225	18306678	861483	 Plesiomonas
0.06	7962	47478	16032	 Klebsiella
0.02	2961	39088	1457	 Escherichia
0.01	978	18897	8978	 Enterobacter
0.00	253	3047	1196	 Citrobacter
0.00	202	1732	799	 Salmonella
0.00	188	1867	706	 Cronobacter
0.00	162	1359	413	 Pluralibacter
0.00	144	1578	636	 Kosakonia
0.00	134	1101	370	 Raoultella
0.00	131	1892	878	 Leclercia
0.00	114	816	253	 Cedecea
0.00	53	658	271	 Kluyvera
0.00	52	326	68	 Jejubacter
0.00	20	276	115	 Candidatus Symbiopectobacterium
0.00	16	53	15	 Candidatus Doolittlea
0.00	6	27	19	 Candidatus Hamiltonella
0.00	1	29	22	 Candidatus Blochmannia
0.00	1	20	12	 Candidatus Hoaglandella
0.00	46	426	199	 Atlantibacter
0.00	32	154	74	 Buttiauxella
0.00	31	544	180	 Lelliottia
0.00	24	164	56	 Scandinavium
0.00	13	154	56	 Yokenella
0.00	11	83	43	 Shimwellia
0.00	8	114	67	 Phytobacter
0.00	7	96	39	 Pseudescherichia
0.00	5	49	35	 Shigella
0.00	2	15	12	 Candidatus Riesia
0.00	1	7	6	 Candidatus Schneideria
0.01	973	9514	3718	 Serratia
0.00	80	1263	560	 Yersinia
0.00	46	489	218	 Rahnella
0.00	39	382	153	 Nissabacter
0.00	25	272	83	 Gibbsiella
0.00	20	339	117	 Rouxiella
0.00	14	215	65	 Ewingella
0.00	4	129	32	 Chania
0.00	1	22	15	 Candidatus Fukatsuia
0.01	1098	10074	537	 Edwardsiella
0.00	23	238	99	 Hafnia
0.00	1	15	14	 Obesumbacterium
0.00	593	8893	4047	 Pantoea
0.00	279	2671	813	 Erwinia
0.00	108	920	308	 Mixta
0.00	45	242	103	 Buchnera
0.00	40	355	219	 Tatumella
0.00	243	2359	814	 Dickeya
0.00	182	1699	603	 Pectobacterium
0.00	101	754	280	 Brenneria
0.00	39	397	101	 Lonsdalea
0.00	142	1548	424	 Proteus
0.00	33	440	197	 Morganella
0.00	32	881	330	 Providencia
0.00	22	405	183	 Xenorhabdus
0.00	18	106	60	 Arsenophonus
0.00	13	169	108	 Photorhabdus
0.00	89	812	260	 Sodalis
0.00	25	111	38	 Leminorella
0.00	3	54	28	 Pragia
0.00	3	25	19	 Limnobaculum
0.00	1	52	26	 Jinshanibacter
0.14	20024	1012806	521002	 Acinetobacter
0.07	9499	405429	205481	 Moraxella
0.00	59	1428	661	 Psychrobacter
0.00	2	60	33	 Aquirhabdus
0.20	27727	487041	213393	 Pseudomonas
0.00	494	3796	1016	 Azotobacter
0.00	34	360	85	 Permianibacter
0.00	4	35	24	 Entomomonas
0.00	1	29	14	 Oblitimonas
0.13	18615	120692	39437	 Lysobacter
0.06	9114	138191	60255	 Stenotrophomonas
0.05	7545	138838	60829	 Luteimonas
0.05	6726	50445	16483	 Xanthomonas
0.03	3883	28645	11107	 Pseudoxanthomonas
0.03	3635	23971	7781	 Thermomonas
0.00	404	2994	928	 Arenimonas
0.00	111	945	300	 Pseudolysobacter
0.00	52	382	148	 Xylella
0.00	680	6071	1725	 Dyella
0.00	635	5503	1527	 Rhodanobacter
0.00	358	2920	880	 Dokdonella
0.00	236	1939	546	 Aerosticca
0.00	230	2163	697	 Luteibacter
0.00	100	950	263	 Ahniella
0.00	89	1062	334	 Frateuria
0.03	3995	47357	17260	 Halomonas
0.00	220	1553	354	 Salinicola
0.00	137	1390	345	 Cobetia
0.00	115	1046	291	 Halotalea
0.00	96	983	259	 Kushneria
0.00	76	692	200	 Chromohalobacter
0.00	74	610	158	 Pistricoccus
0.00	6	126	49	 Zymobacter
0.00	208	2529	758	 Alcanivorax
0.00	2	79	34	 Ketobacter
0.00	71	651	234	 Marinobacterium
0.00	24	145	36	 Thalassolituus
0.00	20	248	151	 Marinomonas
0.00	14	62	27	 Nitrincola
0.00	12	92	40	 Bacterioplanes
0.00	4	60	42	 Neptunomonas
0.00	2	46	8	 Amphritea
0.00	59	494	149	 Hahella
0.00	2	81	32	 Spartinivicinus
0.00	30	144	50	 Reinekea
0.00	18	275	90	 Saccharospirillum
0.00	4	55	34	 Gynuella
0.00	38	180	66	 Kangiella
0.00	18	227	52	 Litoricola
0.00	8	54	25	 Oleiphilus
0.00	2	44	30	 Endozoicomonas
0.03	4550	188178	101655	 Haemophilus
0.00	139	3533	2097	 Aggregatibacter
0.00	52	853	481	 Pasteurella
0.00	25	568	282	 Mannheimia
0.00	22	313	175	 Actinobacillus
0.00	10	106	58	 Glaesserella
0.00	6	175	87	 Rodentibacter
0.00	3	33	21	 Histophilus
0.00	3	107	52	 Avibacterium
0.00	3	54	30	 Basfia
0.00	3	81	63	 Frederiksenia
0.00	2	41	19	 Bisgaardia
0.00	2	71	34	 Gallibacterium
0.00	1	35	27	 Bibersteinia
0.00	405	3623	1021	 Thioalkalivibrio
0.00	237	1796	501	 Acidihalobacter
0.00	112	818	241	 Halorhodospira
0.00	112	927	213	 Alkalilimnicola
0.00	101	916	219	 Aquisalimonas
0.00	95	1143	300	 Spiribacter
0.00	47	786	235	 Ectothiorhodospira
0.00	219	1676	440	 Allochromatium
0.00	184	1529	416	 Thiodictyon
0.00	177	1499	375	 Marichromatium
0.00	156	1213	302	 Thioflavicoccus
0.00	81	788	211	 Thiocystis
0.00	71	466	136	 Thermochromatium
0.00	46	384	127	 Caldichromatium
0.00	17	302	92	 Nitrosococcus
0.00	17	194	110	 Rheinheimera
0.00	5	32	6	 Candidatus Nitrosoglobus
0.00	152	1593	429	 Wenzhouxiangella
0.00	92	910	277	 Sulfurivermis
0.00	90	844	222	 Guyparkeria
0.00	82	950	273	 Thiohalobacter
0.00	37	515	153	 Halothiobacillus
0.00	16	263	70	 Woeseia
0.00	8	153	62	 Granulosicoccus
0.00	7	165	44	 Sulfuriflexus
0.01	1754	59718	28947	 Cardiobacterium
0.00	3	19	13	 Dichelobacter
0.01	1450	17877	6579	 Aeromonas
0.00	100	813	214	 Zobellella
0.00	67	521	133	 Oceanimonas
0.00	4	95	47	 Tolumonas
0.00	3	65	40	 Dongshaea
0.00	2	38	25	 Succinivibrio
0.00	322	3273	954	 Marinobacter
0.00	73	731	284	 Alteromonas
0.00	24	215	92	 Salinimonas
0.00	23	214	83	 Agarivorans
0.00	15	258	60	 Hydrocarboniclastica
0.00	8	54	33	 Lacimicrobium
0.00	7	134	34	 Saliniradius
0.00	6	64	44	 Catenovulum
0.00	3	47	18	 Glaciecola
0.00	3	123	47	 Paraglaciecola
0.00	336	6153	2012	 Shewanella
0.00	1	70	48	 Parashewanella
0.00	61	1735	738	 Pseudoalteromonas
0.00	2	50	15	 Flocculibacter
0.00	1	43	30	 Psychrosphaera
0.00	15	250	86	 Colwellia
0.00	9	129	60	 Thalassotalea
0.00	2	37	13	 Litorilituus
0.00	1	36	9	 Cognaticolwellia
0.00	29	463	144	 Ferrimonas
0.00	18	218	107	 Idiomarina
0.00	5	216	107	 Moritella
0.00	3	55	41	 Psychromonas
0.00	482	3258	889	 Methylococcus
0.00	129	962	253	 Methylomagnum
0.00	126	1558	537	 Methylomonas
0.00	70	700	204	 Methylogaea
0.00	47	484	154	 Methylocaldum
0.00	45	622	168	 Methylomicrobium
0.00	34	367	169	 Methylovulum
0.00	31	285	74	 Candidatus Methylospira
0.00	14	125	45	 Methylotuvimicrobium
0.00	635	4197	1367	 Solimonas
0.00	78	610	199	 Sinimarinibacterium
0.00	45	782	232	 Steroidobacter
0.00	195	2164	639	 Microbulbifer
0.00	60	741	219	 Halioglobus
0.00	57	633	153	 Kineobactrum
0.00	18	199	67	 Congregibacter
0.00	16	102	43	 Aequoribacter
0.00	25	580	208	 Cellvibrio
0.00	18	183	54	 Simiduia
0.00	9	140	58	 Teredinibacter
0.00	1	23	14	 Saccharophagus
0.00	1	33	17	 Agarilytica
0.00	23	228	76	 Spongiibacter
0.00	3	39	26	 Zhongshania
0.00	1	33	17	 Oceanicoccus
0.00	146	1282	368	 Sulfurifustis
0.00	87	876	238	 Sulfuricaulis
0.00	67	441	118	 Acidiferrobacter
0.00	191	1371	399	 Immundisolibacter
0.00	61	403	96	 Sedimenticola
0.00	37	187	60	 Candidatus Reidiella
0.00	8	89	42	 Pseudohongiella
0.00	7	180	51	 Thiolapillus
0.00	5	31	26	 Celerinatantimonas
0.00	5	90	51	 Gallaecimonas
0.00	4	22	12	 Candidatus Thioglobus
0.00	1	7	6	 Candidatus Azoamicus
0.00	1	15	5	 Candidatus Pseudothioglobus
0.00	21	159	32	 Hydrogenovibrio
0.00	9	58	20	 Thiosulfativibrio
0.00	8	64	22	 Thiomicrospira
0.00	5	78	31	 Methylophaga
0.00	4	23	14	 Thiosulfatimonas
0.00	3	31	19	 Cycloclasticus
0.00	3	73	41	 Thiomicrorhabdus
0.00	2	40	22	 Piscirickettsia
0.00	35	372	149	 Thiothrix
0.00	22	166	89	 Francisella
0.00	1	24	13	 Allofrancisella
0.00	110	1088	299	 Salinisphaera
0.00	76	622	256	 Legionella
0.00	6	108	56	 Fluoribacter
0.00	3	8	6	 Tatlockia
0.00	6	122	28	 Coxiella
0.00	6	92	32	 Aquicella
0.00	2	37	25	 Rickettsiella
0.00	3	78	54	 Gilliamella
0.00	2	21	19	 Orbus
0.00	1	48	8	 Frischella
2.27	322872	4471820	620715	 Brevundimonas
0.08	11477	244138	31654	 Caulobacter
0.01	1545	19181	4028	 Phenylobacterium
0.00	531	7448	1852	 Asticcacaulis
0.00	113	1772	377	 Terricaulis
1.61	228819	2754390	463834	 Paracoccus
0.06	7985	65581	11032	 Rhodobacter
0.03	4894	40101	7392	 Cereibacter
0.02	3098	34756	3826	 Defluviimonas
0.02	2542	19561	3137	 Rhodovulum
0.01	1588	13481	1851	 Thioclava
0.01	1054	8581	1134	 Falsirhodobacter
0.01	983	10400	1551	 Pelagovum
0.01	980	8566	1126	 Silicimonas
0.01	934	6622	1028	 Pukyongiella
0.01	830	9664	2524	 Haematobacter
0.01	821	6978	1614	 Paraoceanicella
0.01	736	5948	884	 Gemmobacter
0.01	726	5708	880	 Brevirhabdus
0.01	716	6395	954	 Tabrizicola
0.01	712	10568	2107	 Polymorphum
0.00	698	5289	1002	 Pontivivens
0.00	695	4978	722	 Pacificitalea
0.00	668	5075	834	 Roseicitreum
0.00	598	7120	1567	 Pikeienuella
0.00	491	3936	690	 Pseudooceanicola
0.00	424	3596	632	 Pseudopuniceibacterium
0.00	405	3799	528	 Yoonia
0.00	312	2621	431	 Monaibacterium
0.00	279	2274	367	 Qingshengfaniella
0.00	252	1767	299	 Boseongicola
0.00	238	2279	414	 Rhodobaca
0.00	226	1949	289	 Profundibacter
0.00	204	1683	327	 Pseudorhodobacter
0.00	190	1627	243	 Pseudohalocynthiibacter
0.00	151	1176	159	 Aestuarium
0.00	123	1123	164	 Parasedimentitalea
0.00	87	808	137	 Cognatishimia
0.00	72	518	108	 Marivivens
0.00	46	425	84	 Halocynthiibacter
0.00	37	314	81	 Planktomarina
0.03	3577	32460	5201	 Sulfitobacter
0.02	3163	30095	5388	 Roseovarius
0.02	3125	25190	4460	 Salipiger
0.01	1629	15730	2743	 Celeribacter
0.01	1177	10672	1859	 Phaeobacter
0.01	1163	9018	1305	 Roseivivax
0.01	1031	9115	1686	 Leisingera
0.01	1016	9380	1419	 Sagittula
0.01	951	9691	1704	 Ruegeria
0.01	803	6511	1087	 Jannaschia
0.00	683	6251	968	 Mameliella
0.00	621	5596	928	 Actibacterium
0.00	612	6219	1025	 Ketogulonicigenium
0.00	584	5429	916	 Marinovum
0.00	495	4827	903	 Dinoroseobacter
0.00	474	4492	717	 Roseibacterium
0.00	439	4670	568	 Maribius
0.00	404	3494	604	 Oceanicola
0.00	391	3054	471	 Tateyamaria
0.00	376	4097	710	 Octadecabacter
0.00	373	3065	636	 Roseobacter
0.00	306	2711	434	 Antarctobacter
0.00	301	2469	399	 Thalassococcus
0.00	241	1793	294	 Thalassobius
0.00	199	1835	323	 Epibacterium
0.20	28645	243810	101589	 Methylobacterium
0.06	7970	91672	38859	 Methylorubrum
0.03	4563	28017	9590	 Microvirga
0.10	14449	139252	48297	 Rhizobium
0.02	3321	25135	9203	 Agrobacterium
0.01	1815	10794	4255	 Neorhizobium
0.00	272	4230	1826	 Pseudorhizobium
0.02	3335	22295	6459	 Sinorhizobium
0.02	2468	15946	4747	 Ensifer
0.01	1613	14525	5369	 Shinella
0.00	436	6866	1408	 Georhizobium
0.00	280	2003	616	 Ciceribacter
0.00	100	982	341	 Peteryoungia
0.00	2	82	47	 Liberibacter
0.17	23464	207666	83858	 Bradyrhizobium
0.01	2060	13877	4228	 Rhodopseudomonas
0.00	696	6358	2252	 Afipia
0.00	674	5112	1627	 Tardiphaga
0.00	625	4913	1371	 Nitrobacter
0.00	272	2223	677	 Variibacter
0.13	18301	140971	51632	 Mesorhizobium
0.01	1510	11476	3750	 Aminobacter
0.01	848	7443	1931	 Nitratireductor
0.00	321	3051	718	 Roseitalea
0.00	299	2470	643	 Hoeflea
0.00	292	2168	544	 Oricola
0.00	259	2000	590	 Phyllobacterium
0.00	72	750	241	 Salaquimonas
0.00	1	49	15	 Lentilitoribacter
0.08	11653	102338	43801	 Bosea
0.03	4161	33305	9062	 Aureimonas
0.01	1257	10601	2782	 Martelella
0.01	1335	8485	2482	 Starkeya
0.01	939	6536	1853	 Ancylobacter
0.01	861	6062	2015	 Xanthobacter
0.01	788	6146	1829	 Pseudolabrys
0.00	476	5052	1417	 Azorhizobium
0.00	447	3275	1135	 Labrys
0.02	2465	49202	4116	 Pannonibacter
0.01	1043	9614	1675	 Labrenzia
0.01	772	5880	1565	 Stappia
0.00	50	624	157	 Pseudovibrio
0.02	2173	37813	4523	 Ochrobactrum
0.01	1325	26913	7831	 Brucella
0.00	100	1440	329	 Pseudochrobactrum
0.02	2794	21854	6674	 Devosia
0.00	253	2193	560	 Youhaiella
0.00	157	1336	365	 Pelagibacterium
0.00	148	1267	344	 Paradevosia
0.00	47	241	79	 Maritalea
0.00	679	5862	1601	 Hyphomicrobium
0.00	441	3227	969	 Aquabacter
0.00	425	3257	1065	 Rhodoplanes
0.00	333	2660	672	 Methyloceanibacter
0.00	332	2720	867	 Caenibius
0.00	226	1743	448	 Methyloligella
0.00	157	1646	434	 Rhodomicrobium
0.00	53	537	142	 Filomicrobium
0.01	1379	9578	3076	 Methylocystis
0.01	842	5527	1551	 Methylosinus
0.01	1589	11991	3678	 Phreatobacter
0.01	1484	10264	3178	 Chelatococcus
0.00	705	4388	1281	 Methylocella
0.00	411	2817	948	 Methylovirgula
0.00	86	763	268	 Beijerinckia
0.00	516	3431	1242	 Nordella
0.00	491	3601	1377	 Pseudorhodoplanes
0.00	194	1517	488	 Terrihabitans
0.00	2	40	19	 Candidatus Hodgkinia
0.01	915	6707	1924	 Blastochloris
0.00	440	3066	871	 Kaustia
0.00	228	2280	754	 Parvibaculum
0.00	144	1628	372	 Pyruvatibacter
0.00	75	555	136	 Candidatus Phaeomarinobacter
0.00	542	3819	1114	 Kaistia
0.00	401	3359	876	 Hartmannibacter
0.00	343	3116	819	 Breoghania
0.00	301	2150	632	 Lichenihabitans
0.00	63	552	177	 Cohaesibacter
0.00	36	377	164	 Bartonella
0.48	67537	621230	178640	 Sphingomonas
0.11	15577	167671	65761	 Sphingopyxis
0.08	11164	146869	49241	 Sphingobium
0.03	3905	35616	11683	 Novosphingobium
0.01	938	7695	2680	 Sphingosinithalassobacter
0.00	477	3866	1146	 Allosphingosinicella
0.00	459	3750	1082	 Blastomonas
0.00	449	4664	1451	 Rhizorhabdus
0.00	448	3397	1002	 Sphingorhabdus
0.00	408	3045	836	 Parasphingopyxis
0.00	268	2136	590	 Hankyongella
0.00	249	2124	683	 Tardibacter
0.00	195	1855	630	 Novosphingopyxis
0.00	179	1652	508	 Citromicrobium
0.00	88	702	275	 Aquisediminimonas
0.00	83	732	240	 Parasphingorhabdus
0.01	1954	17135	5045	 Erythrobacter
0.01	1151	13949	3820	 Porphyrobacter
0.01	1338	12096	3819	 Qipengyuania
0.01	1135	11141	3536	 Croceicoccus
0.01	878	8075	2560	 Altererythrobacter
0.01	775	7232	2131	 Tsuneonella
0.00	226	4746	697	 Aurantiacibacter
0.00	120	1348	382	 Pelagerythrobacter
0.00	115	1257	370	 Paraurantiacibacter
0.00	82	876	289	 Croceibacterium
0.01	1212	10786	3090	 Sphingosinicella
0.00	501	4944	1426	 Polymorphobacter
0.00	275	2754	874	 Sandaracinobacter
0.00	25	446	133	 Zymomonas
0.10	14586	530749	235029	 Roseomonas
0.03	3722	53171	27143	 Gluconobacter
0.02	3211	86921	45454	 Acetobacter
0.01	803	7417	2368	 Komagataeibacter
0.00	680	4994	1872	 Roseococcus
0.00	465	3743	1069	 Acidiphilium
0.00	379	2775	802	 Lichenicola
0.00	371	2360	658	 Acidibrevibacterium
0.00	336	3178	605	 Kozakia
0.00	334	2474	698	 Gluconacetobacter
0.00	120	1375	429	 Granulibacter
0.00	103	802	291	 Asaia
0.00	91	654	241	 Neoasaia
0.00	44	381	130	 Oecophyllibacter
0.00	26	311	93	 Parasaccharibacter
0.00	17	243	57	 Swingsia
0.00	11	139	51	 Neokomagataea
0.00	10	55	13	 Bombella
0.00	2	25	10	 Entomobacter
0.04	5590	42639	10983	 Azospirillum
0.01	1306	10413	2990	 Skermanella
0.00	519	3952	1340	 Niveispirillum
0.00	477	4212	1106	 Nitrospirillum
0.00	432	3441	854	 Indioceanicola
0.01	1038	7994	2103	 Hypericibacter
0.01	831	7967	2002	 Magnetospirillum
0.00	669	5853	1548	 Rhodospirillum
0.00	629	4684	1115	 Tistrella
0.00	246	2306	581	 Defluviicoccus
0.00	214	1966	555	 Ferrovibrio
0.00	130	1606	362	 Pararhodospirillum
0.00	26	248	63	 Haematospirillum
0.00	4	30	12	 Candidatus Endolissoclinum
0.00	702	5613	1395	 Stella
0.00	428	2991	913	 Elioraea
0.00	127	1988	544	 Thalassospira
0.00	94	653	207	 Magnetospira
0.00	3	91	35	 Terasakiella
0.00	367	3992	818	 Marinicauda
0.00	106	1353	289	 Maricaulis
0.00	61	1239	274	 Glycocaulis
0.00	48	829	194	 Hyphobacterium
0.00	313	3978	947	 Hyphomonas
0.00	2	32	16	 Hirschia
0.00	48	449	300	 Candidatus Phycorickettsia
0.00	15	265	133	 Rickettsia
0.00	18	59	25	 Ehrlichia
0.00	16	93	62	 Wolbachia
0.00	8	20	7	 Candidatus Neoehrlichia
0.00	2	88	21	 Anaplasma
0.00	8	11	5	 Candidatus Fokinia
0.00	1	11	8	 Candidatus Midichloria
0.00	87	1144	221	 Luteithermobacter
0.00	28	269	85	 Paremcibacter
0.00	90	714	271	 Micavibrio
0.00	19	75	28	 Candidatus Puniceispirillum
0.00	58	410	111	 Parvularcula
0.00	15	23	6	 Candidatus Nucleicultrix
0.00	7	34	15	 Candidatus Paracaedibacter
0.00	1	11	8	 Candidatus Cytomitobacter
0.00	16	160	41	 Magnetococcus
0.00	4	48	19	 Kordiimonas
0.00	1	65	34	 Candidatus Pelagibacter
0.40	56282	2060990	696035	 Achromobacter
0.02	2376	22451	7036	 Bordetella
0.00	333	2977	890	 Pigmentiphaga
0.00	199	1890	472	 Castellaniella
0.00	127	1164	412	 Alcaligenes
0.00	109	1272	434	 Orrella
0.00	78	756	258	 Kerstersia
0.00	54	707	249	 Pusillimonas
0.00	31	426	128	 Advenella
0.00	18	77	26	 Oligella
0.00	16	188	52	 Algicoccus
0.00	6	22	16	 Taylorella
0.00	6	35	7	 Basilea
0.00	1	39	17	 Paenalcaligenes
0.04	5631	38455	14125	 Variovorax
0.02	2870	26048	10487	 Acidovorax
0.02	2188	33451	15179	 Comamonas
0.01	2121	17108	6349	 Hydrogenophaga
0.01	1596	13478	6167	 Ottowia
0.01	1577	44834	21691	 Delftia
0.01	1305	9291	3295	 Rhodoferax
0.01	838	5062	1967	 Kinneretia
0.00	598	4931	1818	 Diaphorobacter
0.00	568	4326	1489	 Ramlibacter
0.00	525	3429	1183	 Polaromonas
0.00	452	2793	859	 Schlegelella
0.00	396	3079	1224	 Alicycliphilus
0.00	252	2459	873	 Serpentinomonas
0.00	192	1838	668	 Pulveribacter
0.00	181	1536	534	 Verminephrobacter
0.00	166	1266	390	 Hylemonella
0.00	154	1467	490	 Melaminivora
0.00	90	874	280	 Simplicispira
0.00	81	800	346	 Limnohabitans
0.00	53	411	197	 Curvibacter
0.00	32	241	87	 Candidatus Symbiobacter
0.06	8599	62537	16424	 Burkholderia
0.04	5311	59003	20860	 Cupriavidus
0.03	3759	29084	8436	 Paraburkholderia
0.01	1451	13272	4600	 Ralstonia
0.01	1242	31418	17120	 Lautropia
0.01	1138	13057	4595	 Pandoraea
0.00	309	2173	648	 Caballeronia
0.00	117	1178	431	 Polynucleobacter
0.00	79	629	236	 Chitinimonas
0.00	36	487	117	 Mycetohabitans
0.00	34	254	142	 Limnobacter
0.00	11	95	30	 Mycoavidus
0.00	4	22	10	 Candidatus Vallotia
0.00	2	49	19	 Ephemeroptericola
0.03	3632	29277	9421	 Massilia
0.01	847	11008	4590	 Herbaspirillum
0.01	779	6415	2007	 Janthinobacterium
0.00	417	3442	955	 Duganella
0.00	300	2648	823	 Collimonas
0.00	94	885	265	 Noviherbaspirillum
0.00	54	394	158	 Undibacterium
0.00	11	67	33	 Herminiimonas
0.00	10	62	26	 Glaciimonas
0.00	8	97	29	 Oxalobacter
0.01	916	6999	2391	 Rhizobacter
0.00	578	3830	1290	 Rubrivivax
0.00	555	3890	1307	 Methylibium
0.00	487	3622	1590	 Aquabacterium
0.00	469	3732	1472	 Mitsuaria
0.00	378	3096	942	 Leptothrix
0.00	373	3062	839	 Thiomonas
0.00	366	2751	875	 Xylophilus
0.00	362	3383	1373	 Sphaerotilus
0.00	278	1987	837	 Roseateles
0.00	172	1494	547	 Paucibacter
0.00	125	1240	422	 Inhella
0.00	117	1390	428	 Tepidimonas
0.00	99	919	209	 Sutterella
0.00	2	17	13	 Turicimonas
0.04	6262	234909	118924	 Neisseria
0.00	166	3235	1869	 Eikenella
0.00	123	1215	332	 Crenobacter
0.00	81	1839	848	 Kingella
0.00	64	784	250	 Chitinolyticbacter
0.00	42	693	301	 Vitreoscilla
0.00	22	255	9	 Aquella
0.00	5	18	12	 Snodgrassella
0.00	4	55	20	 Simonsiella
0.00	2	39	20	 Conchiformibius
0.00	1	45	29	 Alysiella
0.01	798	7105	2007	 Chromobacterium
0.00	2	77	45	 Iodobacter
0.00	265	2209	552	 Jeongeupia
0.00	244	1941	502	 Paludibacterium
0.00	173	1194	327	 Pseudogulbenkiania
0.00	166	1245	431	 Vogesella
0.00	138	1305	476	 Aquitalea
0.00	112	1248	284	 Microvirgula
0.00	54	657	217	 Laribacter
0.00	50	480	164	 Aquaspirillum
0.00	21	191	57	 Deefgea
0.00	7	117	47	 Chitinibacter
0.01	1338	10830	3151	 Azoarcus
0.01	976	8228	2302	 Thauera
0.00	475	6628	2313	 Azospira
0.00	366	3145	906	 Aromatoleum
0.00	124	1183	375	 Niveibacterium
0.00	86	971	382	 Oryzomicrobium
0.00	26	176	75	 Rugosibacter
0.00	60	754	224	 Dechloromonas
0.00	15	111	55	 Fluviibacter
0.00	384	3210	954	 Usitatibacter
0.00	123	1372	486	 Denitratisoma
0.00	120	951	297	 Methyloversatilis
0.00	80	746	255	 Sulfuritalea
0.00	50	675	188	 Sterolibacterium
0.00	78	818	254	 Thiobacillus
0.00	53	814	270	 Sulfuritortus
0.00	59	470	156	 Sulfurimicrobium
0.00	49	479	188	 Sulfuriferula
0.00	20	229	78	 Sulfuricella
0.00	37	417	116	 Ferrigenium
0.00	32	308	93	 Sideroxydans
0.00	21	202	78	 Ferriphaselus
0.00	13	208	57	 Gallionella
0.00	3	97	25	 Candidatus Nitrotoga
0.00	44	470	166	 Nitrosomonas
0.00	31	396	153	 Nitrosospira
0.00	16	208	67	 Methylobacillus
0.00	11	191	72	 Methylophilus
0.00	10	177	64	 Methylovorus
0.00	5	164	68	 Candidatus Methylopumilus
0.00	2	36	18	 Methylotenera
0.00	1	28	14	 Methyloradius
0.00	113	860	272	 Casimicrobium
0.00	16	45	10	 Candidatus Kinetoplastibacterium
0.00	3	6	4	 Candidatus Profftella
0.01	791	6319	1561	 Corallococcus
0.01	739	6449	1684	 Myxococcus
0.00	297	2058	537	 Pyxidicoccus
0.01	877	5940	1506	 Archangium
0.00	282	1786	455	 Cystobacter
0.00	186	1446	359	 Melittangium
0.00	144	1248	366	 Stigmatella
0.01	876	7828	1883	 Anaeromyxobacter
0.00	116	1095	310	 Vulgatibacter
0.01	2051	15434	4107	 Sorangium
0.00	254	2317	586	 Chondromyces
0.00	6	22	9	 Pajaroellobacter
0.00	503	3878	1070	 Minicystis
0.00	430	3006	855	 Sandaracinus
0.00	360	2080	657	 Labilithrix
0.00	341	2937	746	 Haliangium
0.00	614	6465	1722	 Desulfovibrio
0.00	264	2280	651	 Pseudodesulfovibrio
0.00	76	726	140	 Desulfolutivibrio
0.00	49	562	140	 Desulfocurvibacter
0.00	7	77	29	 Maridesulfovibrio
0.00	34	495	178	 Desulfomicrobium
0.00	15	152	40	 Desulfohalobium
0.00	384	4083	1133	 Geobacter
0.00	178	1720	425	 Geomonas
0.00	36	267	58	 Geoalkalibacter
0.00	209	2199	568	 Desulfuromonas
0.00	27	329	94	 Pelobacter
0.00	53	637	135	 Syntrophotalea
0.00	99	1168	310	 Desulfosarcina
0.00	49	618	109	 Desulfococcus
0.00	22	204	63	 Desulfatibacillum
0.00	6	120	30	 Desulfobacter
0.00	4	27	11	 Desulfobacula
0.00	1	60	25	 Desulfobacterium
0.00	1	52	28	 Desulfonema
0.00	77	720	204	 Desulfobulbus
0.00	32	393	83	 Desulfurivibrio
0.00	31	187	41	 Desulfopila
0.00	4	28	16	 Desulfotalea
0.00	3	24	16	 Desulfocapsa
0.00	147	1428	366	 Persicimonas
0.00	73	626	153	 Bradymonas
0.00	38	274	79	 Syntrophobacter
0.00	19	184	67	 Desulfoglaeba
0.00	24	169	34	 Syntrophus
0.00	9	103	36	 Desulfobacca
0.00	7	92	25	 Desulfomonile
0.00	79	693	196	 Desulfarculus
0.00	2	6	4	 Hippea
0.00	1	14	9	 Candidatus Desulfofervidus
0.00	527	11154	6229	 Campylobacter
0.00	10	132	43	 Arcobacter
0.00	8	126	61	 Aliarcobacter
0.00	1	4	4	 Pseudoarcobacter
0.00	1	54	27	 Malaciobacter
0.00	1	15	7	 Poseidonibacter
0.00	11	278	96	 Sulfurospirillum
0.00	28	208	54	 Sulfurimonas
0.00	1	36	12	 Sulfuricurvum
0.00	12	128	29	 Nitratifractor
0.00	5	101	24	 Sulfurovum
0.00	15	355	127	 Helicobacter
0.00	15	134	39	 Hydrogenimonas
0.00	1	36	9	 Nautilia
0.00	1	54	15	 Nitrosophilus
0.00	232	4011	2274	 Bacteriovorax
0.00	3	20	13	 Halobacteriovorax
0.00	81	480	195	 Bdellovibrio
0.00	93	1113	391	 Acidithiobacillus
0.00	34	416	93	 Hydrogenophilus
0.00	8	219	74	 Mariprofundus
0.20	29020	997768	348070	 Chryseobacterium
0.00	313	7450	2737	 Kaistella
0.00	165	2831	1719	 Epilithonimonas
0.01	1213	32807	19128	 Empedobacter
0.00	176	3144	1706	 Elizabethkingia
0.00	115	3147	1062	 Cruoricaptor
0.00	84	1921	928	 Cloacibacterium
0.00	20	97	39	 Ornithobacterium
0.00	12	205	83	 Riemerella
0.00	10	81	35	 Apibacter
0.00	2	106	68	 Weeksella
0.00	1	36	21	 Bergeyella
0.01	1384	52120	29799	 Capnocytophaga
0.00	299	2318	1092	 Flavobacterium
0.00	56	456	156	 Muricauda
0.00	40	136	47	 Aequorivita
0.00	29	163	77	 Winogradskyella
0.00	26	195	89	 Myroides
0.00	20	179	80	 Nonlabens
0.00	19	330	165	 Polaribacter
0.00	14	474	185	 Amniculibacterium
0.00	14	125	69	 Cellulophaga
0.00	14	226	89	 Gramella
0.00	13	89	36	 Lacinutrix
0.00	9	37	10	 Euzebyella
0.00	9	88	45	 Formosa
0.00	8	66	30	 Antarcticibacterium
0.00	8	86	36	 Salegentibacter
0.00	7	159	37	 Robiginitalea
0.00	6	28	11	 Urechidicola
0.00	6	71	14	 Pukyongia
0.00	6	81	36	 Kordia
0.00	5	87	47	 Maribacter
0.00	5	52	20	 Arenibacter
0.00	4	35	6	 Gillisia
0.00	4	41	25	 Algibacter
0.00	4	34	17	 Tamlana
0.00	4	16	11	 Marixanthomonas
0.00	4	40	11	 Gilvibacter
0.00	4	44	17	 Zobellia
0.00	3	149	68	 Tenacibaculum
0.00	3	38	18	 Mariniflexile
0.00	3	21	15	 Oceanihabitans
0.00	3	32	15	 Psychroflexus
0.00	3	20	13	 Olleya
0.00	3	98	44	 Aquimarina
0.00	3	37	15	 Leeuwenhoekiella
0.00	2	37	17	 Costertonia
0.00	2	38	22	 Dokdonia
0.00	1	45	23	 Zunongwangia
0.00	1	10	5	 Siansivirga
0.00	1	13	7	 Galbibacter
0.00	1	37	6	 Lutibacter
0.00	7	21	13	 Fluviicola
0.00	3	32	19	 Croceimicrobium
0.00	2	18	10	 Owenweeksia
0.00	4	23	6	 Ichthyobacterium
0.00	3	147	73	 Blattabacterium
0.02	3012	111123	62977	 Prevotella
0.00	12	107	37	 Paraprevotella
0.00	11	95	47	 Alloprevotella
0.00	559	11118	6065	 Porphyromonas
0.00	481	10647	5436	 Tannerella
0.00	54	705	307	 Parabacteroides
0.00	237	2286	726	 Alistipes
0.00	171	2107	1000	 Bacteroides
0.00	27	620	422	 Phocaeicola
0.00	16	158	50	 Muribaculum
0.00	15	171	61	 Sodaliphilus
0.00	14	148	50	 Duncaniella
0.00	10	40	23	 Butyricimonas
0.00	3	48	26	 Odoribacter
0.00	7	165	47	 Barnesiella
0.00	5	18	11	 Coprobacter
0.00	7	54	27	 Petrimonas
0.00	4	23	11	 Dysgonomonas
0.00	10	48	15	 Tenuifilum
0.00	2	28	7	 Salinivirga
0.00	2	20	16	 Paludibacter
0.00	4	49	16	 Alkalitalea
0.00	3	60	16	 Maribellus
0.00	1	70	41	 Draconibacterium
0.00	4	30	18	 Labilibaculum
0.01	885	9417	3205	 Hymenobacter
0.00	101	851	298	 Pontibacter
0.00	34	317	111	 Rufibacter
0.00	20	129	47	 Adhaeribacter
0.00	7	53	23	 Nibribacter
0.00	174	1647	603	 Spirosoma
0.00	50	425	149	 Dyadobacter
0.00	34	536	246	 Fibrella
0.00	30	251	85	 Runella
0.00	8	36	22	 Cytophaga
0.00	8	46	23	 Aquirufa
0.00	7	47	17	 Leadbetterella
0.00	7	82	23	 Rhodocytophaga
0.00	139	764	380	 Chryseolinea
0.00	3	48	13	 Fulvivirga
0.00	24	183	83	 Echinicola
0.00	11	73	28	 Aquiflexum
0.00	7	126	48	 Algoriphagus
0.00	3	33	18	 Belliella
0.00	2	52	25	 Cyclobacterium
0.00	15	96	40	 Flammeovirga
0.00	5	25	16	 Mangrovivirga
0.00	4	26	15	 Bernardetia
0.00	3	20	12	 Candidatus Cardinium
0.00	429	12839	7868	 Sphingobacterium
0.00	105	719	324	 Mucilaginibacter
0.00	79	788	346	 Pedobacter
0.00	19	107	43	 Pseudopedobacter
0.00	18	276	85	 Olivibacter
0.00	14	78	31	 Anseongella
0.00	3	23	15	 Solitalea
0.00	94	928	373	 Chitinophaga
0.00	37	220	105	 Arachidicoccus
0.00	30	176	69	 Niabella
0.00	24	120	41	 Pseudobacter
0.00	16	91	43	 Panacibacter
0.00	15	112	45	 Pseudocnuella
0.00	13	144	60	 Flavisolibacter
0.00	11	74	32	 Filimonas
0.00	8	188	52	 Niastella
0.00	5	142	48	 Paraflavitalea
0.00	4	29	14	 Lacibacter
0.00	4	32	20	 Ferruginibacter
0.00	3	57	19	 Phnomibacter
0.00	139	1273	388	 Rhodothermus
0.00	89	1038	267	 Salinibacter
0.00	8	69	40	 Haliscomenobacter
0.00	40	616	188	 Chlorobaculum
0.00	22	195	72	 Chlorobium
0.00	18	222	72	 Pelodictyon
0.00	39	394	90	 Prosthecochloris
0.00	1	23	15	 Chloroherpeton
0.00	5	36	19	 Melioribacter
0.00	4	162	42	 Candidatus Cyclonatronum
0.00	556	4251	1405	 Gemmatirosa
0.00	216	2085	654	 Gemmatimonas
0.00	7	46	26	 Fibrobacter
0.00	1	13	9	 Candidatus Cloacimonas
0.01	1984	11118	4756	 Gemmata
0.01	1504	8214	3613	 Urbifossiella
0.01	1061	5197	2352	 Limnoglobus
0.01	1003	5503	2364	 Frigoriglobus
0.00	64	399	143	 Tuwongella
0.00	53	309	105	 Telmatocola
0.00	667	4155	1736	 Lacipirellula
0.00	250	1705	542	 Pirellulimonas
0.00	185	1321	430	 Botrimarina
0.00	52	412	165	 Aeoliella
0.00	29	200	93	 Bythopirellula
0.00	29	221	103	 Adhaeretor
0.00	137	1259	373	 Stieleria
0.00	124	743	270	 Rosistilla
0.00	119	849	262	 Lignipirellula
0.00	76	548	193	 Roseimaritima
0.00	71	441	156	 Pirellula
0.00	64	472	213	 Anatilimnocola
0.00	56	309	109	 Rubripirellula
0.00	48	382	172	 Bremerella
0.00	26	176	58	 Rhodopirellula
0.00	16	120	48	 Mariniblastus
0.00	11	91	48	 Aureliella
0.00	28	197	56	 Thermogutta
0.00	601	4361	1423	 Aquisphaera
0.00	513	3506	1201	 Tautonia
0.00	305	2101	749	 Paludisphaera
0.00	148	1091	417	 Singulisphaera
0.00	49	427	155	 Isosphaera
0.00	586	5384	1880	 Planctomyces
0.00	201	1587	529	 Alienimonas
0.00	151	1093	429	 Caulifigura
0.00	142	1242	432	 Gimesia
0.00	88	894	296	 Maioricimonas
0.00	47	326	103	 Crateriforma
0.00	35	208	87	 Planctopirus
0.00	35	334	129	 Symmachiella
0.00	25	210	81	 Fuerstia
0.00	24	178	62	 Rubinisphaera
0.00	17	132	68	 Calycomorphotria
0.00	12	124	46	 Polystyrenella
0.00	4	56	20	 Thalassoglobus
0.00	173	1657	506	 Phycisphaera
0.00	2	54	27	 Poriferisphaera
0.00	139	937	349	 Humisphaera
0.00	11	72	23	 Sedimentisphaera
0.00	9	56	18	 Limihaloglobus
0.00	1	141	41	 Anaerohalosphaera
0.00	23	44	14	 Candidatus Kuenenia
0.00	205	1986	582	 Opitutus
0.00	127	965	243	 Lacunisphaera
0.00	57	553	154	 Oleiharenicola
0.00	45	550	142	 Ereboglobus
0.00	39	674	183	 Nibricoccus
0.00	20	445	93	 Ruficoccus
0.00	10	73	28	 Coraliomargarita
0.00	122	1709	440	 Verrucomicrobium
0.00	94	597	161	 Roseimicrobium
0.00	90	1146	396	 Luteolibacter
0.00	96	938	219	 Akkermansia
0.00	71	644	161	 Methylacidimicrobium
0.00	2	89	19	 Methylacidiphilum
0.00	1	14	8	 Candidatus Xiphinematobacter
0.00	59	340	84	 Kiritimatiella
0.00	5	49	31	 Criblamydia
0.00	2	15	11	 Parachlamydia
0.00	2	24	16	 Candidatus Protochlamydia
0.00	3	21	8	 Candidatus Rhabdochlamydia
0.00	8	133	38	 Chlamydia
0.00	10	141	32	 Candidatus Vampirococcus
0.02	3262	136104	81606	 Fusobacterium
0.00	2	21	12	 Ilyobacter
0.01	1549	45729	26884	 Leptotrichia
0.00	115	4027	2388	 Pseudoleptotrichia
0.00	2	28	13	 Sebaldella
0.00	1	24	21	 Streptobacillus
0.00	191	2133	584	 Granulicella
0.00	96	1259	351	 Terriglobus
0.00	66	750	191	 Acidobacterium
0.00	37	274	105	 Acidisarcina
0.00	35	600	145	 Edaphobacter
0.00	24	367	113	 Candidatus Koribacter
0.00	86	1002	292	 Paludibaculum
0.00	332	2156	618	 Luteitalea
0.00	111	872	260	 Chloracidobacterium
0.00	522	17720	9848	 Treponema
0.00	55	462	136	 Spirochaeta
0.00	5	31	18	 Salinispira
0.00	1	43	14	 Sediminispirochaeta
0.00	23	180	49	 Breznakiella
0.00	8	37	20	 Borreliella
0.00	4	40	22	 Borrelia
0.00	8	75	43	 Sphaerochaeta
0.00	31	217	88	 Leptospira
0.00	19	181	48	 Turneriella
0.00	2	95	31	 Brachyspira
0.00	117	1946	563	 Nitrospira
0.00	26	172	44	 Leptospirillum
0.00	52	663	277	 Fretibacterium
0.00	25	221	71	 Cloacibacillus
0.00	14	158	65	 Aminomonas
0.00	10	167	42	 Thermanaerovibrio
0.00	3	75	45	 Jonquetella
0.00	2	15	8	 Aminobacterium
0.00	1	44	8	 Thermovirga
0.00	73	880	458	 Candidatus Nanosynbacter
0.00	18	97	66	 Candidatus Saccharimonas
0.00	12	189	69	 Candidatus Bipolaricaulis
0.00	1	29	21	 Candidatus Babela
0.00	8	99	42	 Thermotoga
0.00	1	77	20	 Pseudothermotoga
0.00	7	48	18	 Fervidobacterium
0.00	3	16	7	 Petrotoga
0.00	2	13	7	 Marinitoga
0.00	2	46	9	 Tepiditoga
0.00	3	48	11	 Kosmotoga
0.00	3	31	18	 Mesotoga
0.00	1	9	6	 Athalassotoga
0.00	11	32	11	 Thermocrinis
0.00	3	42	12	 Persephonella
0.00	1	9	3	 Sulfurihydrogenibium
0.00	1	12	6	 Thermosulfidibacter
0.00	1	6	5	 Desulfurobacterium
0.00	7	29	16	 Thermosulfuriphilus
0.00	1	15	10	 Thermodesulfobacterium
0.00	1	11	7	 Thermodesulfatator
0.00	1	52	29	 Thermosulfurimonas
0.00	9	216	52	 Desulfurispirillum
0.00	8	314	8	 Atribacter
0.00	4	19	8	 Endomicrobium
0.00	1	10	6	 Elusimicrobium
0.00	4	150	30	 Caldithrix
0.00	1	29	13	 Geovibrio
0.00	1	14	10	 Deferribacter
0.00	1	41	7	 Denitrovibrio
0.00	2	14	8	 Dictyoglomus
4.75	674671	36423270	4838816	 Malassezia
0.00	90	989	439	 Sporisorium
0.00	48	451	173	 Ustilago
0.00	122	775	364	 Marasmius
0.00	60	446	134	 Rhizoctonia
0.00	35	430	158	 Cryptococcus
0.05	7648	60160	29379	 Aspergillus
0.00	187	1178	528	 Talaromyces
0.00	503	3099	1314	 Fusarium
0.00	192	1254	387	 Ustilaginoidea
0.00	105	566	254	 Pochonia
0.00	240	1333	439	 Drechmeria
0.00	267	1854	639	 Colletotrichum
0.00	341	2010	707	 Thermothielavioides
0.00	247	1525	532	 Thermothelomyces
0.00	227	1290	464	 Neurospora
0.00	341	2424	912	 Pyricularia
0.00	66	378	186	 Botrytis
0.00	277	1890	720	 Cercospora
0.00	164	924	405	 Zymoseptoria
0.00	592	20585	13854	 Candida
0.00	12	81	45	 Scheffersomyces
0.00	8	80	30	 Debaryomyces
0.00	116	3575	2195	 Saccharomyces
0.00	49	241	56	 Naumovozyma
0.00	26	122	61	 Lachancea
0.00	22	303	116	 Eremothecium
0.00	21	188	59	 Kluyveromyces
0.00	16	135	64	 Kazachstania
0.00	10	82	38	 Nakaseomyces
0.00	8	92	51	 Torulaspora
0.00	8	102	53	 Tetrapisispora
0.00	7	90	34	 Zygosaccharomyces
0.00	4	37	21	 Zygotorulaspora
0.00	265	9437	927	 Clavispora
0.00	39	1862	1034	 Pichia
0.00	33	184	60	 Brettanomyces
0.00	9	127	55	 Ogataea
0.00	59	1555	903	 Yarrowia
0.00	21	147	57	 Sugiyamaella
0.00	7	52	29	 Komagataella
0.00	9	95	38	 Schizosaccharomyces
0.00	4	35	12	 Encephalitozoon
0.00	549	7099	2879	 Homo
0.00	657	6053	1472	 Halorubrum
0.00	639	4279	1016	 Halobaculum
0.00	128	910	174	 Halolamina
0.00	122	697	146	 Halopenitus
0.00	79	795	175	 Salinigranum
0.00	40	486	87	 Halalkaliarchaeum
0.00	217	1881	437	 Haloplanus
0.00	215	1865	432	 Haloferax
0.00	190	1804	449	 Haloprofundus
0.00	66	623	167	 Halobellus
0.00	5	163	46	 Halogeometricum
0.00	399	3268	708	 Halosimplex
0.00	333	2223	492	 Natronomonas
0.00	168	1541	355	 Haloarcula
0.00	140	931	215	 Halorhabdus
0.00	107	965	212	 Halosiccatus
0.00	96	682	158	 Halorientalis
0.00	95	878	224	 Halomicrobium
0.00	40	292	99	 Halapricum
0.00	198	1611	444	 Halobacterium
0.00	79	876	214	 Halarchaeum
0.00	55	593	180	 Halorussus
0.00	44	373	140	 Halalkalicoccus
0.00	33	483	127	 Salarchaeum
0.00	26	231	63	 Halanaeroarchaeum
0.00	10	128	52	 Halodesulfurarchaeum
0.00	290	2372	595	 Natrinema
0.00	286	2290	632	 Haloterrigena
0.00	123	981	232	 Halovivax
0.00	119	854	165	 Halobiforma
0.00	112	776	164	 Natronococcus
0.00	92	686	163	 Natrarchaeobaculum
0.00	74	656	168	 Salinarchaeum
0.00	53	527	142	 Halopiger
0.00	43	234	74	 Natronobacterium
0.00	42	650	136	 Natronorubrum
0.00	38	293	73	 Natrialba
0.00	24	247	67	 Halostagnicola
0.00	74	681	189	 Methanoculleus
0.00	44	476	126	 Methanofollis
0.00	8	44	7	 Methanoplanus
0.00	4	15	6	 Methanolacinia
0.00	17	102	16	 Methanospirillum
0.00	10	113	39	 Methanosphaerula
0.00	5	77	37	 Methanoregula
0.00	38	265	97	 Methanosarcina
0.00	3	10	6	 Methanococcoides
0.00	1	20	8	 Methanohalophilus
0.00	1	25	8	 Methanolobus
0.00	26	179	58	 Methanothrix
0.00	17	281	66	 Methanocella
0.00	84	705	217	 Thermococcus
0.00	3	59	17	 Pyrococcus
0.00	16	73	26	 Methanobacterium
0.00	2	49	27	 Methanobrevibacter
0.00	1	15	9	 Methanothermobacter
0.00	9	47	19	 Methanocaldococcus
0.00	11	78	20	 Methanopyrus
0.00	1	102	13	 Archaeoglobus
0.00	24	118	8	 Thermosphaera
0.00	2	14	7	 Desulfurococcus
0.00	2	46	13	 Ignicoccus
0.00	1	3	3	 Staphylothermus
0.00	1	28	5	 Aeropyrum
0.00	4	58	9	 Pyrolobus
0.00	2	14	7	 Pyrodictium
0.00	1	38	6	 Hyperthermus
0.00	18	210	59	 Pyrobaculum
0.00	7	151	26	 Thermoproteus
0.00	8	55	21	 Acidilobus
0.00	1	13	4	 Caldisphaera
0.00	3	38	10	 Sulfolobus
0.00	1	13	9	 Acidianus
0.00	1	5	3	 Fervidicoccus
0.00	21	136	90	 Candidatus Nitrosocosmicus
0.00	8	120	33	 Nitrososphaera
0.00	17	83	16	 Conexivisphaera
0.00	2	74	24	 Nitrosopumilus
0.00	1	4	3	 Nitrosarchaeum
0.00	3	66	34	 Candidatus Nitrosotenuis
0.00	9	45	15	 Candidatus Methanomethylophilus
0.00	1	28	7	 Aciduliprofundum
0.00	2	9	2	 Candidatus Nanohalobium
0.75	107029	426100	181	 Betapapillomavirus
0.00	6	61	22	 Gammapapillomavirus
0.00	1	1	1	 Bocaparvovirus
0.00	2	33	11	 Subteminivirus
0.01	1514	71798	7626	 Pahexavirus
0.00	69	329	116	 Liefievirus
0.00	52	392	101	 Timquatrovirus
0.00	30	103	53	 Sextaecvirus
0.00	27	75	7	 Scapunavirus
0.00	5	51	9	 Acadianvirus
0.00	1	2	2	 Pegunavirus
0.00	1	22	14	 Coopervirus
0.00	1	4	3	 Pipefishvirus
0.00	1	5	2	 Rosebushvirus
0.00	17	155	55	 Fromanvirus
0.00	16	64	6	 Coralvirus
0.00	15	200	111	 Rockefellervirus
0.00	13	46	20	 Cheoctovirus
0.00	4	43	12	 Likavirus
0.00	2	42	13	 Camvirus
0.00	1	113	22	 Arequatrovirus
0.00	12	49	15	 Vividuovirus
0.00	11	112	33	 Fairfaxidumvirus
0.00	10	161	5	 Chivirus
0.00	10	43	8	 Rimavirus
0.00	5	19	6	 Charlievirus
0.00	1	33	2	 Buttersvirus
0.00	9	49	5	 Metamorphoovirus
0.00	8	12	1	 Bingvirus
0.00	2	22	11	 Bertelyvirus
0.00	2	53	15	 Colossusvirus
0.00	2	44	4	 Poindextervirus
0.00	2	39	15	 Shapirovirus
0.00	7	18	6	 Oneupvirus
0.00	6	45	19	 Sparkyvirus
0.00	6	21	6	 Kostyavirus
0.00	5	13	4	 Trigintaduovirus
0.00	5	10	4	 Getalongvirus
0.00	5	16	3	 Lanavirus
0.00	5	71	4	 Pamexvirus
0.00	1	13	9	 Fishburnevirus
0.00	4	4	1	 Oshimavirus
0.00	4	38	10	 Vendettavirus
0.00	2	4	1	 Kenoshavirus
0.00	1	3	1	 Secretariatvirus
0.00	3	46	15	 Wizardvirus
0.00	3	9	1	 Kojivirus
0.00	3	4	2	 Avanivirus
0.00	3	17	5	 Bridgettevirus
0.00	3	9	3	 Mapvirus
0.00	2	3	2	 Mementomorivirus
0.00	2	5	4	 Luckybarnesvirus
0.00	2	15	10	 Seussvirus
0.00	2	5	2	 Vojvodinavirus
0.00	2	22	14	 Nymphadoravirus
0.00	2	12	1	 Cimpunavirus
0.00	1	2	1	 Reyvirus
0.00	1	4	2	 Bernalvirus
0.00	1	4	3	 Kuleanavirus
0.00	1	21	4	 Squashvirus
0.00	1	23	3	 Quhwahvirus
0.00	1	6	3	 Gilesvirus
0.00	1	8	1	 Galunavirus
0.00	1	29	2	 Tinduovirus
0.00	1	3	2	 Brujitavirus
0.00	1	3	3	 Sanovirus
0.00	1	2	2	 Papyrusvirus
0.00	1	3	3	 Attisvirus
0.00	1	2	2	 Yvonnevirus
0.00	1	3	2	 Appavirus
0.00	1	2	2	 Hedwigvirus
0.00	1	31	31	 Gustavvirus
0.00	1	21	9	 Betterkatzvirus
0.00	6	54	17	 Mimasvirus
0.00	5	19	4	 Phabquatrovirus
0.00	5	6	2	 Henunavirus
0.00	2	5	2	 Tequatrovirus
0.00	1	2	1	 Krischvirus
0.00	2	5	2	 Wellingtonvirus
0.00	2	2	1	 Vibakivirus
0.00	2	6	2	 Hapunavirus
0.00	1	1	1	 Klausavirus
0.00	1	1	1	 Moturavirus
0.00	1	6	2	 Naesvirus
0.00	1	8	4	 Eneladusvirus
0.00	1	4	1	 Sarumanvirus
0.00	1	4	2	 Ayohtrevirus
0.00	1	9	4	 Myohalovirus
0.00	1	1	1	 Noxifervirus
0.00	5	27	4	 Kochitakasuvirus
0.00	3	3	1	 Kelquatrovirus
0.00	3	3	1	 Sortsnevirus
0.00	3	21	7	 Lessievirus
0.00	2	4	2	 Bruynoghevirus
0.00	1	6	2	 Myxoctovirus
0.00	1	3	1	 Kozyakovvirus
0.00	1	16	8	 Burrovirus
0.00	13	135	97	 Baoshanvirus
0.00	2	16	15	 Kayvirus
0.00	1	5	5	 Silviavirus
0.00	1	2	1	 Wphvirus
0.00	1	46	46	 Siophivirus
0.00	4	4	1	 Webervirus
0.00	1	2	1	 Tlsvirus
0.00	3	35	11	 Pokkenvirus
0.00	1	2	1	 Dongdastvirus
0.00	4	33	2	 Andhravirus
0.00	2	27	1	 Aarhusvirus
0.00	1	1	1	 Jesfedecavirus
0.00	25	151	26	 Simplexvirus
0.00	4	67	27	 Varicellovirus
0.00	19	35	6	 Muromegalovirus
0.00	6	100	60	 Cytomegalovirus
0.00	9	28	5	 Lymphocryptovirus
0.00	1	4	3	 Rhadinovirus
0.00	1	2	2	 Percavirus
0.00	1	2	1	 Aurivirus
0.00	69	527	161	 Pandoravirus
0.00	1	7	3	 Pithovirus
0.00	7	49	3	 Prasinovirus
0.00	1	4	3	 Chlorovirus
0.00	3	6	4	 Mimivirus
0.00	1	28	10	 Parapoxvirus
0.00	1	3	1	 Sciuripoxvirus
0.00	1	37	7	 Crocodylidpoxvirus
0.00	10	21	4	 Alphasphaerolipovirus
0.00	26	80	21	 Alphabaculovirus
0.00	2	19	4	 Potyvirus
0.00	2	2	1	 Striwavirus
0.00	2	4	1	 Cystovirus
0.00	2	38	38	 Lentivirus
0.00	1	2	1	 Simiispumavirus
0.00	7	9	1	 Alphatorquevirus
