0.86	180883	0	0	unclassified
96.06	20298386	1071526940	904747	 Cutibacterium acnes
0.29	60228	1844332	280560	 Cutibacterium granulosum
0.10	20809	319009	47838	 Cutibacterium avidum
0.06	13263	182443	37578	 Cutibacterium modestum
0.00	109	1671	575	 Propionibacterium freudenreichii
0.00	35	934	358	 Propionibacterium acidifaciens
0.00	15	897	340	 Propionibacterium australiense
0.00	58	3790	1443	 Acidipropionibacterium acidipropionici
0.00	38	4622	1746	 Acidipropionibacterium jensenii
0.00	23	2707	1049	 Acidipropionibacterium virtanenii
0.00	42	770	293	 Tessaracoccus timonensis
0.00	23	560	209	 Tessaracoccus sp. MC1865
0.00	6	427	173	 Tessaracoccus sp. J1M15
0.00	19	466	186	 Tessaracoccus aquimaris
0.00	9	503	209	 Tessaracoccus flavus
0.00	7	551	219	 Tessaracoccus defluvii
0.00	2	537	248	 Tessaracoccus flavescens
0.00	21	327	135	 Microlunatus sp. KUDC0627
0.00	11	300	126	 Microlunatus sp. Gsoil 973
0.00	16	1554	163	 Microlunatus phosphovorus
0.00	6	387	156	 Microlunatus soli
0.00	4	274	121	 Microlunatus sagamiharensis
0.00	45	417	127	 Propionimicrobium sp. Marseille-P3275
0.00	24	978	457	 Arachnia propionica
0.00	9	684	251	 Arachnia rubra
0.00	11	471	195	 Brevilactibacter coleopterorum
0.00	7	455	176	 Brevilactibacter sp. MC1595
0.00	15	438	169	 Auraticoccus monumenti
0.00	11	631	216	 Raineyella sp. CBA3103
0.00	18	137	50	 Nocardioides sp. MC1495
0.00	15	133	71	 Nocardioides sp. CF8
0.00	13	132	61	 Nocardioides sp. SCSIO 67246
0.00	13	97	32	 Nocardioides sp. ZJ1313
0.00	12	144	67	 Nocardioides sp. 603
0.00	9	135	64	 Nocardioides sp. HDW12B
0.00	6	148	51	 Nocardioides sp. LMS-CY
0.00	6	133	57	 Nocardioides sp. S-1144
0.00	3	144	77	 Nocardioides sp. S5
0.00	3	174	79	 Nocardioides sp. HY056
0.00	3	109	40	 Nocardioides sp. dk3136
0.00	2	148	64	 Nocardioides sp. zg-579
0.00	2	85	52	 Nocardioides sp. zg-1228
0.00	1	77	36	 Nocardioides sp. dk884
0.00	1	102	40	 Nocardioides sp. zg-536
0.00	1	105	61	 Nocardioides sp. JQ2195
0.00	1	147	69	 Nocardioides sp. WS12
0.00	39	1013	724	 Nocardioides rotundus
0.00	28	198	75	 Nocardioides anomalus
0.00	22	234	77	 Nocardioides baekrokdamisoli
0.00	20	163	61	 Nocardioides aquaticus
0.00	19	183	59	 Nocardioides daphniae
0.00	19	167	75	 Nocardioides seonyuensis
0.00	15	142	62	 Nocardioides sambongensis
0.00	10	185	71	 Nocardioides piscis
0.00	7	99	42	 Nocardioides marinisabuli
0.00	7	118	66	 Nocardioides mesophilus
0.00	6	129	60	 Nocardioides aromaticivorans
0.00	6	144	68	 Nocardioides cynanchi
0.00	5	128	62	 Nocardioides euryhalodurans
0.00	4	209	97	 Nocardioides humi
0.00	3	100	49	 Nocardioides dongkuii
0.00	2	131	63	 Nocardioides houyundeii
0.00	2	142	55	 Nocardioides ungokensis
0.00	20	172	66	 Aeromicrobium chenweiae
0.00	19	175	71	 Aeromicrobium yanjiei
0.00	17	206	68	 Aeromicrobium erythreum
0.00	9	170	54	 Aeromicrobium sp. zg-629
0.00	7	235	85	 Aeromicrobium sp. A1-2
0.00	8	133	63	 Aeromicrobium choanae
0.00	7	141	55	 Aeromicrobium marinum
0.00	19	395	154	 Friedmanniella luteola
0.00	19	438	206	 Micropruina glycogenica
0.00	14	229	107	 Mumia sp. ZJ1417
0.00	8	158	73	 Marmoricola scoriae
0.00	6	201	85	 Pimelobacter simplex
0.00	13	249	97	 Kribbella flavida
0.00	12	240	93	 Actinopolymorpha singaporensis
0.01	1795	66073	44433	 Corynebacterium kefirresidentii
0.01	1399	26198	18208	 Corynebacterium segmentosum
0.00	445	6270	4407	 Corynebacterium jeikeium
0.00	265	5082	3326	 Corynebacterium tuberculostearicum
0.00	244	2569	1672	 Corynebacterium amycolatum
0.00	186	2857	1858	 Corynebacterium macginleyi
0.00	171	5284	3704	 Corynebacterium striatum
0.00	25	170	48	 Corynebacterium sp. 2039
0.00	25	167	49	 Corynebacterium sp. zg-320
0.00	14	113	45	 Corynebacterium sp. 4H37-19
0.00	14	102	54	 Corynebacterium sp. zg-917
0.00	13	60	11	 Corynebacterium sp. NML93-0612
0.00	12	64	25	 Corynebacterium sp. sy039
0.00	11	210	66	 Corynebacterium sp. NML98-0116
0.00	7	124	46	 Corynebacterium sp. 1959
0.00	6	53	17	 Corynebacterium sp. 1864
0.00	3	80	57	 Corynebacterium sp. FDAARGOS 1242
0.00	2	7	3	 Corynebacterium sp. ATCC 6931
0.00	1	79	35	 Corynebacterium sp. 2019
0.00	114	3678	2437	 Corynebacterium kroppenstedtii
0.00	88	745	316	 Corynebacterium freneyi
0.00	86	1499	1021	 Corynebacterium matruchotii
0.00	71	576	233	 Corynebacterium glucuronolyticum
0.00	65	874	416	 Corynebacterium vitaeruminis
0.00	55	273	90	 Corynebacterium coyleae
0.00	52	448	187	 Corynebacterium atypicum
0.00	50	199	66	 Corynebacterium ulcerans
0.00	50	159	39	 Corynebacterium urogenitale
0.00	47	368	163	 Corynebacterium diphtheriae
0.00	45	291	62	 Corynebacterium callunae
0.00	44	380	166	 Corynebacterium aurimucosum
0.00	44	498	240	 Corynebacterium lactis
0.00	43	963	723	 Corynebacterium bovis
0.00	43	234	62	 Corynebacterium efficiens
0.00	41	106	31	 Corynebacterium pseudopelargi
0.00	40	191	52	 Corynebacterium maris
0.00	36	286	120	 Corynebacterium incognita
0.00	35	87	30	 Corynebacterium qintianiae
0.00	34	315	126	 Corynebacterium ureicelerivorans
0.00	34	252	93	 Corynebacterium pelargi
0.00	34	234	96	 Corynebacterium camporealensis
0.00	34	265	91	 Corynebacterium urealyticum
0.00	34	231	97	 Corynebacterium flavescens
0.00	33	130	34	 Corynebacterium rouxii
0.00	31	172	56	 Corynebacterium argentoratense
0.00	30	365	217	 Corynebacterium simulans
0.00	30	191	84	 Corynebacterium minutissimum
0.00	29	192	69	 Corynebacterium lizhenjunii
0.00	29	165	48	 Corynebacterium timonense
0.00	29	160	52	 Corynebacterium ammoniagenes
0.00	28	347	194	 Corynebacterium silvaticum
0.00	27	197	92	 Corynebacterium singulare
0.00	26	218	83	 Corynebacterium aquilae
0.00	25	291	75	 Corynebacterium uterequi
0.00	24	193	60	 Corynebacterium resistens
0.00	23	183	69	 Corynebacterium phocae
0.00	23	273	118	 Corynebacterium propinquum
0.00	21	181	58	 Corynebacterium xerosis
0.00	20	168	56	 Corynebacterium glutamicum
0.00	20	110	47	 Corynebacterium doosanense
0.00	20	188	56	 Corynebacterium frankenforstense
0.00	20	94	32	 Corynebacterium kutscheri
0.00	20	224	73	 Corynebacterium choanae
0.00	20	226	92	 Corynebacterium riegelii
0.00	19	140	48	 Corynebacterium liangguodongii
0.00	18	92	34	 Corynebacterium suranareeae
0.00	18	152	42	 Corynebacterium deserti
0.00	18	153	38	 Corynebacterium cystitidis
0.00	17	126	49	 Corynebacterium humireducens
0.00	16	179	58	 Corynebacterium imitans
0.00	16	123	54	 Corynebacterium glaucum
0.00	15	128	47	 Corynebacterium terpenotabidum
0.00	15	123	51	 Corynebacterium sphenisci
0.00	14	155	66	 Corynebacterium endometrii
0.00	14	72	22	 Corynebacterium crudilactis
0.00	14	144	38	 Corynebacterium mustelae
0.00	13	115	42	 Corynebacterium casei
0.00	12	99	33	 Corynebacterium mycetoides
0.00	12	186	66	 Corynebacterium yudongzhengii
0.00	12	162	66	 Corynebacterium testudinoris
0.00	12	176	90	 Corynebacterium falsenii
0.00	11	161	56	 Corynebacterium marinum
0.00	11	185	64	 Corynebacterium provencense
0.00	11	187	93	 Corynebacterium variabile
0.00	10	151	62	 Corynebacterium genitalium
0.00	10	136	58	 Corynebacterium gerontici
0.00	10	151	53	 Corynebacterium pseudotuberculosis
0.00	9	95	34	 Corynebacterium anserum
0.00	9	169	60	 Corynebacterium glyciniphilum
0.00	8	82	53	 Corynebacterium halotolerans
0.00	7	142	56	 Corynebacterium stationis
0.00	6	149	64	 Corynebacterium epidermidicanis
0.00	5	114	31	 Corynebacterium sanguinis
0.00	5	118	49	 Corynebacterium renale
0.00	5	186	58	 Corynebacterium nuruki
0.01	2611	15317	3345	 Lawsonella clevelandensis
0.00	16	140	39	 Mycobacterium sp. YC-RL4
0.00	16	1893	18	 Mycobacterium sp. TY59
0.00	8	103	46	 Mycobacterium sp. EPa45
0.00	6	67	32	 Mycobacterium sp. ELW1
0.00	5	51	31	 Mycobacterium sp. DL440
0.00	4	129	50	 Mycobacterium sp. MS1601
0.00	1	4	4	 Mycobacterium sp. PYR15
0.00	14	113	32	 Mycobacterium shigaense
0.00	12	89	32	 Mycobacterium stomatepiae
0.00	5	82	45	 Mycobacterium kubicae
0.00	5	83	34	 Mycobacterium parmense
0.00	3	116	39	 Mycobacterium simiae
0.00	3	52	24	 Mycobacterium heidelbergense
0.00	1	91	42	 Mycobacterium saskatchewanense
0.00	1	106	56	 Mycobacterium florentinum
0.00	25	156	45	 Mycobacterium noviomagense
0.00	11	162	84	 Mycobacterium avium
0.00	6	84	22	 Mycobacterium mantenii
0.00	1	72	34	 Mycobacterium intracellulare
0.00	1	77	29	 Mycobacterium colombiense
0.00	18	151	43	 Mycobacterium cookii
0.00	17	150	49	 Mycobacterium riyadhense
0.00	14	60	22	 Mycobacterium malmoense
0.00	9	107	42	 Mycobacterium tuberculosis
0.00	4	21	11	 Mycobacterium canettii
0.00	11	73	29	 Mycobacterium gallinarum
0.00	11	124	28	 Mycobacterium branderi
0.00	10	95	36	 Mycobacterium basiliense
0.00	10	110	49	 Mycobacterium spongiae
0.00	9	114	50	 Mycobacterium kansasii
0.00	9	92	41	 Mycobacterium conspicuum
0.00	9	53	17	 Mycobacterium paraseoulense
0.00	8	104	45	 Mycobacterium gordonae
0.00	7	70	36	 Mycobacterium vicinigordonae
0.00	6	90	50	 Mycobacterium paragordonae
0.00	3	184	43	 Mycobacterium leprae
0.00	3	64	26	 Mycobacterium lacus
0.00	3	64	33	 Mycobacterium haemophilum
0.00	2	96	40	 Mycobacterium shinjukuense
0.00	2	128	43	 Mycobacterium heckeshornense
0.00	2	126	44	 Mycobacterium goodii
0.00	1	86	37	 Mycobacterium xenopi
0.00	1	67	36	 Mycobacterium diernhoferi
0.00	1	63	36	 Mycobacterium frederiksbergense
0.00	1	119	53	 Mycobacterium dioxanotrophicus
0.00	21	115	32	 Mycolicibacterium phlei
0.00	21	202	75	 Mycolicibacterium litorale
0.00	4	107	47	 Mycolicibacterium sp. LJ126
0.00	17	148	53	 Mycolicibacterium anyangense
0.00	16	82	35	 Mycolicibacterium vaccae
0.00	15	384	216	 Mycolicibacterium fortuitum
0.00	15	103	45	 Mycolicibacterium rhodesiae
0.00	15	234	94	 Mycolicibacterium neoaurum
0.00	14	231	104	 Mycolicibacterium aurum
0.00	13	146	50	 Mycolicibacterium fluoranthenivorans
0.00	10	205	63	 Mycolicibacterium smegmatis
0.00	9	90	34	 Mycolicibacterium aichiense
0.00	8	87	34	 Mycolicibacterium moriokaense
0.00	8	118	53	 Mycolicibacterium parafortuitum
0.00	8	88	44	 Mycolicibacterium hassiacum
0.00	7	244	172	 Mycolicibacterium phocaicum
0.00	7	99	52	 Mycolicibacterium duvalii
0.00	6	85	34	 Mycolicibacterium thermoresistibile
0.00	5	75	36	 Mycolicibacterium sediminis
0.00	5	72	31	 Mycolicibacterium alvei
0.00	5	49	26	 Mycolicibacterium sarraceniae
0.00	5	114	41	 Mycolicibacterium madagascariense
0.00	4	162	107	 Mycolicibacterium mucogenicum
0.00	4	115	59	 Mycolicibacterium psychrotolerans
0.00	4	78	32	 Mycolicibacterium celeriflavum
0.00	4	77	34	 Mycolicibacterium arabiense
0.00	3	90	41	 Mycolicibacterium boenickei
0.00	3	106	52	 Mycolicibacterium austroafricanum
0.00	3	94	38	 Mycolicibacterium gadium
0.00	3	94	38	 Mycolicibacterium insubricum
0.00	2	53	30	 Mycolicibacterium helvum
0.00	2	89	38	 Mycobacterium doricum
0.00	2	49	21	 Mycolicibacterium poriferae
0.00	2	56	31	 Mycolicibacterium confluentis
0.00	1	110	52	 Mycolicibacterium fallax
0.00	1	62	37	 Mycolicibacterium aubagnense
0.00	1	105	51	 Mycolicibacterium chubuense
0.00	1	70	30	 Mycolicibacterium gilvum
0.00	26	552	304	 Mycobacteroides abscessus
0.00	12	115	67	 Mycobacteroides chelonae
0.00	6	79	31	 Mycobacteroides salmoniphilum
0.00	3	85	30	 Mycobacteroides saopaulense
0.00	21	79	28	 Mycolicibacter minnesotensis
0.00	9	65	16	 Mycolicibacter sp. MYC101
0.00	7	62	31	 Mycolicibacter sp. MYC098
0.00	8	98	39	 Mycolicibacter hiberniae
0.00	2	113	52	 Hoyosella subflava
0.00	25	123	40	 Rhodococcus sp. MTM3W5.2
0.00	22	166	40	 Rhodococcus sp. WMMA185
0.00	19	174	56	 Rhodococcus sp. P1Y
0.00	17	710	484	 Rhodococcus sp. PBTS 1
0.00	8	153	54	 Rhodococcus sp. B7740
0.00	6	143	45	 Rhodococcus sp. ABRD24
0.00	6	38	21	 Rhodococcus sp. WAY2
0.00	5	85	41	 Rhodococcus sp. SGAir0479
0.00	5	63	19	 Rhodococcus sp. USK13
0.00	5	55	39	 Rhodococcus sp. W8901
0.00	3	140	42	 Rhodococcus sp. X156
0.00	1	61	23	 Rhodococcus sp. USK10
0.00	1	5	5	 Rhodococcus sp. 21391
0.00	1	21	7	 Rhodococcus sp. S2-17
0.00	15	212	73	 Rhodococcus fascians
0.00	13	95	48	 Rhodococcus coprophilus
0.00	3	78	37	 Rhodococcus qingshengii
0.00	1	60	20	 Rhodococcus erythropolis
0.00	5	94	48	 Rhodococcus ruber
0.00	5	102	41	 Rhodococcus globerulus
0.00	5	1526	89	 Rhodococcus opacus
0.00	3	87	38	 Rhodococcus koreensis
0.00	2	149	72	 Rhodococcus rhodochrous
0.00	2	166	69	 Rhodococcus hoagii
0.00	2	17	5	 Rhodococcus aetherivorans
0.00	1	57	26	 Rhodococcus pyridinivorans
0.00	1	69	39	 Rhodococcus triatomae
0.00	35	371	133	 Nocardia brasiliensis
0.00	29	202	57	 Nocardia arthritidis
0.00	21	222	102	 Nocardia cyriacigeorgica
0.00	12	170	53	 Nocardia sp. CS682
0.00	9	126	56	 Nocardia sp. WCH-YHL-001
0.00	16	250	94	 Nocardia terpenica
0.00	14	226	103	 Nocardia asteroides
0.00	13	213	62	 Nocardia otitidiscaviarum
0.00	8	115	49	 Nocardia wallacei
0.00	8	93	40	 Nocardia yunnanensis
0.00	7	108	51	 Nocardia seriolae
0.00	6	126	55	 Nocardia mangyaensis
0.00	4	117	56	 Nocardia nova
0.00	4	116	52	 Nocardia tengchongensis
0.00	1	78	37	 Nocardia iowensis
0.00	18	284	191	 Gordonia sp. JH63
0.00	11	78	40	 Gordonia sp. KTR9
0.00	5	125	51	 Gordonia sp. PDNC005
0.00	2	106	48	 Gordonia sp. YC-JH1
0.00	2	33	18	 Gordonia sp. 135
0.00	1	21	11	 Gordonia sp. 1D
0.00	28	330	225	 Gordonia terrae
0.00	28	207	53	 Gordonia amarae
0.00	24	218	80	 Gordonia phthalatica
0.00	16	129	51	 Gordonia pseudoamarae
0.00	11	333	126	 Gordonia polyisoprenivorans
0.00	8	339	148	 Gordonia bronchialis
0.00	8	114	43	 Gordonia zhaorongruii
0.00	6	131	70	 Gordonia insulae
0.00	5	106	40	 Gordonia jinghuaiqii
0.00	12	118	49	 Skermania piniformis
0.00	53	305	98	 Tsukamurella paurometabola
0.00	7	237	189	 Tsukamurella tyrosinosolvens
0.00	14	203	68	 Dietzia timorensis
0.00	8	141	46	 Dietzia psychralcaliphila
0.00	5	70	31	 Dietzia lutea
0.00	12	174	65	 Segniliparus rotundus
0.00	4	117	37	 Tomitella sp. HY188
0.00	418	8550	5909	 Micrococcus luteus
0.00	27	180	51	 Micrococcus sp. KD337-16
0.00	16	204	168	 Micrococcus sp. KBS0714
0.00	5	30	20	 Micrococcus sp. A7
0.00	1	17	7	 Micrococcus sp. 28
0.00	1	4	4	 Micrococcus sp. A1
0.00	1	16	8	 Micrococcus sp. MG-2010-D12
0.00	34	135	41	 Arthrobacter sp. StoSoilB20
0.00	26	125	46	 Arthrobacter sp. FB24
0.00	25	148	37	 Arthrobacter sp. NicSoilC5
0.00	23	107	33	 Arthrobacter sp. StoSoilB5
0.00	20	195	56	 Arthrobacter sp. PAMC 25486
0.00	19	80	17	 Arthrobacter sp. StoSoilB13
0.00	17	130	44	 Arthrobacter sp. zg-ZUI122
0.00	17	98	29	 Arthrobacter sp. PM3
0.00	17	107	39	 Arthrobacter sp. QXT-31
0.00	17	96	33	 Arthrobacter sp. D5-1
0.00	15	91	35	 Arthrobacter sp. UKPF54-2
0.00	15	172	44	 Arthrobacter sp. U41
0.00	15	139	47	 Arthrobacter sp. YC-RL1
0.00	14	100	26	 Arthrobacter sp. PGP41
0.00	14	118	28	 Arthrobacter sp. NicSoilB4
0.00	14	149	43	 Arthrobacter sp. 24S4-2
0.00	14	200	59	 Arthrobacter sp. ERGS1:01
0.00	13	106	36	 Arthrobacter sp. PAMC25564
0.00	12	166	61	 Arthrobacter sp. NEB 688
0.00	9	86	26	 Arthrobacter sp. StoSoilB22
0.00	9	140	51	 Arthrobacter sp. zg-ZUI227
0.00	8	100	31	 Arthrobacter sp. YN
0.00	7	122	45	 Arthrobacter sp. NicSoilB8
0.00	3	137	45	 Arthrobacter sp. PAMC25284
0.00	2	16	11	 Arthrobacter sp. TES
0.00	1	74	30	 Arthrobacter sp. KBS0702
0.00	47	378	111	 Arthrobacter alpinus
0.00	41	189	52	 Arthrobacter woluwensis
0.00	33	249	89	 Arthrobacter agilis
0.00	25	355	121	 Arthrobacter crystallopoietes
0.00	20	240	52	 Arthrobacter dokdonellae
0.00	54	563	250	 Rothia mucilaginosa
0.00	43	1036	641	 Rothia kristinae
0.00	24	420	252	 Rothia dentocariosa
0.00	24	180	54	 Rothia terrae
0.00	23	173	54	 Rothia nasimurium
0.00	17	146	56	 Rothia aeria
0.00	17	165	44	 Rothia sp. ZJ932
0.00	7	150	103	 Rothia amarae
0.00	34	136	42	 Kocuria flava
0.00	16	167	72	 Kocuria sp. TGY1120_3
0.00	9	190	68	 Kocuria sp. TGY1127_2
0.00	8	235	8	 Kocuria sp. BT304
0.00	31	418	185	 Kocuria rhizophila
0.00	25	176	49	 Kocuria rosea
0.00	23	110	27	 Kocuria turfanensis
0.00	13	486	340	 Kocuria palustris
0.00	11	191	84	 Kocuria varians
0.00	40	274	50	 Glutamicibacter creatinolyticus
0.00	19	131	47	 Glutamicibacter mishrai
0.00	16	153	54	 Glutamicibacter halophytocola
0.00	8	29	6	 Glutamicibacter sp. ZJUTW
0.00	5	130	45	 Glutamicibacter arilaitensis
0.00	2	109	34	 Glutamicibacter protophormiae
0.00	17	103	37	 Pseudarthrobacter sp. BIM B-2242
0.00	4	72	26	 Pseudarthrobacter sp. NBSH8
0.00	17	104	29	 Pseudarthrobacter chlorophenolicus
0.00	12	121	42	 Pseudarthrobacter phenanthrenivorans
0.00	10	53	16	 Pseudarthrobacter sulfonivorans
0.00	25	155	37	 Renibacterium salmoninarum
0.00	22	182	48	 Neomicrococcus aestuarii
0.00	18	145	54	 Sinomonas sp. R1AF57
0.00	1	82	50	 Sinomonas atrocyanea
0.00	15	163	50	 Nesterenkonia sp. NBAIMH1
0.00	8	119	43	 Paenarthrobacter sp. YJN-D
0.00	5	71	17	 Paenarthrobacter sp. YJN-5
0.00	1	16	12	 Paenarthrobacter aurescens
0.00	14	94	36	 Citricoccus sp. SGAir0253
0.00	13	157	61	 Auritidibacter sp. NML130574
0.00	13	163	68	 Psychromicrobium lacuslunae
0.00	3	169	63	 Paeniglutamicibacter sp. Y32M11
0.00	30	144	48	 Microbacterium sp. BH-3-3-3
0.00	28	164	43	 Microbacterium sp. CBA3102
0.00	15	65	22	 Microbacterium sp. 1S1
0.00	14	113	56	 Microbacterium sp. A18JL200
0.00	13	84	30	 Microbacterium sp. NY27
0.00	12	78	37	 Microbacterium sp. 4R-513
0.00	12	152	56	 Microbacterium sp. PM5
0.00	11	111	33	 Microbacterium sp. YJN-G
0.00	9	88	34	 Microbacterium sp. ABRD_28
0.00	9	128	59	 Microbacterium sp. Y-01
0.00	7	150	38	 Microbacterium sp. XT11
0.00	6	152	33	 Microbacterium sp. RG1
0.00	6	118	33	 Microbacterium sp. A18JL241
0.00	5	75	29	 Microbacterium sp. Nx66
0.00	4	101	39	 Microbacterium sp. WY121
0.00	3	83	30	 Microbacterium sp. TPU 3598
0.00	2	57	33	 Microbacterium sp. JZ31
0.00	2	136	81	 Microbacterium sp. No. 7
0.00	2	17	9	 Microbacterium sp. PAMC22086
0.00	1	49	27	 Microbacterium sp. 10M-3C3
0.00	31	781	544	 Microbacterium aurum
0.00	31	127	40	 Microbacterium chengjingii
0.00	15	119	45	 Microbacterium fandaimingii
0.00	15	231	86	 Microbacterium foliorum
0.00	15	136	42	 Microbacterium lemovicicum
0.00	14	141	59	 Microbacterium hominis
0.00	14	122	43	 Microbacterium oryzae
0.00	11	199	80	 Microbacterium oleivorans
0.00	10	129	55	 Microbacterium endophyticum
0.00	9	107	37	 Microbacterium protaetiae
0.00	8	147	49	 Microbacterium sediminis
0.00	7	73	27	 Microbacterium chocolatum
0.00	6	104	51	 Microbacterium oxydans
0.00	5	76	29	 Microbacterium wangchenii
0.00	5	78	35	 Microbacterium lushaniae
0.00	3	99	39	 Microbacterium pygmaeum
0.00	3	78	34	 Microbacterium schleiferi
0.00	2	92	40	 Microbacterium amylolyticum
0.00	2	53	25	 Microbacterium caowuchunii
0.00	1	22	11	 Microbacterium paraoxydans
0.00	1	95	33	 Microbacterium esteraromaticum
0.00	39	187	52	 Leucobacter sp. CX169
0.00	19	167	65	 Leucobacter sp. NB 10
0.00	4	102	48	 Leucobacter sp. Psy1
0.00	29	159	49	 Leucobacter coleopterorum
0.00	23	116	37	 Leucobacter viscericola
0.00	18	113	36	 Leucobacter insecticola
0.00	10	142	47	 Leucobacter triazinivorans
0.00	10	148	48	 Leucobacter muris
0.00	7	83	35	 Leucobacter luti
0.00	1	83	31	 Leucobacter denitrificans
0.00	19	168	45	 Rathayibacter iranicus
0.00	9	60	30	 Rathayibacter sp. VKM Ac-2759
0.00	13	130	40	 Rathayibacter toxicus
0.00	12	83	23	 Rathayibacter tritici
0.00	8	102	28	 Rathayibacter tanaceti
0.00	7	74	31	 Rathayibacter festucae
0.00	2	60	21	 Rathayibacter rathayi
0.00	60	345	123	 Clavibacter michiganensis
0.00	2	55	14	 Clavibacter zhangzhiyongii
0.00	17	131	32	 Salinibacterium sp. ZJ450
0.00	9	168	49	 Salinibacterium sp. UTAS2018
0.00	9	101	32	 Salinibacterium sp. M195
0.00	6	98	33	 Salinibacterium sp. ZJ70
0.00	1	94	34	 Salinibacterium sp. dk2585
0.00	30	175	55	 Cryobacterium sp. LW097
0.00	2	76	29	 Cryobacterium sp. PAMC25264
0.00	16	80	27	 Cryobacterium soli
0.00	7	44	23	 Cryobacterium arcticum
0.00	4	58	28	 Curtobacterium sp. YC1
0.00	1	100	32	 Curtobacterium sp. L6-1
0.00	22	177	64	 Curtobacterium flaccumfaciens
0.00	52	139	52	 Glaciihabitans sp. INWT7
0.00	14	89	33	 Rhodoluna limnophila
0.00	8	62	26	 Rhodoluna lacicola
0.00	6	57	18	 Candidatus Rhodoluna planktonica
0.00	20	96	29	 Aquiluna borgnonia
0.00	1	31	16	 Candidatus Aquiluna sp. UB-MaderosW2red
0.00	41	2103	64	 Mycetocola sp. JXN-3
0.00	1	92	41	 Mycetocola zhujimingii
0.00	13	135	39	 Leifsonia sp. ZF2019
0.00	6	93	31	 Leifsonia sp. 21MFCrub1.1
0.00	17	122	48	 Leifsonia xyli
0.00	1	114	46	 Leifsonia shinshuensis
0.00	10	114	39	 Agromyces aureus
0.00	4	55	37	 Agromyces flavus
0.00	3	88	36	 Agromyces sp. LHK192
0.00	1	118	47	 Agromyces sp. G127AT
0.00	3	52	33	 Agromyces badenianii
0.00	3	93	46	 Agromyces laixinhei
0.00	1	88	49	 Agromyces intestinalis
0.00	27	89	31	 Agrococcus sp. Marseille-Q4369
0.00	2	59	23	 Agrococcus sp. SGAir0287
0.00	29	214	85	 Microterricola viridarii
0.00	18	75	23	 Aurantimicrobium sp. MWH-Uga1
0.00	8	94	30	 Aurantimicrobium sp. MWH-Mo1
0.00	2	40	20	 Aurantimicrobium minutum
0.00	20	169	52	 Herbiconiux sp. SALV-R1
0.00	14	108	48	 Subtercola sp. PAMC28395
0.00	11	99	38	 Diaminobutyricimonas sp. LJ205
0.00	6	102	34	 Protaetiibacter intestinalis
0.00	4	54	24	 Protaetiibacter larvae
0.00	5	116	55	 Frondihabitans sp. PAMC 28766
0.00	1	77	28	 Frondihabitans sp. 762G35
0.00	6	86	48	 Frigoribacterium sp. NBH87
0.00	2	15	10	 Chryseoglobus indicus
0.00	1	22	9	 Chryseoglobus sp. 28M-23
0.00	4	78	38	 Agreia sp. COWG
0.00	2	71	32	 Pontimonas salivibrio
0.00	1	97	42	 Humibacter sp. WJ7-1
0.00	1	57	34	 Microcella alkaliphila
0.00	113	4221	2936	 Brevibacterium casei
0.00	108	1500	57	 Brevibacterium sandarakinum
0.00	57	289	86	 Brevibacterium luteolum
0.00	43	293	99	 Brevibacterium linens
0.00	42	263	81	 Brevibacterium aurantiacum
0.00	5	106	44	 Brevibacterium sp. WO024
0.00	4	55	24	 Brevibacterium sp. 'Marine'
0.00	1	39	21	 Brevibacterium sp. YB235
0.00	1	97	43	 Brevibacterium sp. CS2
0.00	1	61	30	 Brevibacterium sp. o2
0.00	1	40	18	 Brevibacterium sp. W7.2
0.00	11	124	43	 Brevibacterium oceani
0.00	3	54	24	 Brevibacterium siliguriense
0.00	39	215	77	 Brachybacterium ginsengisoli
0.00	33	166	61	 Brachybacterium saurashtrense
0.00	25	222	92	 Brachybacterium sp. SGAir0954
0.00	8	136	47	 Brachybacterium sp. P6-10-X1
0.00	5	119	51	 Brachybacterium vulturis
0.00	3	123	57	 Brachybacterium faecium
0.00	1	165	55	 Brachybacterium avium
0.00	50	2356	499	 Dermabacter jinjuensis
0.00	41	279	98	 Dermabacter vaginalis
0.00	53	278	83	 Devriesea agamarum
0.00	28	166	47	 Cellulomonas sp. H30R-01
0.00	27	171	51	 Cellulomonas sp. Y8
0.00	13	101	42	 Cellulomonas sp. zg-ZUI188
0.00	12	117	42	 Cellulomonas sp. JZ18
0.00	9	110	46	 Cellulomonas sp. zg-ZUI157
0.00	6	105	42	 Cellulomonas sp. C5510
0.00	5	147	58	 Cellulomonas sp. zg-ZUI222
0.00	1	57	30	 Cellulomonas sp. PSBB021
0.00	43	200	51	 Cellulomonas flavigena
0.00	22	170	51	 Cellulomonas shaoxiangyii
0.00	22	230	58	 Cellulomonas taurus
0.00	12	138	54	 Cellulomonas fimi
0.00	4	78	42	 Cellulomonas gilvus
0.00	26	210	68	 Pseudactinotalea sp. HY158
0.00	14	118	43	 Paraoerskovia marina
0.00	11	137	42	 Actinotalea sp. JY-7876
0.00	4	136	44	 Oerskovia sp. KBS0722
0.00	70	1343	942	 Janibacter indicus
0.00	20	351	269	 Janibacter sp. YB324
0.00	9	149	80	 Janibacter limosus
0.00	5	225	93	 Janibacter melonis
0.00	11	141	55	 Phycicoccus endophyticus
0.00	3	144	71	 Phycicoccus sp. HDW14
0.00	12	187	73	 Intrasporangium calvum
0.00	9	154	64	 Pedococcus dokdonensis
0.00	7	131	51	 Tetrasphaera sp. HKS02
0.00	3	271	98	 Arsenicicoccus sp. oral taxon 190
0.00	64	362	84	 Georgenia sp. Z443
0.00	29	212	56	 Georgenia sp. Z294
0.00	32	263	84	 Georgenia faecalis
0.00	36	161	58	 Isoptericola dokdonensis
0.00	14	133	54	 Isoptericola variabilis
0.00	8	154	60	 Cellulosimicrobium cellulans
0.00	14	165	42	 Xylanimonas allomyrinae
0.00	9	103	45	 Xylanimonas cellulosilytica
0.00	21	185	56	 Serinicoccus chungangensis
0.00	18	250	94	 Serinicoccus profundi
0.00	9	121	51	 Serinicoccus marinus
0.00	9	152	64	 Serinicoccus hydrothermalis
0.00	25	157	52	 Ornithinimicrobium pratense
0.00	8	135	56	 Ornithinimicrobium sp. AMA3305
0.00	6	192	86	 Ornithinimicrobium sp. H23M54
0.00	1	161	69	 Ornithinimicrobium sp. HY006
0.00	1	150	62	 Ornithinimicrobium flavum
0.00	74	287	92	 Ruania sp. HY164
0.00	8	240	79	 Ruania sp. HY168
0.00	25	210	63	 Ruania alkalisoli
0.00	32	365	145	 Mobilicoccus sp. NJES-13
0.00	25	268	89	 Dermatophilus congolensis
0.00	25	210	98	 Austwickia chelonae
0.00	45	196	76	 Beutenbergia cavernae
0.00	26	161	56	 Miniimonas sp. S16
0.00	35	196	73	 Yimella sp. cx-51
0.00	9	218	108	 Dermacoccus sp. PAMC28757
0.00	1	157	92	 Dermacoccus nishinomiyaensis
0.00	4	184	90	 Luteipulveratus mongoliensis
0.00	20	145	61	 Sanguibacter sp. HDW7
0.00	7	146	71	 Sanguibacter keddieii
0.00	18	484	156	 Kytococcus sedentarius
0.00	6	117	55	 Luteimicrobium xylanilyticum
0.00	5	29	14	 Tropheryma whipplei
0.00	42	343	101	 Actinomyces sp. MAS-1
0.00	34	205	107	 Actinomyces sp. HMT 175
0.00	33	265	73	 Actinomyces sp. Z16
0.00	30	449	266	 Actinomyces sp. oral taxon 171
0.00	30	422	245	 Actinomyces sp. oral taxon 169
0.00	30	225	50	 Actinomyces sp. 432
0.00	28	293	79	 Actinomyces sp. oral taxon 414
0.00	13	132	45	 Actinomyces sp. Chiba101
0.00	7	40	12	 Actinomyces sp. zg-332
0.00	1	6	4	 Actinomyces sp. oral taxon 897
0.00	98	919	398	 Actinomyces trachealis
0.00	53	317	94	 Actinomyces qiguomingii
0.00	51	436	265	 Actinomyces oris
0.00	44	415	123	 Actinomyces radicidentis
0.00	43	259	75	 Actinomyces israelii
0.00	40	245	67	 Actinomyces weissii
0.00	32	392	116	 Actinomyces faecalis
0.00	31	261	87	 Actinomyces slackii
0.00	25	473	259	 Actinomyces naeslundii
0.00	24	250	122	 Actinomyces pacaensis
0.00	21	304	102	 Actinomyces respiraculi
0.00	15	188	67	 Actinomyces wuliandei
0.00	14	141	51	 Actinomyces gaoshouyii
0.00	10	154	64	 Actinomyces procaprae
0.00	10	180	55	 Actinomyces marmotae
0.00	9	223	80	 Actinomyces viscosus
0.00	6	200	74	 Actinomyces lilanjuaniae
0.00	6	215	93	 Actinomyces howellii
0.00	700	2924	272	 Actinotignum schaalii
0.00	237	1115	210	 Trueperella pecoris
0.00	151	685	102	 Trueperella bialowiezensis
0.00	77	708	204	 Trueperella pyogenes
0.00	216	816	107	 Arcanobacterium sp. JY-X040
0.00	21	153	31	 Arcanobacterium sp. 2701
0.00	45	336	72	 Arcanobacterium haemolyticum
0.00	33	161	45	 Arcanobacterium phocae
0.00	12	116	35	 Arcanobacterium phocisimile
0.00	126	1236	586	 Schaalia odontolytica
0.00	48	334	98	 Schaalia sp. 19OD2882
0.00	33	316	76	 Schaalia sp. ZJ405
0.00	6	196	69	 Schaalia sp. JY-X169
0.00	74	391	80	 Schaalia meyeri
0.00	30	287	75	 Schaalia cardiffensis
0.00	13	235	92	 Schaalia turicensis
0.00	201	925	130	 Actinobaculum sp. 313
0.00	91	475	103	 Flaviflexus salsibiostraticola
0.00	44	389	82	 Flaviflexus sp. dk850
0.00	26	302	79	 Flaviflexus sp. H23T48
0.00	48	337	117	 Winkia sp. C64
0.00	42	435	147	 Mobiluncus curtisii
0.00	34	318	135	 Pauljensenia hongkongensis
0.00	27	228	59	 Boudabousia tangfeifanii
0.00	31	57	9	 Streptomyces sp. V17-9
0.00	26	131	50	 Streptomyces sp. YIM 121038
0.00	18	129	43	 Streptomyces sp. WAC 01438
0.00	17	111	43	 Streptomyces sp. C8S0
0.00	16	60	28	 Streptomyces sp. WAC 01529
0.00	15	90	35	 Streptomyces sp. M2
0.00	15	104	44	 Streptomyces sp. ST1015
0.00	15	130	46	 Streptomyces sp. SN-593
0.00	11	98	31	 Streptomyces sp. WY228
0.00	11	109	51	 Streptomyces sp. SCUT-3
0.00	10	92	47	 Streptomyces sp. MG28
0.00	10	47	18	 Streptomyces sp. S8
0.00	8	95	40	 Streptomyces sp. RPA4-2
0.00	8	133	52	 Streptomyces sp. CRXT-G-22
0.00	7	137	61	 Streptomyces sp. CdTB01
0.00	7	40	19	 Streptomyces sp. SUK 48
0.00	6	113	48	 Streptomyces sp. BHT-5-2
0.00	5	59	30	 Streptomyces sp. SM18
0.00	4	47	13	 Streptomyces sp. RLB1-33
0.00	4	137	62	 Streptomyces sp. SCSIO 3032
0.00	4	110	51	 Streptomyces sp. GMY02
0.00	4	34	19	 Streptomyces sp. MOE7
0.00	4	78	37	 Streptomyces sp. fd1-xmd
0.00	3	124	42	 Streptomyces sp. CRXT-Y-14
0.00	3	39	29	 Streptomyces sp. CRPJ-33
0.00	3	114	39	 Streptomyces sp. NA02950
0.00	3	64	23	 Streptomyces sp. 769
0.00	2	50	22	 Streptomyces sp. NEAU-S7GS2
0.00	2	138	59	 Streptomyces sp. TLI_053
0.00	2	44	26	 Streptomyces sp. A2-16
0.00	2	21	14	 Streptomyces sp. CNQ-509
0.00	2	125	44	 Streptomyces sp. MG62
0.00	2	67	43	 Streptomyces sp. 135
0.00	2	29	22	 Streptomyces sp. S063
0.00	2	165	66	 Streptomyces sp. CB01881
0.00	1	36	18	 Streptomyces sp. INR7
0.00	1	85	40	 Streptomyces sp. Go-475
0.00	1	57	38	 Streptomyces sp. 3214.6
0.00	1	31	16	 Streptomyces sp. 3211
0.00	1	89	40	 Streptomyces sp. QHH-9511
0.00	1	132	64	 Streptomyces sp. So13.3
0.00	1	44	23	 Streptomyces sp. Z423-1
0.00	1	55	26	 Streptomyces sp. RPA4-5
0.00	1	7	6	 Streptomyces sp. 604F
0.00	1	28	14	 Streptomyces sp. TN58
0.00	1	59	34	 Streptomyces sp. Rer75
0.00	1	50	27	 Streptomyces sp. YPW6
0.00	49	531	223	 Streptomyces venezuelae
0.00	24	176	80	 Streptomyces buecherae
0.00	22	38	6	 Streptomyces fradiae
0.00	21	204	93	 Streptomyces chartreusis
0.00	21	117	42	 Streptomyces pratensis
0.00	18	119	54	 Streptomyces cattleya
0.00	18	80	30	 Streptomyces spongiicola
0.00	18	133	45	 Streptomyces nigra
0.00	15	109	39	 Streptomyces davaonensis
0.00	15	189	93	 Streptomyces tsukubensis
0.00	15	53	21	 Streptomyces cyanogenus
0.00	15	184	66	 Streptomyces spectabilis
0.00	14	78	28	 Streptomyces fulvissimus
0.00	13	92	44	 Streptomyces cyaneochromogenes
0.00	13	223	91	 Streptomyces lydicus
0.00	13	121	47	 Streptomyces capitiformicae
0.00	13	68	29	 Streptomyces hundungensis
0.00	13	90	34	 Streptomyces actuosus
0.00	12	149	62	 Streptomyces albulus
0.00	12	92	47	 Streptomyces lunaelactis
0.00	12	178	74	 Streptomyces bingchenggensis
0.00	11	113	56	 Streptomyces atratus
0.00	11	64	23	 Streptomyces noursei
0.00	10	152	75	 Streptomyces mobaraensis
0.00	9	106	40	 Streptomyces rimosus
0.00	9	87	44	 Streptomyces subrutilus
0.00	8	93	43	 Streptomyces aureoverticillatus
0.00	8	84	50	 Streptomyces cadmiisoli
0.00	7	101	45	 Streptomyces rectiverticillatus
0.00	7	81	43	 Streptomyces olivoreticuli
0.00	7	135	47	 Streptomyces nodosus
0.00	7	122	54	 Streptomyces griseorubiginosus
0.00	7	215	99	 Streptomyces albus
0.00	7	110	46	 Streptomyces liangshanensis
0.00	6	114	39	 Streptomyces roseochromogenus
0.00	6	78	40	 Streptomyces fodineus
0.00	5	871	17	 Streptomyces lividans
0.00	5	111	59	 Streptomyces alboflavus
0.00	5	47	25	 Streptomyces hawaiiensis
0.00	5	17	12	 Streptomyces californicus
0.00	2	45	19	 Streptomyces yatensis
0.00	2	107	49	 Streptomyces rapamycinicus
0.00	1	99	69	 Streptomyces hygroscopicus
0.00	5	77	41	 Streptomyces griseocarneus
0.00	5	59	26	 Streptomyces albidoflavus
0.00	4	99	39	 Streptomyces vietnamensis
0.00	4	125	51	 Streptomyces paludis
0.00	4	145	70	 Streptomyces seoulensis
0.00	4	59	19	 Streptomyces formicae
0.00	4	73	27	 Streptomyces globisporus
0.00	4	55	27	 Streptomyces gilvosporeus
0.00	4	72	27	 Streptomyces calvus
0.00	4	71	39	 Streptomyces finlayi
0.00	4	86	45	 Streptomyces luteoverticillatus
0.00	4	68	32	 Streptomyces nitrosporeus
0.00	3	60	22	 Streptomyces xiamenensis
0.00	3	93	43	 Streptomyces armeniacus
0.00	3	176	77	 Streptomyces viridifaciens
0.00	3	49	23	 Streptomyces platensis
0.00	3	67	33	 Streptomyces chromofuscus
0.00	3	137	37	 Streptomyces katrae
0.00	3	76	34	 Streptomyces kanamyceticus
0.00	3	70	33	 Streptomyces gardneri
0.00	3	63	36	 Streptomyces peucetius
0.00	3	66	24	 Streptomyces tirandamycinicus
0.00	3	68	40	 Streptomyces lavendulae
0.00	2	59	26	 Streptomyces leeuwenhoekii
0.00	2	92	37	 Streptomyces exfoliatus
0.00	2	83	46	 Streptomyces aquilus
0.00	2	95	39	 Streptomyces collinus
0.00	2	78	34	 Streptomyces ambofaciens
0.00	2	57	33	 Streptomyces decoyicus
0.00	2	58	29	 Streptomyces vinaceus
0.00	2	52	31	 Streptomyces coeruleorubidus
0.00	2	27	18	 Streptomyces auratus
0.00	2	48	27	 Streptomyces pactum
0.00	1	82	41	 Streptomyces griseoviridis
0.00	1	71	41	 Streptomyces ficellus
0.00	1	81	46	 Streptomyces lincolnensis
0.00	1	93	40	 Streptomyces ferrugineus
0.00	1	45	31	 Streptomyces incarnatus
0.00	1	38	27	 Streptomyces galilaeus
0.00	1	54	33	 Streptomyces fagopyri
0.00	1	60	33	 Streptomyces broussonetiae
0.00	1	76	37	 Streptomyces pristinaespiralis
0.00	1	66	35	 Streptomyces angustmyceticus
0.00	1	86	42	 Streptomyces cacaoi
0.00	1	161	77	 Streptomyces niveus
0.00	1	57	32	 Streptomyces nojiriensis
0.00	1	76	43	 Streptomyces antibioticus
0.00	1	90	52	 Streptomyces clavuligerus
0.00	7	124	61	 Kitasatospora sp. NA04385
0.00	6	106	59	 Kitasatospora sp. MMS16-BH015
0.00	10	119	63	 Kitasatospora setae
0.00	17	146	65	 Streptacidiphilus bronchialis
0.00	1	87	52	 Streptacidiphilus sp. P02-A3a
0.00	74	319	71	 Bifidobacterium pseudolongum
0.00	58	298	79	 Bifidobacterium asteroides
0.00	42	2268	46	 Bifidobacterium thermophilum
0.00	36	112	35	 Bifidobacterium angulatum
0.00	35	189	41	 Bifidobacterium pullorum
0.00	34	346	131	 Bifidobacterium longum
0.00	30	189	64	 Bifidobacterium breve
0.00	28	149	37	 Bifidobacterium subtile
0.00	26	202	49	 Bifidobacterium adolescentis
0.00	19	224	65	 Bifidobacterium animalis
0.00	17	104	22	 Bifidobacterium dentium
0.00	15	150	37	 Bifidobacterium actinocoloniiforme
0.00	10	165	53	 Bifidobacterium bifidum
0.00	9	71	17	 Bifidobacterium imperatoris
0.00	6	59	24	 Bifidobacterium pseudocatenulatum
0.00	6	23	12	 Bifidobacterium lemurum
0.00	3	49	15	 Bifidobacterium saguini
0.00	2	54	25	 Bifidobacterium scardovii
0.00	2	110	31	 Bifidobacterium catenulatum
0.00	1	76	34	 Bifidobacterium choerinum
0.00	1	55	22	 Bifidobacterium eulemuris
0.00	71	372	50	 Parascardovia denticolens
0.00	15	86	46	 Gardnerella vaginalis
0.00	3	90	80	 Gardnerella leopoldii
0.00	11	89	19	 Scardovia inopinata
0.00	14	275	115	 Pseudonocardia sp. DSM 110487
0.00	12	125	67	 Pseudonocardia sp. HH130629-09
0.00	12	171	61	 Pseudonocardia sp. CGMCC 4.1532
0.00	6	176	109	 Pseudonocardia sp. AL041005-10
0.00	3	145	71	 Pseudonocardia sp. HH130630-07
0.00	2	22	6	 Pseudonocardia sp. EC080619-01
0.00	1	7	3	 Pseudonocardia sp. EC080625-04
0.00	13	157	76	 Pseudonocardia autotrophica
0.00	12	182	81	 Pseudonocardia dioxanivorans
0.00	9	116	73	 Pseudonocardia broussonetiae
0.00	19	133	59	 Amycolatopsis sp. YIM 10
0.00	17	168	66	 Amycolatopsis sp. AA4
0.00	11	159	60	 Amycolatopsis sp. DSM 110486
0.00	8	133	55	 Amycolatopsis sp. FDAARGOS 1241
0.00	6	182	73	 Amycolatopsis sp. CA-230715
0.00	2	77	44	 Amycolatopsis sp. BJA-103
0.00	2	111	64	 Amycolatopsis sp. Hca4
0.00	1	135	67	 Amycolatopsis sp. YIM 96748
0.00	1	78	30	 Amycolatopsis sp. TNS106
0.00	9	170	61	 Amycolatopsis methanolica
0.00	7	127	73	 Amycolatopsis mediterranei
0.00	6	131	59	 Amycolatopsis keratiniphila
0.00	4	97	40	 Amycolatopsis albispora
0.00	1	73	31	 Amycolatopsis japonica
0.00	32	390	124	 Saccharopolyspora erythraea
0.00	6	68	29	 Saccharopolyspora sp. ASAGF58
0.00	6	121	59	 Saccharopolyspora coralli
0.00	1	78	43	 Saccharopolyspora spinosa
0.00	1	69	34	 Saccharopolyspora pogona
0.00	28	170	55	 Actinoalloteichus hoggarensis
0.00	3	7	3	 Actinoalloteichus sp. GBA129-24
0.00	1	126	54	 Actinoalloteichus hymeniacidonis
0.00	17	157	65	 Saccharothrix syringae
0.00	15	136	62	 Saccharothrix espanaensis
0.00	5	178	57	 Saccharothrix sp. 6-C
0.00	24	162	60	 Kutzneria albida
0.00	11	169	83	 Kutzneria sp. CA-103260
0.00	8	105	43	 Saccharomonospora glauca
0.00	5	92	46	 Saccharomonospora viridis
0.00	4	77	38	 Saccharomonospora cyanea
0.00	2	123	33	 Saccharomonospora azurea
0.00	1	142	56	 Saccharomonospora marina
0.00	18	189	89	 Lentzea guizhouensis
0.00	11	150	72	 Prauserella marina
0.00	10	123	53	 Allokutzneria albata
0.00	5	90	29	 Actinosynnema pretiosum
0.00	4	137	59	 Alloactinosynnema sp. L-07
0.00	2	174	79	 Kibdelosporangium phytohabitans
0.00	28	208	70	 Actinoplanes sp. N902-109
0.00	9	210	93	 Actinoplanes sp. L3-i22
0.00	31	142	56	 Actinoplanes missouriensis
0.00	20	176	53	 Actinoplanes teichomyceticus
0.00	4	206	91	 Actinoplanes friuliensis
0.00	3	137	80	 Actinoplanes derwentensis
0.00	1	122	61	 Actinoplanes ianthinogenes
0.00	11	159	53	 Micromonospora maris
0.00	11	94	41	 Micromonospora krabiensis
0.00	8	72	26	 Micromonospora tulbaghiae
0.00	7	104	43	 Micromonospora terminaliae
0.00	7	73	47	 Micromonospora echinofusca
0.00	6	84	32	 Micromonospora inositola
0.00	5	103	46	 Micromonospora echinospora
0.00	4	65	34	 Micromonospora echinaurantiaca
0.00	4	58	27	 Micromonospora coriariae
0.00	3	96	41	 Micromonospora rifamycinica
0.00	1	71	32	 Micromonospora sp. WMMA2032
0.00	3	81	31	 Micromonospora endophytica (Xie et al. 2001) Li et al. 2019
0.00	2	80	38	 Micromonospora chokoriensis
0.00	2	88	47	 Micromonospora coxensis
0.00	2	125	41	 Micromonospora purpureochromogenes
0.00	1	96	27	 Micromonospora siamensis
0.00	1	94	40	 Micromonospora carbonacea
0.00	11	93	45	 Plantactinospora sp. KBS50
0.00	8	125	68	 Phytohabitans flavus
0.00	6	151	77	 Phytohabitans suffuscus
0.00	9	133	55	 Actinocatenispora thailandica
0.00	7	138	61	 Polymorphospora rubra
0.00	6	102	51	 Salinispora tropica
0.00	4	168	77	 Catellatospora sp. IY07-71
0.00	3	198	101	 Dactylosporangium vinaceum
0.00	2	92	36	 Verrucosispora sp. NA02020
0.00	13	195	83	 Nonomuraea gerenzanensis
0.00	7	189	78	 Nonomuraea coxensis
0.00	7	180	79	 Nonomuraea nitratireducens
0.00	5	186	83	 Nonomuraea sp. ATCC 55076
0.00	20	180	76	 Streptosporangium roseum
0.00	15	179	81	 Streptosporangium sp. 'caverna'
0.00	8	170	65	 Thermobispora bispora
0.00	21	172	63	 Actinomadura sp. WMMA1423
0.00	6	181	77	 Actinomadura sp. WMMB 499
0.00	1	154	86	 Actinomadura verrucosospora
0.00	13	147	64	 Thermomonospora curvata
0.00	11	129	60	 Thermomonospora amylolytica
0.00	12	102	33	 Nocardiopsis dassonvillei
0.00	8	148	49	 Nocardiopsis gilva
0.00	5	183	65	 Nocardiopsis alba
0.00	3	164	61	 Nocardiopsis sp. MT53
0.00	14	149	63	 Thermobifida fusca
0.00	2	152	61	 Streptomonospora sp. M2
0.00	16	755	54	 Frankia alni
0.00	11	181	57	 Frankia casuarinae
0.00	9	163	77	 Frankia inefficax
0.00	3	103	49	 Candidatus Frankia datiscae
0.00	1	94	53	 Frankia sp. ArI3
0.00	14	38	13	 Candidatus Planktophila limnetica
0.00	14	85	26	 Candidatus Planktophila versatilis
0.00	3	9	5	 Candidatus Nanopelagicus abundans
0.00	17	187	87	 Jiangella sp. DSM 45060
0.00	12	215	88	 Jiangella alkaliphila
0.00	9	157	58	 Blastococcus saxobsidens
0.00	7	122	73	 Modestobacter marinus
0.00	6	141	57	 Geodermatophilus obscurus
0.00	21	173	67	 Jatrophihabitans sp. GAS493
0.00	8	116	49	 Nakamurella sp. s14-144
0.00	1	171	58	 Nakamurella sp. PAMC28650
0.00	7	130	56	 Nakamurella panacisegetis
0.00	14	146	62	 Actinopolyspora erythraea
0.00	6	165	64	 Kineococcus radiotolerans
0.00	6	222	78	 Catenulispora acidiphila
0.00	4	159	68	 Epidermidibacterium keratini
0.00	3	204	80	 Stackebrandtia nassauensis
0.00	1	150	60	 Natronoglycomyces albus
0.00	3	118	45	 Acidothermus cellulolyticus
0.00	11	99	28	 Olsenella sp. LZLJ-2
0.00	3	70	48	 Olsenella sp. oral taxon 807
0.00	4	50	15	 Olsenella timonensis
0.00	2	120	80	 Olsenella uli
0.00	12	82	13	 Parafannyhessea umbonata
0.00	7	105	26	 Atopobium sp. oral taxon 416
0.00	5	38	20	 Lancefieldella parvula
0.00	2	17	10	 Parolsenella catena
0.00	1	20	12	 Parolsenella massiliensis
0.00	5	143	57	 Collinsella aerofaciens
0.00	2	40	17	 Eggerthella lenta
0.00	2	40	11	 Eggerthella guodeyinii
0.00	3	47	14	 Adlercreutzia equolifaciens
0.00	3	35	15	 Gordonibacter urolithinfaciens
0.00	3	47	25	 Arabia massiliensis
0.00	1	49	12	 Berryella intestinalis
0.00	22	113	41	 Miltoncostaea marina
0.00	3	90	43	 Miltoncostaea oceani
0.00	3	114	51	 Conexibacter woesei
0.00	3	95	61	 Conexibacter sp. SYSU D00693
0.00	8	160	55	 Egicoccus halophilus
0.00	6	244	87	 Euzebya pacifica
0.00	2	142	56	 Egibacter rhizosphaerae
0.00	5	99	39	 Ilumatobacter coccineus
0.00	4	95	46	 Acidimicrobium ferrooxidans
0.00	3	78	36	 Actinomarinicola tropica
0.00	5	137	50	 Rubrobacter xylanophilus
0.00	3	18	12	 Rubrobacter indicoceani
0.00	1	91	55	 Baekduia soli
0.01	2756	131874	94604	 Staphylococcus capitis
0.01	1821	82415	63956	 Staphylococcus epidermidis
0.00	38	503	281	 Staphylococcus aureus
0.00	29	456	365	 Staphylococcus haemolyticus
0.00	26	6167	14	 Staphylococcus cohnii
0.00	24	519	471	 Staphylococcus hominis
0.00	17	272	214	 Staphylococcus warneri
0.00	9	256	165	 Staphylococcus caprae
0.00	8	126	110	 Staphylococcus pettenkoferi
0.00	5	99	80	 Staphylococcus lugdunensis
0.00	5	105	84	 Staphylococcus saccharolyticus
0.00	4	125	123	 Staphylococcus saprophyticus
0.00	4	132	125	 Staphylococcus auricularis
0.00	4	68	64	 Staphylococcus pasteuri
0.00	4	170	24	 Staphylococcus simulans
0.00	2	22	12	 Staphylococcus condimenti
0.00	1	6	6	 Staphylococcus sp. 11-B-312
0.00	1	32	26	 Staphylococcus sp. SB1-57
0.00	2	11	9	 Staphylococcus carnosus
0.00	1	14	12	 Staphylococcus xylosus
0.00	1	7	6	 Staphylococcus hyicus
0.00	3	13	5	 Mammaliicoccus lentus
0.00	2	18	17	 Mammaliicoccus sciuri
0.00	588	23807	18974	 Listeria monocytogenes
0.00	3	13	4	 Listeria welshimeri
0.00	1	16	8	 Listeria innocua
0.00	4	34	9	 Paenibacillus sp. URB8-2
0.00	3	30	16	 Paenibacillus sp. B01
0.00	2	26	17	 Paenibacillus sp. RUD330
0.00	1	26	11	 Paenibacillus sp. 32O-W
0.00	1	31	14	 Paenibacillus sp. UniB2
0.00	8	78	32	 Paenibacillus mucilaginosus
0.00	7	13	5	 Paenibacillus lutimineralis
0.00	7	19	10	 Paenibacillus sabinae
0.00	4	20	10	 Paenibacillus cellulositrophicus
0.00	4	20	7	 Paenibacillus guangzhouensis
0.00	4	25	11	 Paenibacillus albus
0.00	4	29	10	 Paenibacillus alvei
0.00	3	22	6	 Paenibacillus borealis
0.00	2	44	8	 Paenibacillus stellifer
0.00	1	16	7	 Paenibacillus riograndensis
0.00	1	14	4	 Paenibacillus crassostreae
0.00	1	40	13	 Paenibacillus physcomitrellae
0.00	1	27	13	 Paenibacillus durus
0.00	18	31	8	 Cohnella sp. MFER-1
0.00	3	100	49	 Cohnella sp. LGH
0.00	1	27	7	 Cohnella sp. KS 22
0.00	1	19	10	 Cohnella abietis
0.00	1	33	19	 Brevibacillus brevis
0.00	1	15	10	 Saccharibacillus brassicae
0.00	7	92	13	 Bacillus paralicheniformis
0.00	3	26	15	 Bacillus subtilis
0.00	4	14	4	 Bacillus sp. BY2G20
0.00	3	25	14	 Bacillus sp. NP157
0.00	1	25	5	 Bacillus sp. FJAT-45348
0.00	3	67	30	 Bacillus cereus
0.00	2	85	24	 Bacillus thuringiensis
0.00	1	17	5	 Bacillus anthracis
0.00	1	10	4	 Bacillus cytotoxicus
0.00	2	39	9	 Bacillus pumilus
0.00	1	9	4	 Bacillus infantis
0.00	9	22	5	 Anoxybacillus caldiproteolyticus
0.00	3	7	2	 Anoxybacillus amylolyticus
0.00	3	14	7	 Mesobacillus jeotgali
0.00	3	8	5	 Pontibacillus sp. ALD_SL1
0.00	2	7	3	 Caldalkalibacillus thermarum
0.00	1	17	7	 Geobacillus subterraneus
0.00	1	2	2	 Geobacillus sp. 44B
0.00	1	7	5	 Sutcliffiella horikoshii
0.00	1	4	3	 Parageobacillus thermoglucosidasius
0.00	1	7	4	 Oceanobacillus iheyensis
0.00	9	27	6	 Planococcus lenghuensis
0.00	1	29	13	 Planococcus maritimus
0.00	1	16	6	 Planococcus glaciei
0.00	1	8	2	 Planococcus massiliensis
0.00	1	29	7	 Sporosarcina sp. Marseille-Q4063
0.00	1	7	3	 Sporosarcina sp. Te-1
0.00	7	28	6	 Sporolactobacillus terrae
0.00	3	15	3	 Laceyella sacchari
0.00	2	45	10	 Staphylospora marina
0.00	1	397	16	 Novibacillus thermophilus
0.00	1	2003	21	 Alicyclobacillus ferrooxydans
0.00	1	21	21	 Gemella haemolysans
0.00	15	121	94	 Streptococcus sp. oral taxon 061
0.00	3	15	15	 Streptococcus sp. LPB0220
0.00	1	6	5	 Streptococcus sp. oral taxon 431
0.00	1	6	6	 Streptococcus sp. HSISM1
0.00	1	2	1	 Streptococcus sp. 1643
0.00	11	148	100	 Streptococcus mitis
0.00	6	78	62	 Streptococcus oralis
0.00	5	36	12	 Streptococcus suis
0.00	5	17	2	 Streptococcus pantholopis
0.00	5	9	3	 Streptococcus australis
0.00	4	244	212	 Streptococcus sanguinis
0.00	2	8	5	 Streptococcus gordonii
0.00	2	88	50	 Streptococcus equi
0.00	2	27	17	 Streptococcus thermophilus
0.00	2	5	3	 Streptococcus infantarius
0.00	1	24	6	 Streptococcus sobrinus
0.00	1	13	13	 Streptococcus rubneri
0.00	1	17	12	 Streptococcus ilei
0.00	1	2	2	 Streptococcus gallolyticus
0.00	1	13	12	 Streptococcus pseudopneumoniae
0.00	1	17	4	 Streptococcus halichoeri
0.00	1	9	8	 Streptococcus cristatus
0.00	1	51	30	 Streptococcus salivarius
0.00	1	3	2	 Streptococcus porcinus
0.00	16	30	10	 Limosilactobacillus pontis
0.00	4	17	9	 Limosilactobacillus mucosae
0.00	2	1961	21	 Limosilactobacillus fermentum
0.00	4	42	12	 Levilactobacillus zymae
0.00	3	49	10	 Levilactobacillus brevis
0.00	6	18	2	 Companilactobacillus allii
0.00	2	14	8	 Lacticaseibacillus casei
0.00	2	95	54	 Lacticaseibacillus rhamnosus
0.00	2	60	23	 Lactobacillus delbrueckii
0.00	1	25	2	 Lactobacillus amylovorus
0.00	3	7	2	 Weissella ceti
0.00	1	12	2	 Oenococcus kitaharae
0.00	1	5	3	 Oenococcus sicerae
0.00	2	17	5	 Loigolactobacillus coryniformis
0.00	1	12	6	 Lentilactobacillus parabuchneri
0.00	1	18	6	 Schleiferilactobacillus harbinensis
0.00	1	25	7	 Ligilactobacillus ruminis
0.00	1	17	11	 Lactiplantibacillus pentosus
0.00	2	8	4	 Aerococcus urinaehominis
0.00	1	1	1	 Aerococcus urinae
0.00	1	3	3	 Aerococcus christensenii
0.00	3	36	33	 Granulicatella adiacens
0.00	22	222	91	 Faecalibacterium prausnitzii
0.00	9	52	16	 Oscillibacter sp. NSJ-62
0.00	1	37	11	 Oscillibacter sp. MM35
0.00	5	26	8	 Oscillibacter valericigenes
0.00	14	57	15	 Ruthenibacterium lactatiformans
0.00	3	75	30	 Flavonifractor plautii
0.00	2	46	12	 Dysosmobacter sp. Marseille-Q4140
0.00	1	39	11	 Thermoclostridium stercorarium
0.00	1	2	2	 Monoglobus pectinilyticus
0.00	5	34	8	 Lacrimispora sphenoides
0.00	1	43	15	 Lacrimispora saccharolytica
0.00	6	21	8	 Anaerostipes rhamnosivorans
0.00	3	16	2	 Anaerocolumna cellulosilytica
0.00	1	13	6	 Anaerocolumna chitinilytica
0.00	1	6	6	 Lachnoanaerobaculum umeaense
0.00	1	57	15	 [Clostridium] scindens
0.00	6	62	8	 Desulfosporosinus youngiae
0.00	2	8	3	 Desulfosporosinus meridiei
0.00	6	23	15	 Candidatus Desulforudis audaxviator
0.00	5	21	4	 Desulfotomaculum nigrificans
0.00	1	14	5	 Desulfofarcimen acetoxidans
0.00	7	34	17	 Thermaerobacter marianensis
0.00	1	55	21	 Thermaerobacter sp. FW80
0.00	5	82	22	 Intestinimonas butyriciproducens
0.00	2	81	81	 Mogibacterium diversum
0.00	9	14	2	 Caloranaerobacter azorensis
0.00	2	48	19	 Clostridium botulinum
0.00	1	21	3	 Clostridium butyricum
0.00	2	19	10	 Hungatella hathewayi
0.00	5	21	6	 Desulfoscipio gibsoniae
0.00	1	61	26	 Clostridioides difficile
0.00	2	5	3	 Alkalicella caledoniensis
0.00	1	64	25	 Symbiobacterium thermophilum
0.00	1	36	13	 Christensenella sp. Marseille-P3954
0.00	4	6	1	 Halanaerobium praevalens
0.00	1	13	9	 Moorella glycerini
0.00	1	18	14	 Gelria sp. Kuro-4
0.00	1	11	4	 Thermoanaerobacterium thermosaccharolyticum
0.00	23	676	489	 Veillonella parvula
0.00	3	65	62	 Veillonella dispar
0.00	2	7	6	 Veillonella nakazawae
0.00	1	9	8	 Veillonella atypica
0.00	6	13	4	 Megasphaera stantonii
0.00	1	44	21	 Selenomonas ruminantium
0.00	1	74	49	 Selenomonas sp. oral taxon 126
0.00	5	68	37	 Peptoniphilus harei
0.00	2	32	3	 Erysipelothrix rhusiopathiae
0.00	1	31	7	 Ndongobacter massiliensis
0.00	11	32	9	 Synechococcus sp. PCC 7336
0.00	6	41	15	 Synechococcus sp. CBW1107
0.00	4	27	9	 Synechococcus sp. JA-2-3B'a(2-13)
0.00	2	10	7	 Synechococcus sp. A15-24
0.00	1	11	1	 Synechococcus sp. WH 8103
0.00	1	5	3	 Synechococcus sp. NIES-970
0.00	3	26	6	 Synechocystis sp. PCC 6714
0.00	4	386	10	 Cyanobium sp. NS01
0.00	3	26	13	 Acaryochloris marina
0.00	13	64	23	 Gloeobacter violaceus
0.00	1	7	3	 Sphaerospermopsis torques-reginae
0.00	2	6	4	 Nostoc piscinale
0.00	1	8	6	 Richelia sinica
0.00	1	11	11	 Brasilonema sennae
0.00	1	13	4	 Calothrix sp. NIES-2100
0.00	3	20	4	 Leptolyngbya sp. NIES-3755
0.00	2	8	5	 Leptolyngbya sp. 7M
0.00	1	23	6	 Thermosynechococcus vestitus
0.00	3	16	7	 Crinalium epipsammum
0.00	1	21	12	 Microcoleus sp. PCC 7113
0.00	1	14	6	 Moorea producens
0.00	3	14	7	 Pleurocapsa sp. PCC 7327
0.00	1	10	6	 Stanieria cyanosphaera
0.00	11	36	14	 Deinococcus irradiatisoli
0.00	11	89	28	 Deinococcus ficus
0.00	7	77	54	 Deinococcus actinosclerus
0.00	6	43	38	 Deinococcus soli (ex Cha et al. 2016)
0.00	5	40	16	 Deinococcus deserti
0.00	5	174	75	 Deinococcus wulumuqiensis
0.00	3	69	20	 Deinococcus peraridilitoris
0.00	1	22	14	 Deinococcus geothermalis
0.00	1	33	18	 Deinococcus radiodurans
0.00	16	63	21	 Thermus thermophilus
0.00	3	54	10	 Thermus oshimai
0.00	1	44	19	 Oceanithermus profundus
0.00	6	59	31	 Sphaerobacter thermophilus
0.00	1	13	12	 Thermomicrobium roseum
0.00	2	26	18	 Roseiflexus sp. RS-1
0.00	1	19	11	 Anaerolinea sp. 'rifampicinis'
0.00	1	58	35	 Candidatus Promineofilum breve
0.00	2	13	1	 Spiroplasma syrphidicola
0.00	1	13	6	 Mycoplasma sp. NEAQ87857
0.00	2	75	24	 Fimbriimonas ginsengisoli
0.07	14323	738819	429324	 Vibrio vulnificus
0.00	17	214	121	 Vibrio parahaemolyticus
0.00	8	109	41	 Vibrio campbellii
0.00	4	30	23	 Vibrio owensii
0.00	2	21	20	 Vibrio alginolyticus
0.00	2	12	12	 Vibrio natriegens
0.00	13	179	93	 Vibrio anguillarum
0.00	12	559	405	 Vibrio navarrensis
0.00	10	60	25	 Vibrio cholerae
0.00	6	41	24	 Vibrio tubiashii
0.00	6	35	8	 Vibrio furnissii
0.00	5	72	30	 Vibrio fluvialis
0.00	4	150	53	 Vibrio metschnikovii
0.00	4	9	3	 Vibrio splendidus
0.00	1	13	13	 Vibrio sp. dhg
0.00	1	9	9	 Vibrio sp. HDW18
0.00	3	23	9	 Vibrio tritonius
0.00	2	43	40	 Vibrio alfacsensis
0.00	1	5	4	 Vibrio bathopelagicus
0.00	1	9	8	 Vibrio zhugei
0.00	1	8	5	 Vibrio casei
0.00	1	72	63	 Vibrio rumoiensis
0.00	1	10	9	 Vibrio tapetis
0.00	1	2	2	 Candidatus Enterovibrio luxaltus
0.01	2808	4400	409	 Klebsiella pneumoniae
0.00	217	3629	11	 Klebsiella grimontii
0.00	14	110	82	 Klebsiella sp. A52
0.00	8	137	94	 Klebsiella aerogenes
0.00	2	39	19	 Klebsiella oxytoca
0.00	2	45	29	 Klebsiella quasipneumoniae
0.00	14	96	38	 Enterobacter cloacae
0.00	8	47	17	 Enterobacter cancerogenus
0.00	1	28	16	 Enterobacter hormaechei
0.00	6	34	6	 Enterobacter sp. E76
0.00	3	35	15	 Enterobacter sp. JUb54
0.00	2	5	1	 Enterobacter sp. LU1
0.00	30	405	205	 Escherichia coli
0.00	14	27	9	 Citrobacter farmeri
0.00	3	67	33	 Citrobacter freundii
0.00	2	29	5	 Citrobacter koseri
0.00	1	4	3	 Cronobacter malonaticus
0.00	14	48	13	 Yokenella regensburgei
0.00	1	2	2	 Raoultella planticola
0.00	8	348	75	 Salmonella enterica
0.00	1	26	8	 Kosakonia arachidis
0.00	1	6	5	 Kosakonia pseudosacchari
0.00	3	37	19	 Cedecea neteri
0.00	1	20	13	 Cedecea lapagei
0.00	2	20	7	 Candidatus Symbiopectobacterium sp. SyEd1
0.00	2	4	1	 Candidatus Doolittlea endobia
0.00	2	18	5	 Phytobacter ursingii
0.00	1	39	11	 Jejubacter calystegiae
0.00	1	39	33	 Atlantibacter hermannii
0.00	1	21	15	 Pluralibacter gergoviae
0.00	1	4	2	 Kluyvera sp. CRP
0.02	4765	257274	168189	 Plesiomonas shigelloides
0.00	11	57	11	 Erwinia gerundensis
0.00	6	22	9	 Candidatus Erwinia haradaeae
0.00	1	72	63	 Erwinia persicina
0.00	1	11	4	 Erwinia tasmaniensis
0.00	5	72	48	 Pantoea agglomerans
0.00	4	160	108	 Pantoea dispersa
0.00	2	24	17	 Pantoea ananatis
0.00	5	18	4	 Mixta calida
0.00	4	13	6	 Tatumella sp. TA1
0.00	1	14	8	 Buchnera aphidicola
0.00	12	23	2	 Arsenophonus endosymbiont of Aphis craccivora
0.00	12	41	10	 Xenorhabdus bovienii
0.00	8	28	10	 Providencia rettgeri
0.00	3	32	4	 Providencia heimbachae
0.00	8	27	9	 Serratia proteamaculans
0.00	5	43	12	 Serratia symbiotica
0.00	2	30	13	 Serratia liquefaciens
0.00	1	74	43	 Serratia marcescens
0.00	1	13	11	 Serratia odorifera
0.00	11	31	7	 Rahnella sp. ERMR1:05
0.00	2	35	4	 Yersinia aldovae
0.00	1	6	3	 Yersinia pseudotuberculosis
0.00	8	32	14	 Dickeya chrysanthemi
0.00	3	19	7	 Dickeya paradisiaca
0.00	1	32	18	 Dickeya zeae
0.00	2	21	2	 Pectobacterium aroidearum
0.00	2	15	7	 Pectobacterium parmentieri
0.00	4	41	9	 Lonsdalea britannica
0.00	2	10	3	 Brenneria goodwinii
0.00	5	31	10	 Edwardsiella tarda
0.00	2	19	9	 Edwardsiella piscicida
0.00	4	17	4	 Hafnia paralvei
0.00	1	5	4	 Obesumbacterium proteus
0.00	11	51	11	 Sodalis praecaptivus
0.00	17	26	6	 Pseudomonas sp. HLS-6
0.00	10	30	12	 Pseudomonas sp. CMR5c
0.00	7	27	12	 Pseudomonas sp. DY-1
0.00	6	26	14	 Pseudomonas sp. OIL-1
0.00	4	63	16	 Pseudomonas sp. SNU WT1
0.00	3	16	6	 Pseudomonas sp. ADAK13
0.00	3	14	4	 Pseudomonas sp. B11D7D
0.00	3	27	10	 Pseudomonas sp. TCU-HL1
0.00	3	16	2	 Pseudomonas sp. R2-37-08W
0.00	2	23	4	 Pseudomonas sp. 02C 26
0.00	2	15	11	 Pseudomonas sp. ATCC 13867
0.00	2	31	15	 Pseudomonas sp. S11A 273
0.00	2	10	8	 Pseudomonas sp. LAB-08
0.00	1	10	5	 Pseudomonas sp. Seg1
0.00	1	3	3	 Pseudomonas sp. St29
0.00	1	9	8	 Pseudomonas sp. LG1E9
0.00	1	13	11	 Pseudomonas sp. 15A4
0.00	1	11	2	 Pseudomonas sp. phDV1
0.00	1	17	10	 Pseudomonas sp. CC6-YY-74
0.00	1	27	18	 Pseudomonas sp. Ost2
0.00	1	32	15	 Pseudomonas sp. 7SR1
0.00	1	15	7	 Pseudomonas sp. S09G 359
0.00	30	898	26	 Pseudomonas tolaasii
0.00	9	338	183	 Pseudomonas fluorescens
0.00	4	46	16	 Pseudomonas poae
0.00	2	96	60	 Pseudomonas protegens
0.00	2	53	19	 Pseudomonas rhodesiae
0.00	1	23	15	 Pseudomonas corrugata
0.00	1	10	5	 Pseudomonas libanensis
0.00	1	39	26	 Pseudomonas orientalis
0.00	1	16	5	 Pseudomonas migulae
0.00	30	572	214	 Pseudomonas putida
0.00	10	168	119	 Pseudomonas oryzihabitans
0.00	1	20	16	 Pseudomonas fulva
0.00	1	22	6	 Pseudomonas monteilii
0.00	1	7	4	 Pseudomonas mosselii
0.00	19	369	172	 Pseudomonas stutzeri
0.00	10	369	202	 Pseudomonas aeruginosa
0.00	6	59	42	 Pseudomonas alcaligenes
0.00	1	9	9	 Pseudomonas nitroreducens
0.00	1	33	18	 Pseudomonas furukawaii
0.00	16	403	159	 Pseudomonas psychrophila
0.00	3	20	14	 Pseudomonas coronafaciens
0.00	2	22	12	 Pseudomonas viridiflava
0.00	1	78	38	 Pseudomonas syringae
0.00	6	177	94	 Pseudomonas chlororaphis
0.00	4	40	29	 Pseudomonas fragi
0.00	2	15	12	 Pseudomonas lundensis
0.00	10	19	3	 Pseudomonas graminis
0.00	9	77	24	 Pseudomonas frederiksbergensis
0.00	8	58	25	 Pseudomonas taetrolens
0.00	6	57	13	 Pseudomonas fakonensis
0.00	5	28	9	 Pseudomonas rhizosphaerae
0.00	3	102	51	 Pseudomonas entomophila
0.00	3	47	25	 Pseudomonas otitidis
0.00	3	29	19	 Pseudomonas antarctica
0.00	3	309	19	 Pseudomonas knackmussii
0.00	2	58	17	 Pseudomonas eucalypticola
0.00	2	33	14	 Pseudomonas salegens
0.00	2	46	15	 Pseudomonas alkylphenolica
0.00	2	78	34	 Pseudomonas psychrotolerans
0.00	2	27	11	 Pseudomonas zhaodongensis
0.00	2	20	12	 Pseudomonas guangdongensis
0.00	1	3	3	 Pseudomonas monsensis
0.00	1	26	6	 Pseudomonas tensinigenes
0.00	1	8	7	 Pseudomonas pohangensis
0.00	1	45	12	 Pseudomonas arsenicoxydans
0.00	1	30	19	 Pseudomonas qingdaonensis
0.00	1	26	18	 Pseudomonas oryzae
0.00	1	26	11	 Pseudomonas vanderleydeniana
0.00	1	12	3	 Pseudomonas allokribbensis
0.00	1	17	10	 Pseudomonas umsongensis
0.00	1	20	12	 Pseudomonas saudiphocaensis
0.00	1	51	30	 Pseudomonas versuta
0.00	1	14	7	 Pseudomonas xanthosomae
0.00	1	24	9	 Pseudomonas vancouverensis
0.00	1	4	4	 Pseudomonas asplenii
0.00	11	71	10	 Permianibacter aggregans
0.00	381	16651	12215	 Moraxella osloensis
0.00	12	46	10	 Acinetobacter indicus
0.00	5	63	32	 Acinetobacter baumannii
0.00	4	9	1	 Acinetobacter chinensis
0.00	3	105	59	 Acinetobacter junii
0.00	3	90	84	 Acinetobacter ursingii
0.00	2	12	8	 Acinetobacter soli
0.00	1	62	33	 Acinetobacter schindleri
0.00	1	7	6	 Acinetobacter lwoffii
0.00	1	7	4	 Acinetobacter equi
0.00	1	47	46	 Acinetobacter sp. MYb10
0.00	1	11	6	 Acinetobacter bereziniae
0.00	1	4	2	 Psychrobacter sp. 28M-43
0.00	1	1	1	 Psychrobacter cryohalolentis
0.00	39	375	172	 Stenotrophomonas maltophilia
0.00	13	69	37	 Stenotrophomonas rhizophila
0.00	6	64	18	 Stenotrophomonas sp. 169
0.00	1	14	7	 Stenotrophomonas pavanii
0.00	13	44	17	 Lysobacter sp. CW239
0.00	5	36	11	 Lysobacter sp. TY2-98
0.00	1	17	3	 Lysobacter sp. HDW10
0.00	12	109	78	 Lysobacter soli
0.00	7	26	9	 Lysobacter arenosi
0.00	6	55	35	 Lysobacter oculi
0.00	5	85	51	 Lysobacter capsici
0.00	4	130	62	 Lysobacter enzymogenes
0.00	2	51	29	 Lysobacter antibioticus
0.00	2	34	15	 Lysobacter alkalisoli
0.00	1	15	10	 Lysobacter solisilvae (ex Woo and Kim 2020)
0.00	11	53	13	 Xanthomonas axonopodis
0.00	9	43	9	 Xanthomonas euroxanthea
0.00	5	152	65	 Xanthomonas campestris
0.00	4	436	7	 Xanthomonas euvesicatoria
0.00	3	54	30	 Xanthomonas translucens
0.00	2	14	9	 Xanthomonas vesicatoria
0.00	1	8	6	 Xanthomonas hyacinthi
0.00	1	40	11	 Xanthomonas hortorum
0.00	12	74	14	 Luteimonas sp. MC1750
0.00	8	64	20	 Luteimonas sp. JM171
0.00	2	23	14	 Luteimonas sp. MC1825
0.00	1	41	16	 Luteimonas sp. YGD11-2
0.00	8	32	13	 Arenimonas daejeonensis
0.00	1	75	27	 Pseudoxanthomonas mexicana
0.00	1	72	35	 Pseudoxanthomonas suwonensis
0.00	1	26	16	 Pseudoxanthomonas spadix
0.00	1	55	27	 Pseudoxanthomonas sp. X-1
0.00	2	34	16	 Thermomonas sp. XSG
0.00	1	27	13	 Thermomonas sp. SY21
0.00	3	52	18	 Pseudolysobacter antarcticus
0.00	8	47	13	 Frateuria aurantia
0.00	5	46	13	 Dyella thiooxydans
0.00	5	63	17	 Luteibacter pinisoli
0.00	2	62	20	 Rhodanobacter sp. FDAARGOS 1247
0.00	2	42	33	 Dokdonella koreensis
0.00	10	32	8	 Saliniradius amylolyticus
0.00	8	31	4	 Salinimonas sediminis
0.00	1	12	5	 Salinimonas marina
0.00	2	47	23	 Alteromonas macleodii
0.00	2	26	11	 Alteromonas mediterranea
0.00	2	23	5	 Alteromonas pelagimontana
0.00	1	18	6	 Agarivorans gilvus
0.00	1	28	13	 Hydrocarboniclastica marina
0.00	11	117	44	 Shewanella baltica
0.00	6	18	8	 Shewanella psychrophila
0.00	3	12	3	 Shewanella litorisediminis
0.00	2	11	6	 Shewanella marisflavi
0.00	2	28	12	 Shewanella khirikhana
0.00	1	11	5	 Shewanella maritima
0.00	1	14	11	 Pseudoalteromonas luteoviolacea
0.00	1	20	12	 Pseudoalteromonas translucida
0.00	2	5	1	 Flocculibacter collagenilyticus
0.00	7	40	11	 Halomonas sp. SH5A2
0.00	5	57	15	 Halomonas sp. 1513
0.00	4	55	19	 Halomonas sp. THAF5a
0.00	3	33	18	 Halomonas sp. MCCC 1A13316
0.00	2	48	15	 Halomonas sp. Y2R2
0.00	2	37	18	 Halomonas sp. JS92-SW72
0.00	2	4	2	 Halomonas sp. N3-2A
0.00	1	11	9	 Halomonas sp. THAF12
0.00	1	32	19	 Halomonas sp. BC-M4-5
0.00	1	22	7	 Halomonas sp. GT
0.00	1	35	16	 Halomonas sp. HG01
0.00	1	20	12	 Halomonas sp. YLGW01
0.00	1	277	73	 Halomonas denitrificans
0.00	2	31	13	 Chromohalobacter salexigens
0.00	2	45	11	 Pistricoccus aurantiacus
0.00	1	13	7	 Candidatus Portiera aleyrodidarum
0.00	1	22	4	 Cobetia sp. cqz5-12
0.00	1	48	21	 Halotalea alkalilenta
0.00	1	34	24	 Salinicola tamaricis
0.00	1	41	8	 Kushneria konosiri
0.00	5	13	3	 Nitrincola sp. KXZD1103
0.00	2	13	6	 Marinobacterium georgiense
0.00	2	37	15	 Marinobacterium aestuarii
0.00	1	19	16	 Marinomonas sp. A3A
0.00	1	12	4	 Thalassolituus oleivorans
0.00	1	13	6	 Kangiella koreensis
0.00	1	5	2	 Kangiella sediminilitoris
0.00	7	108	33	 Aeromonas salmonicida
0.00	7	37	19	 Aeromonas media
0.00	4	75	33	 Aeromonas veronii
0.00	3	37	18	 Aeromonas schubertii
0.00	2	23	7	 Aeromonas sp. FDAARGOS 1414
0.00	1	9	4	 Aeromonas sp. CU5
0.00	1	101	43	 Aeromonas hydrophila
0.00	1	15	10	 Aeromonas dhakensis
0.00	1	16	10	 Oceanimonas sp. GK1
0.00	1	12	6	 Oceanisphaera profunda
0.00	9	42	11	 Thioalkalivibrio sp. K90mix
0.00	5	14	6	 Halorhodospira halochloris
0.00	1	25	10	 Ectothiorhodospira sp. BSL-9
0.00	1	9	8	 Spiribacter salinus
0.00	1	37	22	 Acidihalobacter aeolianus
0.00	9	32	11	 Halothiobacillus sp. LS2
0.00	4	91	23	 Candidatus Thiodictyon syntrophicum
0.00	2	36	15	 Thiocystis violascens
0.00	1	7	1	 Candidatus Nitrosoglobus terrae
0.00	7	33	13	 Wenzhouxiangella marina
0.00	1	27	15	 Granulosicoccus antarcticus
0.00	1	30	20	 Sulfurivermis fontis
0.00	6	55	8	 Halioglobus maricola
0.00	4	7	3	 Aequoribacter fuscus
0.00	4	27	6	 Saccharophagus degradans
0.00	3	41	8	 Cellvibrio japonicus
0.00	2	8	3	 Teredinibacter haidensis
0.00	9	30	4	 Microbulbifer sp. A4B17
0.00	5	19	5	 Spongiibacter sp. IMCC21906
0.00	8	18	5	 Methylotuvimicrobium alcaliphilum
0.00	3	25	3	 Methylotuvimicrobium buryatense
0.00	3	31	9	 Methylovulum psychrotolerans
0.00	2	18	4	 Methylomicrobium sp. wino1
0.00	2	33	12	 Methylomagnum ishizawai
0.00	1	21	17	 Methylococcus sp. EFPC2
0.00	1	29	12	 Methylomonas koyamae
0.00	22	119	26	 Salinisphaera sp. LB1
0.00	12	473	323	 Haemophilus parainfluenzae
0.00	1	7	5	 Haemophilus influenzae
0.00	3	12	8	 Aggregatibacter aphrophilus
0.00	1	7	7	 Aggregatibacter sp. oral taxon 513
0.00	2	20	4	 Avibacterium volantium
0.00	1	48	30	 Pasteurella multocida
0.00	9	15	4	 Thiomicrorhabdus xiamenensis
0.00	3	17	2	 Thiosulfativibrio zosterae
0.00	1	4	1	 Thiomicrospira aerophila
0.00	1	6	5	 Thiosulfatimonas sediminis
0.00	3	33	12	 Thiothrix sp.
0.00	3	33	3	 Thiolapillus brandeum
0.00	1	46	15	 Sedimenticola thiotaurini
0.00	2	41	12	 Sulfurifustis variabilis
0.00	1	11	5	 Legionella adelaidensis
0.00	27	611	443	 Bradyrhizobium sp. PSBB068
0.00	9	79	23	 Bradyrhizobium sp. CCBAU 051011
0.00	7	173	64	 Bradyrhizobium sp. BTAi1
0.00	6	58	26	 Bradyrhizobium sp. CCBAU 53421
0.00	3	50	36	 Bradyrhizobium sp. ORS 285
0.00	2	73	30	 Bradyrhizobium sp. ORS 278
0.00	1	22	13	 Bradyrhizobium sp. SK17
0.00	1	41	18	 Bradyrhizobium sp. 1(2017)
0.00	1	20	3	 Bradyrhizobium sp. LCT2
0.00	1	27	18	 Bradyrhizobium sp. CCBAU 53340
0.00	1	21	15	 Bradyrhizobium sp.
0.00	4	87	58	 Bradyrhizobium erythrophlei
0.00	3	31	13	 Bradyrhizobium icense
0.00	3	97	69	 Bradyrhizobium diazoefficiens
0.00	2	32	19	 Bradyrhizobium paxllaeri
0.00	2	46	21	 Bradyrhizobium genosp. B
0.00	2	37	22	 Bradyrhizobium guangzhouense
0.00	2	72	27	 Bradyrhizobium genosp. L
0.00	1	9	6	 Bradyrhizobium ottawaense
0.00	1	39	16	 Bradyrhizobium symbiodeficiens
0.00	1	26	16	 Bradyrhizobium vignae
0.00	5	46	16	 Rhodopseudomonas sp. SK50-23
0.00	3	194	106	 Rhodopseudomonas palustris
0.00	5	36	17	 Tardiphaga robiniae
0.00	5	40	11	 Rhizobium sp. CIAT894
0.00	3	21	5	 Rhizobium sp. 007
0.00	3	22	17	 Rhizobium sp. AB2/73
0.00	1	26	13	 Rhizobium sp. WYJ-E13
0.00	1	38	22	 Rhizobium sp. 11515TR
0.00	6	262	148	 Rhizobium leguminosarum
0.00	4	147	79	 Rhizobium pusense
0.00	3	72	46	 Rhizobium oryzihabitans
0.00	1	41	18	 Rhizobium tropici
0.00	1	22	19	 Rhizobium indicum
0.00	1	38	24	 Rhizobium lusitanum
0.00	1	41	17	 Rhizobium pseudoryzae
0.00	1	8	5	 Rhizobium acidisoli
0.00	1	23	15	 Rhizobium rosettiformans
0.00	8	51	16	 Agrobacterium salinitolerans
0.00	6	167	80	 Agrobacterium tumefaciens
0.00	3	78	38	 Agrobacterium vitis
0.00	1	12	8	 Agrobacterium sp. T29
0.00	1	3	2	 Agrobacterium sp. S7/73
0.00	1	29	12	 Agrobacterium rhizogenes
0.00	1	60	33	 Neorhizobium galegae
0.00	7	64	21	 Sinorhizobium americanum
0.00	7	164	73	 Sinorhizobium fredii
0.00	2	87	46	 Sinorhizobium meliloti
0.00	2	46	25	 Sinorhizobium medicae
0.00	1	2	1	 Sinorhizobium sp. M14
0.00	1	48	20	 Sinorhizobium sp. RAC02
0.00	3	102	55	 Ensifer adhaerens
0.00	14	52	19	 Shinella sp. PSBB067
0.00	5	115	79	 Shinella sp. HZN7
0.00	7	24	10	 Ciceribacter thiooxidans
0.00	16	56	21	 Mesorhizobium sp. 8
0.00	10	36	14	 Mesorhizobium sp. M4B.F.Ca.ET.058.02.1.1
0.00	6	63	23	 Mesorhizobium sp. DCY119
0.00	5	50	23	 Mesorhizobium sp. M1D.F.Ca.ET.043.01.1.1
0.00	4	50	29	 Mesorhizobium sp. NIBR3
0.00	4	1617	14	 Mesorhizobium sp. M3A.F.Ca.ET.080.04.2.1
0.00	3	35	11	 Mesorhizobium sp. J8
0.00	2	20	10	 Mesorhizobium sp. M6A.T.Cr.TU.016.01.1.1
0.00	2	62	25	 Mesorhizobium sp. Pch-S
0.00	1	14	12	 Mesorhizobium sp. NBSH29
0.00	1	54	22	 Mesorhizobium sp. INR15
0.00	1	22	15	 Mesorhizobium sp. 113-3-3
0.00	1	37	16	 Mesorhizobium sp. M1A.F.Ca.IN.022.06.1.1
0.00	1	10	6	 Mesorhizobium sp. M2A.F.Ca.ET.046.03.2.1
0.00	1	14	11	 Mesorhizobium sp. M2A.F.Ca.ET.043.05.1.1
0.00	2	37	17	 Mesorhizobium amorphae
0.00	2	62	26	 Aminobacter sp. MSH1
0.00	2	138	127	 Aminobacter sp. SR38
0.00	1	23	17	 Phyllobacterium zundukense
0.00	1	30	21	 Nitratireductor sp. SY7
0.00	1	31	13	 Hoeflea phototrophica
0.00	6	50	27	 Methylobacterium sp. WL1
0.00	3	44	28	 Methylobacterium sp. 17Sr1-1
0.00	2	27	17	 Methylobacterium sp. AMS5
0.00	1	52	41	 Methylobacterium sp. C1
0.00	7	92	43	 Methylobacterium nodulans
0.00	7	104	81	 Methylobacterium currus
0.00	4	102	47	 Methylobacterium aquaticum
0.00	4	34	22	 Methylobacterium terrae
0.00	3	41	22	 Methylobacterium indicum
0.00	1	46	24	 Methylobacterium mesophilicum
0.00	1	49	25	 Methylobacterium brachiatum
0.00	1	50	27	 Methylobacterium radiodurans
0.00	4	77	39	 Microvirga ossetica
0.00	2	49	35	 Microvirga sp. VF16
0.00	1	37	17	 Microvirga sp. 17 mud 1-3
0.00	2	33	19	 Microvirga thermotolerans
0.00	3	98	87	 Methylorubrum populi
0.00	2	145	123	 Methylorubrum extorquens
0.00	13	84	20	 Pseudolabrys sp. FHR47
0.00	1	43	30	 Pseudolabrys taiwanensis
0.00	8	66	17	 Ancylobacter sp. TS-1
0.00	5	44	15	 Ancylobacter pratisalsi
0.00	4	51	29	 Starkeya sp. ORNL1
0.00	2	32	22	 Starkeya novella
0.00	4	64	41	 Xanthobacter sp. YN2
0.00	4	58	26	 Labrys sp. KNU-23
0.00	1	79	36	 Azorhizobium caulinodans
0.00	7	28	12	 Devosia sp. I507
0.00	6	58	17	 Devosia sp. 1566
0.00	3	33	12	 Devosia sp. MC521
0.00	2	47	18	 Devosia sp. LEGU1
0.00	3	44	24	 Youhaiella tibetensis
0.00	1	29	12	 Maritalea myrionectae
0.00	1	8	4	 Paradevosia shaoguanensis
0.00	14	24	9	 Martelella lutilitoris
0.00	1	17	9	 Martelella sp. AD-3
0.00	3	38	25	 Aureimonas sp. OT7
0.00	2	49	28	 Aureimonas sp. AU20
0.00	2	53	31	 Aureimonas sp. SA4125
0.00	1	32	16	 Aureimonas mangrovi
0.00	6	52	25	 Bosea sp. ANAM02
0.00	4	99	32	 Bosea sp. RAC05
0.00	3	54	27	 Bosea sp. PAMC 26642
0.00	1	62	31	 Bosea sp. Tri-49
0.00	1	57	24	 Bosea vaviloviae
0.00	4	30	10	 Rhodomicrobium vannielii
0.00	3	85	27	 Rhodoplanes sp. Z2-YC6860
0.00	3	81	37	 Aquabacter sp. L1I39
0.00	2	14	10	 Methyloceanibacter caenitepidi
0.00	1	26	13	 Methyloceanibacter sp. wino2
0.00	1	38	17	 Methyloligella sp. GL2
0.00	1	14	10	 Caenibius sp. WL
0.00	9	49	17	 Methylocystis rosea
0.00	4	32	12	 Methylocystis parvus
0.00	1	30	17	 Methylocystis bryophila
0.00	1	53	20	 Methylosinus trichosporium
0.00	1	14	4	 Brucella sp. BTU1
0.00	3	17	5	 Brucella anthropi
0.00	2	18	16	 [Ochrobactrum] quorumnocens
0.00	1	5	3	 Ochrobactrum sp. MT180101
0.00	5	26	16	 Labrenzia sp. THAF82
0.00	2	20	14	 Labrenzia alexandrii
0.00	2	27	11	 Stappia sp. ES.058
0.00	2	62	46	 Pannonibacter phragmitetus
0.00	2	16	7	 Pseudovibrio sp. FO-BEG1
0.00	7	31	10	 Candidatus Phaeomarinobacter ectocarpi
0.00	2	46	18	 Parvibaculum lavamentivorans
0.00	1	40	29	 Kaustia mangrovi
0.00	6	29	11	 Cohaesibacter sp. ES.047
0.00	2	27	9	 Bartonella apis
0.00	1	3	3	 Bartonella quintana
0.00	1	6	1	 Bartonella bovis
0.00	3	23	12	 Pseudorhodoplanes sinuspersici
0.00	1	5	5	 Terrihabitans soli
0.00	3	83	39	 Phreatobacter stygius
0.00	1	43	20	 Phreatobacter sp. NMCR1094
0.00	3	61	17	 Breoghania sp. L-A4
0.00	3	48	30	 Kaistia sp. 32K
0.00	1	27	18	 Chelatococcus daeguensis
0.00	1	53	26	 Chelatococcus sp. CO-6
0.00	2	70	21	 Blastochloris viridis
0.00	2	25	20	 Hartmannibacter diazotrophicus
0.00	1	41	16	 Methylocella tundrae
0.00	118	1810	1309	 Roseomonas mucosa
0.00	60	1265	828	 Roseomonas sp. FDAARGOS_362
0.00	9	80	35	 Roseomonas sp. 546
0.00	4	68	45	 Roseomonas sp. 1318
0.00	30	751	553	 Roseomonas gilardii
0.00	8	70	32	 Komagataeibacter xylinus
0.00	5	40	9	 Komagataeibacter nataicola
0.00	3	19	4	 Komagataeibacter oboediens
0.00	1	26	9	 Komagataeibacter saccharivorans
0.00	11	92	32	 Roseococcus sp. NIBR12
0.00	1	11	6	 Acidiphilium cryptum
0.00	1	25	5	 Acidiphilium multivorum
0.00	2	33	17	 Acetobacter aceti
0.00	1	6	2	 Acetobacter ascendens
0.00	2	68	22	 Gluconacetobacter diazotrophicus
0.00	1	11	6	 Gluconobacter thailandicus
0.00	1	30	19	 Lichenicola cladoniae
0.00	118	861	600	 Skermanella sp. TT6
0.00	91	449	328	 Skermanella pratensis
0.00	22	178	82	 Azospirillum brasilense
0.00	5	48	29	 Azospirillum sp. B510
0.00	4	50	25	 Azospirillum sp. TSA2s
0.00	1	44	29	 Azospirillum sp. TSH100
0.00	8	68	35	 Azospirillum thiophilum
0.00	8	80	44	 Azospirillum thermophilum
0.00	6	28	18	 Azospirillum baldaniorum
0.00	3	47	23	 Azospirillum lipoferum
0.00	3	45	27	 Azospirillum humicireducens
0.00	2	14	9	 Azospirillum oryzae
0.00	2	37	20	 Azospirillum ramasamyi
0.00	5	78	47	 Nitrospirillum amazonense
0.00	2	82	40	 Indioceanicola profundi
0.00	16	29	6	 Haematospirillum jordaniae
0.00	13	107	39	 Tistrella mobilis
0.00	9	59	36	 Hypericibacter adhaerens
0.00	2	24	18	 Magnetospirillum sp. ME-1
0.00	2	50	21	 Magnetospirillum sp. XM-1
0.00	2	56	34	 Magnetospirillum gryphiswaldense
0.00	1	68	31	 Rhodospirillum rubrum
0.00	1	69	26	 Defluviicoccus vanus
0.00	1	42	22	 Ferrovibrio terrae
0.00	1	41	16	 Pararhodospirillum photometricum
0.00	20	41	8	 Thalassospira indica
0.00	6	112	47	 Stella humosa
0.00	2	29	25	 Elioraea sp. MS-P2
0.00	248	5954	4381	 Paracoccus sanguinis
0.00	78	511	370	 Paracoccus sp. MC1862
0.00	14	119	71	 Paracoccus sp. AK26
0.00	4	43	38	 Paracoccus sp. H4-D09
0.00	2	21	16	 Paracoccus sp. Arc7-R13
0.00	62	1521	1150	 Paracoccus yeei
0.00	14	71	32	 Paracoccus suum
0.00	12	102	57	 Paracoccus liaowanqingii
0.00	11	198	154	 Paracoccus contaminans
0.00	9	122	87	 Paracoccus kondratievae
0.00	6	29	22	 Paracoccus aminophilus
0.00	4	89	63	 Paracoccus pantotrophus
0.00	4	48	29	 Paracoccus jeotgali
0.00	3	32	20	 Paracoccus marcusii
0.00	3	72	48	 Paracoccus zhejiangensis
0.00	3	65	58	 Paracoccus aminovorans
0.00	3	54	38	 Paracoccus denitrificans
0.00	1	10	7	 Paracoccus aestuarii
0.00	7	44	20	 Rhodobacter sp. CZR27
0.00	5	41	32	 Rhodobacter sp. LPB0142
0.00	1	50	30	 Rhodobacter capsulatus
0.00	11	253	160	 Cereibacter sphaeroides
0.00	4	31	23	 Thioclava electrotropha
0.00	3	30	19	 Thioclava nitratireducens
0.00	7	30	16	 Brevirhabdus pacifica
0.00	7	59	34	 Paraoceanicella profunda
0.00	3	37	22	 Rhodovulum sulfidophilum
0.00	2	19	12	 Rhodovulum sp. MB263
0.00	1	52	21	 Rhodovulum sp. P5
0.00	4	72	23	 Pikeienuella piscinae
0.00	4	46	19	 Pelagovum pacificum
0.00	3	49	22	 Gemmobacter sp. HYN0069
0.00	2	37	27	 Silicimonas algicola
0.00	2	42	26	 Polymorphum gilvum
0.00	2	42	17	 Pseudopuniceibacterium antarcticum
0.00	1	30	14	 Qingshengfaniella alkalisoli
0.00	1	48	22	 Pontivivens sp. MT2928
0.00	1	26	17	 Pseudooceanicola algae
0.00	1	20	15	 Pukyongiella litopenaei
0.00	1	58	33	 Defluviimonas alba
0.00	1	49	19	 Haematobacter massiliensis
0.00	32	80	16	 Sulfitobacter sp. JK7-1
0.00	6	26	8	 Sulfitobacter sp. SK011
0.00	5	13	6	 Sulfitobacter sp. THAF37
0.00	3	23	13	 Sulfitobacter sp. D7
0.00	2	104	40	 Sulfitobacter sp. SK025
0.00	3	29	17	 Sulfitobacter alexandrii
0.00	2	5	4	 Sulfitobacter pontiacus
0.00	1	46	27	 Sulfitobacter pseudonitzschiae
0.00	13	74	29	 Salipiger abyssi
0.00	2	38	25	 Salipiger pacificus
0.00	1	31	22	 Salipiger sp. CCB-MM3
0.00	12	105	34	 Mameliella alba
0.00	7	43	22	 Roseovarius indicus
0.00	1	24	10	 Roseovarius sp. THAF8
0.00	1	55	18	 Roseovarius sp. SCSIO 43702
0.00	7	79	18	 Ketogulonicigenium vulgare
0.00	2	9	7	 Ketogulonicigenium robustum
0.00	6	44	22	 Actibacterium sp. EMB200-NS6
0.00	2	37	21	 Roseivivax sp. THAF30
0.00	2	22	6	 Roseivivax sp. THAF40
0.00	5	19	9	 Ruegeria sp. TM1040
0.00	5	46	19	 Thalassococcus sp. S3
0.00	2	50	23	 Phaeobacter gallaeciensis
0.00	1	42	18	 Phaeobacter inhibens
0.00	4	54	20	 Epibacterium mobile
0.00	3	43	16	 Oceanicola sp. D3
0.00	3	43	27	 Sagittula sp. P11
0.00	2	27	18	 Jannaschia sp. J12C1-MA-4
0.00	2	40	22	 Dinoroseobacter shibae
0.00	1	27	13	 Tateyamaria omphalii
0.00	1	35	18	 Roseibacterium elongatum
0.00	1	17	10	 Antarctobacter heliothermus
0.00	16	161	84	 Sphingomonas sp. NBWT7
0.00	10	123	96	 Sphingomonas sp. NIC1
0.00	9	77	31	 Sphingomonas sp. MM-1
0.00	8	55	41	 Sphingomonas sp. LK11
0.00	7	53	20	 Sphingomonas sp. PAMC26645
0.00	6	51	26	 Sphingomonas sp. AK-PDB1-5
0.00	6	49	30	 Sphingomonas sp. CL5.1
0.00	6	63	23	 Sphingomonas sp. LM7
0.00	6	36	30	 Sphingomonas sp. AAP5
0.00	5	149	104	 Sphingomonas sp. FARSPH
0.00	4	57	35	 Sphingomonas sp. LMO-1
0.00	4	44	21	 Sphingomonas sp. XS-10
0.00	3	25	21	 Sphingomonas sp. HMP9
0.00	3	31	28	 Sphingomonas sp. AP4-R1
0.00	2	32	18	 Sphingomonas sp. MK52
0.00	1	5	4	 Sphingomonas sp.
0.00	1	19	15	 Sphingomonas sp. C33
0.00	1	18	16	 Sphingomonas sp. Cra20
0.00	30	1278	755	 Sphingomonas melonis
0.00	15	41	20	 Sphingomonas rhizophila
0.00	11	217	127	 Sphingomonas paucimobilis
0.00	7	37	25	 Sphingomonas hengshuiensis
0.00	7	99	61	 Sphingomonas alpina
0.00	6	42	26	 Sphingomonas koreensis
0.00	6	49	30	 Sphingomonas panacis
0.00	5	49	35	 Sphingomonas sanguinis
0.00	4	22	15	 Sphingomonas sabuli
0.00	4	19	13	 Sphingomonas lutea
0.00	4	47	36	 Sphingomonas wittichii
0.00	3	68	40	 Sphingomonas sanxanigenens
0.00	3	17	12	 Sphingomonas sediminicola
0.00	3	27	22	 Sphingomonas panacisoli
0.00	2	52	25	 Sphingomonas insulae
0.00	1	21	10	 Sphingomonas daechungensis
0.00	1	53	34	 Sphingomonas taxi
0.00	1	34	15	 Sphingomonas sinipercae
0.00	6	33	11	 Sphingobium sp. PAMC28499
0.00	5	36	13	 Sphingobium sp. SYK-6
0.00	4	19	10	 Sphingobium sp. MI1205
0.00	4	50	22	 Sphingobium sp. YG1
0.00	2	23	19	 Sphingobium sp. RAC03
0.00	1	16	11	 Sphingobium sp. EP60837
0.00	13	63	19	 Sphingobium phenoxybenzoativorans
0.00	10	90	54	 Sphingobium yanoikuyae
0.00	7	97	82	 Sphingobium cloacae
0.00	7	48	16	 Sphingobium amiense
0.00	1	59	55	 Sphingobium herbicidovorans
0.00	1	37	18	 Sphingobium xenophagum
0.00	1	22	18	 Sphingobium indicum
0.00	2	28	16	 Sphingopyxis sp. 113P3
0.00	2	33	30	 Sphingopyxis sp. EG6
0.00	2	13	10	 Sphingopyxis sp. PAMC25046
0.00	1	6	3	 Sphingopyxis sp. LPB0140
0.00	1	48	16	 Sphingopyxis sp. FD7
0.00	1	127	16	 Sphingopyxis sp. OPL5
0.00	1	37	20	 Sphingopyxis macrogoltabida
0.00	5	66	37	 Novosphingobium resinovorum
0.00	1	74	32	 Novosphingobium sp. EMRT-2
0.00	1	46	29	 Novosphingobium sp. 502str22
0.00	1	31	19	 Novosphingobium sp. ES2-1
0.00	2	40	19	 Novosphingobium aromaticivorans
0.00	2	38	21	 Novosphingobium ginsenosidimutans
0.00	9	29	13	 Parasphingopyxis algicola
0.00	2	17	9	 Parasphingopyxis sp. CP4
0.00	3	35	12	 Citromicrobium sp. JL477
0.00	2	16	5	 Sphingorhabdus sp. SMR4y
0.00	1	17	13	 Sphingorhabdus sp. YGSMI21
0.00	2	41	23	 Rhizorhabdus dicambivorans
0.00	2	31	9	 Parasphingorhabdus sp. JHSY0214
0.00	1	11	8	 Blastomonas sp. RAC04
0.00	1	56	22	 Sphingosinithalassobacter sp. zrk23
0.00	1	26	12	 Tardibacter chloracetimidivorans
0.00	1	12	9	 Novosphingopyxis iocasae
0.00	13	53	16	 Porphyrobacter sp. CACIAM 03H1
0.00	1	853	15	 Porphyrobacter sp. YT40
0.00	3	39	15	 Erythrobacter sp. HL-111
0.00	2	9	7	 Erythrobacter sp. HKB08
0.00	1	20	10	 Erythrobacter sp. JK5
0.00	1	25	16	 Erythrobacter litoralis
0.00	1	25	13	 Erythrobacter aureus
0.00	5	28	22	 Croceicoccus marinus
0.00	1	11	9	 Croceicoccus sp. YJ47
0.00	3	23	7	 Qipengyuania seohaensis
0.00	1	55	32	 Qipengyuania flava
0.00	1	36	23	 Qipengyuania sediminis
0.00	1	14	10	 Qipengyuania sp. 1NDW3
0.00	2	12	8	 Altererythrobacter sp. BO-6
0.00	1	28	14	 Altererythrobacter sp. B11
0.00	1	14	9	 Altererythrobacter sp. ZODW24
0.00	1	32	12	 Altererythrobacter epoxidivorans
0.00	5	34	14	 Paraurantiacibacter namhicola
0.00	4	21	8	 Aurantiacibacter atlanticus
0.00	7	35	14	 Polymorphobacter sp. PAMC 29362
0.00	3	42	30	 Sphingosinicella sp. BN140058
0.00	1	18	14	 Sphingosinicella sp. UDD2
0.00	1	42	16	 Sandaracinobacter sp. M6
0.00	1	17	10	 Zymomonas mobilis
0.00	17	123	64	 Brevundimonas sp. SGAir0440
0.00	12	115	72	 Brevundimonas sp. PAMC22021
0.00	7	29	17	 Brevundimonas sp. DS20
0.00	6	55	16	 Brevundimonas sp. M20
0.00	5	79	34	 Brevundimonas sp. Bb-A
0.00	3	38	26	 Brevundimonas sp. GW460-12-10-14-LB2
0.00	2	31	20	 Brevundimonas sp. MF30-B
0.00	2	15	15	 Brevundimonas sp. GRTSA-9
0.00	1	9	8	 Brevundimonas sp. 'scallop'
0.00	1	29	16	 Brevundimonas sp. AJA228-03
0.00	1	24	17	 Brevundimonas sp. CS1
0.00	8	35	17	 Brevundimonas vesicularis
0.00	5	53	33	 Brevundimonas mediterranea
0.00	5	96	40	 Brevundimonas naejangsanensis
0.00	4	56	27	 Brevundimonas nasdae
0.00	4	37	27	 Brevundimonas goettingensis
0.00	2	41	27	 Brevundimonas pondensis
0.00	1	43	19	 Brevundimonas subvibrioides
0.00	12	69	31	 Caulobacter vibrioides
0.00	7	68	24	 Caulobacter mirabilis
0.00	4	98	50	 Caulobacter segnis
0.00	4	82	70	 Caulobacter sp. FWC26
0.00	4	56	28	 Caulobacter soli
0.00	3	53	38	 Caulobacter rhizosphaerae
0.00	1	50	30	 Caulobacter flavus
0.00	3	48	27	 Phenylobacterium zucineum
0.00	2	24	18	 Phenylobacterium parvum
0.00	5	44	19	 Asticcacaulis excentricus
0.00	4	20	8	 Hyphomonas neptunium
0.00	1	22	12	 Hyphomonas sp. Mor2
0.00	3	5	3	 Candidatus Nucleicultrix amoebiphila
0.00	1	10	6	 Luteithermobacter gelatinilyticus
0.00	404	5617	3994	 Achromobacter xylosoxidans
0.00	388	5368	3872	 Achromobacter deleyi
0.00	13	186	90	 Achromobacter denitrificans
0.00	9	215	142	 Achromobacter spanius
0.00	6	70	45	 Achromobacter sp. AONIH1
0.00	1	9	7	 Achromobacter sp. ES-001
0.00	5	47	33	 Achromobacter insolitus
0.00	2	43	23	 Achromobacter pestifer
0.00	10	51	19	 Bordetella bronchialis
0.00	8	51	21	 Bordetella sp. H567
0.00	3	38	27	 Bordetella bronchiseptica
0.00	2	73	32	 Bordetella flabilis
0.00	2	32	11	 Bordetella pseudohinzii
0.00	2	50	26	 Bordetella genomosp. 8
0.00	1	43	28	 Bordetella hinzii
0.00	1	29	21	 Bordetella genomosp. 9
0.00	5	76	27	 Orrella dioscoreae
0.00	4	7	4	 Oligella urethralis
0.00	3	52	16	 Pusillimonas sp. T7-7
0.00	1	11	6	 Pusillimonas thiosulfatoxidans
0.00	1	52	23	 Alcaligenes faecalis
0.00	1	8	7	 Alcaligenes sp. SORT26
0.00	2	6	3	 Basilea psittacipulmonis
0.00	1	45	28	 Pigmentiphaga sp. H8
0.00	1	41	17	 Castellaniella defragrans
0.00	17	123	56	 Burkholderia cenocepacia
0.00	10	113	24	 Burkholderia contaminans
0.00	7	55	39	 Burkholderia lata
0.00	5	70	24	 Burkholderia stabilis
0.00	4	91	51	 Burkholderia ubonensis
0.00	4	48	25	 Burkholderia ambifaria
0.00	4	47	20	 Burkholderia anthina
0.00	3	62	34	 Burkholderia cepacia
0.00	2	49	33	 Burkholderia multivorans
0.00	1	22	11	 Burkholderia metallica
0.00	30	947	546	 Burkholderia gladioli
0.00	11	76	19	 Burkholderia sp. DHOD12
0.00	1	8	5	 Burkholderia sp. THE68
0.00	1	7	5	 Burkholderia sp. RPE67
0.00	1	51	20	 Burkholderia sp. Bp7605
0.00	3	27	15	 Burkholderia sp. BDU8
0.00	11	296	14	 Cupriavidus neocaledonicus
0.00	5	161	76	 Cupriavidus pauculus
0.00	5	56	24	 Cupriavidus campinensis
0.00	5	34	17	 Cupriavidus pinatubonensis
0.00	3	146	82	 Cupriavidus taiwanensis
0.00	1	65	43	 Cupriavidus basilensis
0.00	1	56	33	 Cupriavidus oxalaticus
0.00	10	70	37	 Paraburkholderia aromaticivorans
0.00	3	30	18	 Paraburkholderia sp. PGU16
0.00	2	34	20	 Paraburkholderia sp. SOS3
0.00	4	32	13	 Paraburkholderia graminis
0.00	2	44	25	 Paraburkholderia edwinii
0.00	2	37	15	 Paraburkholderia megapolitana
0.00	2	45	28	 Paraburkholderia phytofirmans
0.00	2	56	26	 Paraburkholderia fungorum
0.00	1	17	13	 Paraburkholderia terricola
0.00	1	26	16	 Paraburkholderia xenovorans
0.00	1	41	23	 Paraburkholderia acidiphila
0.00	1	28	11	 Paraburkholderia dokdonella
0.00	1	31	22	 Paraburkholderia caffeinilytica
0.00	1	21	15	 Paraburkholderia hospita
0.00	23	85	31	 Ralstonia mannitolilytica
0.00	3	143	61	 Ralstonia insidiosa
0.00	5	50	24	 Pandoraea norimbergensis
0.00	5	35	9	 Pandoraea fibrosis
0.00	1	196	24	 Pandoraea pnomenusa
0.00	1	51	15	 Pandoraea oxalativorans
0.00	6	42	14	 Polynucleobacter necessarius
0.00	2	5	1	 Polynucleobacter sp. AP-Sving-400A-A2
0.00	1	10	5	 Polynucleobacter difficilis
0.00	1	3	3	 Polynucleobacter wuianus
0.00	1	7	2	 Caballeronia sp. SBC2
0.00	1	6	5	 Mycoavidus sp. HKI
0.00	5	47	21	 Variovorax sp. HW608
0.00	4	28	20	 Variovorax sp. PBL-H6
0.00	4	68	24	 Variovorax sp. RA8
0.00	2	55	21	 Variovorax sp. PAMC26660
0.00	1	40	21	 Variovorax sp. PBS-H4
0.00	1	18	13	 Variovorax sp. PBL-E5
0.00	1	42	21	 Variovorax sp. PAMC28562
0.00	1	38	16	 Variovorax sp. RKNM96
0.00	1	107	65	 Variovorax paradoxus
0.00	13	118	46	 Acidovorax avenae
0.00	9	26	11	 Acidovorax sp. RAC01
0.00	1	31	17	 Acidovorax carolinensis
0.00	16	64	24	 Hydrogenophaga sp. PBC
0.00	2	28	11	 Hydrogenophaga sp. PBL-H3
0.00	1	46	18	 Hydrogenophaga sp. YM1
0.00	11	64	28	 Rhodoferax sediminis
0.00	2	51	26	 Rhodoferax koreense
0.00	1	29	15	 Rhodoferax ferrireducens
0.00	1	39	22	 Rhodoferax sp. BAB1
0.00	6	80	52	 Delftia acidovorans
0.00	3	15	2	 Delftia tsuruhatensis
0.00	4	94	39	 Comamonas aquatica
0.00	3	105	72	 Comamonas thiooxydans
0.00	4	93	48	 Ramlibacter tataouinensis
0.00	4	39	15	 Melaminivora sp. SC2-9
0.00	4	73	32	 Kinneretia sp. DAIF2
0.00	2	27	14	 Ottowia oryzae
0.00	2	27	16	 Ottowia sp. 27C
0.00	2	30	18	 Pulveribacter suum
0.00	2	10	7	 Curvibacter sp. AEP1-3
0.00	2	44	31	 Alicycliphilus denitrificans
0.00	1	40	22	 Diaphorobacter ruginosibacter
0.00	1	34	21	 Schlegelella thermodepolymerans
0.00	1	29	14	 Serpentinomonas mccroryi
0.00	1	44	17	 Polaromonas naphthalenivorans
0.00	2	46	19	 Massilia sp. YMA4
0.00	2	21	14	 Massilia sp. CCM 8941
0.00	9	61	28	 Massilia lutea
0.00	2	63	34	 Massilia umbonata
0.00	1	36	17	 Massilia plicata
0.00	1	17	10	 Massilia oculi
0.00	1	57	31	 Massilia putida
0.00	11	68	20	 Herbaspirillum robiniae
0.00	3	35	14	 Herbaspirillum frisingense
0.00	1	49	27	 Herbaspirillum seropedicae
0.00	5	25	10	 Janthinobacterium svalbardensis
0.00	3	22	14	 Janthinobacterium sp. 1_2014MBL_MicDiv
0.00	2	18	11	 Janthinobacterium sp. LM6
0.00	9	42	16	 Noviherbaspirillum sp. UKPF54
0.00	5	38	7	 Undibacterium sp. KW1
0.00	2	33	16	 Collimonas arenae
0.00	1	29	14	 Collimonas pratensis
0.00	1	37	22	 Duganella sp. AF9R3
0.00	10	34	8	 Methylibium sp. Pch-M
0.00	6	33	13	 Methylibium petroleiphilum
0.00	3	52	22	 Thiomonas sp. X19
0.00	1	41	17	 Thiomonas intermedia
0.00	4	55	39	 Rhizobacter sp. AJA081-3
0.00	1	28	22	 Leptothrix cholodnii
0.00	1	72	47	 Rubrivivax gelatinosus
0.00	1	75	33	 Mitsuaria sp. 7
0.00	1	39	23	 Aquabacterium olei
0.00	1	17	14	 Roseateles depolymerans
0.00	1	74	27	 Paucibacter sp. KCTC 42545
0.00	12	30	9	 Sutterella faecalis
0.00	6	37	12	 Sutterella megalosphaeroides
0.00	4	21	6	 Sutterella wadsworthensis
0.00	13	183	158	 Neisseria mucosa
0.00	11	34	13	 Neisseria bacilliformis
0.00	7	77	70	 Neisseria subflava
0.00	3	18	14	 Neisseria meningitidis
0.00	2	45	32	 Neisseria flavescens
0.00	2	18	4	 Neisseria chenwenguii
0.00	2	11	4	 Neisseria dentiae
0.00	2	159	43	 Neisseria elongata
0.00	1	23	14	 Neisseria sicca
0.00	1	10	3	 Neisseria sp. ZJ785
0.00	1	7	5	 Neisseria cinerea
0.00	9	77	26	 Chitinolyticbacter meiyuanensis
0.00	8	22	4	 Simonsiella muelleri
0.00	5	120	95	 Kingella oralis
0.00	2	27	9	 Kingella denitrificans
0.00	2	41	13	 Vitreoscilla filiformis
0.00	1	1	1	 Snodgrassella alvi
0.00	12	70	25	 Chromobacterium vaccinii
0.00	11	37	13	 Chromobacterium paludis
0.00	11	34	9	 Chromobacterium sp. Rain0013
0.00	2	34	16	 Chromobacterium phragmitis
0.00	10	57	22	 Laribacter hongkongensis
0.00	3	40	19	 Jeongeupia sp. USM3
0.00	1	35	13	 Jeongeupia sp. HS-3
0.00	2	49	20	 Vogesella sp. LIG4
0.00	1	41	19	 Microvirgula aerodenitrificans
0.00	1	64	18	 Paludibacterium paludis
0.00	9	75	21	 Aromatoleum petrolei
0.00	4	56	20	 Azospira restricta
0.00	5	29	7	 Rugosibacter aromaticivorans
0.00	3	58	26	 Azoarcus olearius
0.00	2	32	21	 Azoarcus sp. M9-3-2
0.00	1	53	20	 Azoarcus sp. DD4
0.00	2	30	17	 Thauera chlorobenzoica
0.00	1	28	12	 Dechloromonas sp. HYN0024
0.00	11	19	5	 Methylovorus glucosotrophus
0.00	5	23	10	 Sulfurimicrobium lacus
0.00	1	34	13	 Sulfuriferula plumbiphila
0.00	2	11	10	 Thiobacillus denitrificans
0.00	1	16	11	 Gallionella capsiferriformans
0.00	1	12	10	 Methyloversatilis sp. RAC08
0.00	1	1	1	 Candidatus Kinetoplastibacterium oncopeltii
0.00	1	1	1	 Candidatus Profftella armatura
0.00	380	1512	82	 Archangium violaceum
0.00	2	121	48	 Archangium gephyra
0.00	12	129	50	 Cystobacter fuscus
0.00	1	91	47	 Stigmatella aurantiaca
0.00	21	70	31	 Myxococcus hansupus
0.00	7	74	32	 Myxococcus sp. SCHIC003
0.00	1	112	61	 Myxococcus xanthus
0.00	2	80	38	 Corallococcus macrosporus
0.00	1	93	48	 Corallococcus coralloides
0.00	2	82	48	 Pyxidicoccus sp. SCPEA002
0.00	10	99	34	 Anaeromyxobacter dehalogenans
0.00	3	82	33	 Anaeromyxobacter sp. Fw109-5
0.00	32	155	62	 Minicystis rosea
0.00	16	510	250	 Sorangium cellulosum
0.00	4	111	71	 Labilithrix luteola
0.00	1	86	48	 Sandaracinus amylolyticus
0.00	1	85	42	 Haliangium ochraceum
0.00	8	33	15	 Pseudodesulfovibrio mercurii
0.00	3	70	20	 Pseudodesulfovibrio indicus
0.00	3	49	24	 Pseudodesulfovibrio cashew
0.00	1	15	6	 Pseudodesulfovibrio piezophilus
0.00	4	42	18	 Desulfovibrio carbinoliphilus
0.00	4	48	9	 Desulfovibrio sp. 86
0.00	3	47	24	 Desulfovibrio sulfodismutans
0.00	2	55	26	 Desulfovibrio gigas
0.00	1	88	21	 Desulfovibrio piger
0.00	1	40	19	 Desulfocurvibacter africanus
0.00	10	39	8	 Desulfohalobium retbaense
0.00	4	41	13	 Desulfomicrobium baculatum
0.00	5	50	16	 Geobacter bemidjiensis
0.00	3	21	12	 Geobacter daltonii
0.00	2	58	15	 Geobacter sp. FeAm09
0.00	1	5	5	 Geobacter metallireducens
0.00	1	31	16	 Geobacter lovleyi
0.00	9	37	12	 Geomonas sp. RG10
0.00	13	35	14	 Desulfuromonas versatilis
0.00	2	39	13	 Syntrophotalea acetylenivorans
0.00	1	28	19	 Syntrophotalea acetylenica
0.00	7	49	10	 Desulfobulbus oralis
0.00	2	35	13	 Desulfobulbus propionicus
0.00	1	36	25	 Desulfosarcina widdelii
0.00	2	40	16	 Syntrophobacter fumaroxidans
0.00	10	55	6	 Nitratifractor salsuginis
0.00	3	68	56	 Campylobacter concisus
0.00	2	6	2	 Campylobacter curvus
0.00	1	2	1	 Campylobacter rectus
0.00	1	1	1	 Helicobacter sp. MIT 01-6242
0.00	1	31	15	 Helicobacter pylori
0.00	1	4	1	 Sulfurimonas autotrophica
0.00	5	9	3	 Bdellovibrio sp. ZAP7
0.00	2	29	10	 Mariprofundus ferrinatatus
0.00	1	39	11	 Mariprofundus aestuarium
0.00	1	21	14	 Acidithiobacillus ferrivorans
0.00	95	1603	4	 Rufibacter sp. DG15C
0.00	10	70	21	 Hymenobacter sedentarius
0.00	9	91	20	 Hymenobacter oligotrophus
0.00	5	60	14	 Hymenobacter sp. PAMC 26554
0.00	3	59	21	 Hymenobacter sp. PAMC 26628
0.00	1	18	7	 Hymenobacter sp. DG25B
0.00	3	16	9	 Hymenobacter qilianensis
0.00	4	21	5	 Adhaeribacter radiodurans
0.00	2	57	15	 Pontibacter russatus
0.00	3	30	8	 Dyadobacter sp. Q3-56
0.00	2	26	6	 Spirosoma sp. PL0136
0.00	14	495	402	 Prevotella melaninogenica
0.00	6	196	165	 Prevotella jejuni
0.00	3	80	64	 Prevotella denticola
0.00	3	69	61	 Prevotella nigrescens
0.00	3	84	54	 Prevotella oris
0.00	2	40	21	 Prevotella intermedia
0.00	2	85	80	 Prevotella veroralis
0.00	2	100	82	 Prevotella histicola
0.00	1	91	75	 Prevotella dentalis
0.00	9	34	7	 Phocaeicola salanitronis
0.00	2	6	3	 Bacteroides ovatus
0.00	8	24	8	 Parabacteroides goldsteinii
0.00	1	31	22	 Tannerella sp. oral taxon HOT-286
0.00	4	43	12	 Muribaculum intestinale
0.00	3	12	5	 Muribaculum gordoncarteri
0.00	2	21	8	 Alistipes shahii
0.00	1	19	10	 Alistipes megaguti
0.00	2	20	7	 Tenuifilum thalassicum
0.00	6	10	2	 Flavobacterium crocinum
0.00	1	3	3	 Capnocytophaga sp. oral taxon 323
0.00	1	10	10	 Capnocytophaga sp. FDAARGOS_737
0.00	2	14	10	 Capnocytophaga endodontalis
0.00	4	8	3	 Winogradskyella forsetii
0.00	4	13	4	 Aequorivita sp. KX20305
0.00	2	7	2	 Tenacibaculum jejuense
0.00	1	5	4	 Pukyongia salina
0.00	1	7	4	 Gramella flava
0.00	1	1	1	 Polaribacter sp. HaHaR_3_91
0.00	1	12	5	 Chryseobacterium sp. NEB161
0.00	1	4	4	 Chryseobacterium sp. StRB126
0.00	2	15	15	 Chryseobacterium taklimakanense
0.00	1	12	11	 Chryseobacterium indoltheticum
0.00	1	6	4	 Chryseobacterium aureum
0.00	7	249	248	 Epilithonimonas vandammei
0.00	1	13	3	 Kaistella daneshvariae
0.00	1	3	2	 Empedobacter brevis
0.00	1	12	8	 Blattabacterium cuenoti
0.00	1	7	5	 Candidatus Sulcia muelleri
0.00	10	21	6	 Mucilaginibacter ginsenosidivorax
0.00	3	23	3	 Mucilaginibacter paludis
0.00	2	13	5	 Mucilaginibacter sp. F39-2
0.00	3	21	6	 Sphingobacterium multivorum
0.00	2	9	4	 Pedobacter endophyticus
0.00	2	29	8	 Chitinophaga agri
0.00	2	5	1	 Arachidicoccus soli
0.00	1	11	5	 Filimonas lacunae
0.00	1	21	11	 Pseudobacter ginsenosidimutans
0.00	1	55	28	 Rhodothermus marinus
0.00	1	62	26	 Salinibacter ruber
0.00	8	29	9	 Chlorobium limicola
0.00	1	40	12	 Pelodictyon luteolum
0.00	5	63	17	 Gemmatimonas phototrophica
0.00	5	43	15	 Gemmatimonas sp. TET16
0.00	13	80	35	 Alienimonas californiensis
0.00	2	22	12	 Symmachiella dynata
0.00	1	82	38	 Planctomyces sp. SH-PL14
0.00	7	34	15	 Rubripirellula lacrimiformis
0.00	3	41	14	 Roseimaritima ulvae
0.00	1	15	8	 Rhodopirellula baltica
0.00	1	37	22	 Stieleria maiorica
0.00	1	52	25	 Botrimarina mediterranea
0.00	1	65	26	 Pirellulimonas nuda
0.00	4	98	49	 Urbifossiella limnaea
0.00	2	101	44	 Gemmata obscuriglobus
0.00	1	70	40	 Frigoriglobus tundricola
0.00	3	139	71	 Aquisphaera giovannonii
0.00	2	65	23	 Singulisphaera acidiphila
0.00	1	92	42	 Tautonia plasticadhaerens
0.00	4	12	5	 Candidatus Kuenenia stuttgartiensis
0.00	3	8	6	 Sedimentisphaera cyanobacteriorum
0.00	10	113	37	 Verrucomicrobium sp. GAS474
0.00	1	53	27	 Luteolibacter luteus
0.00	2	93	40	 Akkermansia muciniphila
0.00	8	83	25	 Oleiharenicola sp. KSB-15
0.00	1	35	20	 Opitutus terrae
0.00	1	49	30	 Nibricoccus aquaticus
0.00	2	25	12	 Coraliomargarita akajimensis
0.00	1	56	22	 Ruficoccus sp. ZRK36
0.00	1	12	9	 Methylacidimicrobium sp. AP8
0.00	4	20	8	 Candidatus Vampirococcus archaeovorus
0.00	1	7	1	 Candidatus Rhabdochlamydia sp. W744
0.00	9	33	16	 Granulicella tundricola
0.00	1	30	13	 Granulicella sp. 5B5
0.00	2	39	13	 Terriglobus saanensis
0.00	1	62	42	 Paludibaculum fermentans
0.00	8	16	3	 Chloracidobacterium validum
0.00	4	114	41	 Luteitalea pratensis
0.00	5	56	4	 Salinispira pacifica
0.00	4	19	4	 Sphaerochaeta pleomorpha
0.00	1	8	5	 Sphaerochaeta globosa
0.00	3	61	16	 Aminomonas paucivorans
0.00	3	46	12	 Jonquetella anthropi
0.00	1	3	3	 Thermovirga lienii
0.00	1	1	1	 Fusobacterium mortiferum
0.00	1	38	20	 Fusobacterium nucleatum
0.00	1	3	3	 Fusobacterium varium
0.00	1	15	11	 Fusobacterium pseudoperiodonticum
0.00	5	13	5	 Dissulfurispira thermophila
0.00	1	26	8	 Candidatus Nitrospira inopinata
0.00	3	16	2	 Thermosipho sp. JL129W03
0.00	1	10	5	 Mesotoga prima
0.00	1	85	5	 Atribacter laminatus
0.95	200006	7968249	1509581	 Malassezia restricta
0.01	2124	112922	83940	 Malassezia globosa
0.01	1473	95538	40402	 Malassezia arunalokei
0.00	819	42800	31449	 Malassezia sympodialis
0.00	182	9169	7032	 Malassezia dermatis
0.00	96	3618	2519	 Malassezia furfur
0.00	29	440	295	 Malassezia slooffiae
0.00	25	496	343	 Malassezia japonica
0.00	23	272	174	 Malassezia obtusa
0.00	16	269	159	 Malassezia pachydermatis
0.00	13	255	129	 Malassezia caprae
0.00	11	244	103	 Malassezia nana
0.00	8	131	80	 Malassezia cuniculi
0.00	7	222	91	 Malassezia equina
0.00	5	125	74	 Malassezia vespertilionis
0.00	3	39	27	 Malassezia yamatoensis
0.00	1	28	16	 Cryptococcus gattii VGI
0.00	1	70	30	 Cryptococcus neoformans
0.00	1	51	25	 Rhizoctonia solani
0.00	99	2341	479	 [Candida] auris
0.00	94	3409	2588	 Candida orthopsilosis
0.00	7	151	141	 Saccharomyces cerevisiae
0.00	5	17	5	 Naumovozyma castellii
0.00	1	46	6	 Tetrapisispora phaffii
0.00	1	5	5	 Zygotorulaspora mrakii
0.00	1	41	21	 Yarrowia lipolytica
0.00	21	104	55	 Drechmeria coniospora
0.00	10	56	33	 Pochonia chlamydosporia
0.00	1	83	45	 Ustilaginoidea virens
0.00	2	28	15	 Fusarium graminearum
0.00	2	44	27	 Fusarium venenatum
0.00	3	63	31	 Fusarium oxysporum
0.00	1	129	70	 Colletotrichum higginsianum
0.00	4	116	73	 Thermothielavioides terrestris
0.00	2	78	50	 Thermothelomyces thermophilus
0.00	1	65	33	 Neurospora crassa
0.00	2	63	36	 Pyricularia oryzae
0.00	2	60	43	 Pyricularia pennisetigena
0.00	21	153	94	 Aspergillus chevalieri
0.00	3	69	32	 Aspergillus puulaauensis
0.00	1	55	28	 Aspergillus luchuensis
0.00	1	50	32	 Aspergillus fumigatus
0.00	3	73	47	 Cercospora beticola
0.00	48	1428	865	 Homo sapiens
0.00	9	23	9	 Halanaeroarchaeum sulfurireducens
0.00	2	29	17	 Halobacterium hubeiense
0.00	2	22	8	 Halodesulfurarchaeum formicicum
0.00	1	31	19	 Halarchaeum sp. CBA1220
0.00	4	40	27	 Halosiccatus urmianus
0.00	10	38	7	 Halolamina sp. CBA1230
0.00	2	10	7	 Halorubrum trapanicum
0.00	2	61	23	 Salinigranum rubrum
0.00	2	27	12	 Haloferax gibbonsii
0.00	1	34	21	 Haloplanus rubicundus
0.00	1	23	11	 Haloplanus rallus
0.00	2	17	9	 Haloprofundus sp. SQT7-1
0.00	6	32	11	 Natrinema pellirubrum
0.00	1	20	10	 Natrinema pallidum
0.00	6	34	19	 Haloterrigena turkmenica
0.00	5	50	7	 Natrialba magadii
0.00	1	62	23	 Salinarchaeum sp. Harcht-Bsk1
0.00	1	14	14	 Natrarchaeobaculum sulfurireducens
0.00	9	24	7	 Methanoculleus marisnigri
0.00	3	21	8	 Methanoculleus bourgensis
0.00	10	22	7	 Methanospirillum hungatei
0.00	1	17	2	 Methanoregula formicica
0.00	2	21	6	 Methanocella conradii
0.00	1	9	5	 Methanosarcina mazei
0.00	1	3	3	 Thermococcus chitonophagus
0.00	1	16	3	 Thermococcus thioreducens
0.00	2	9	1	 Methanobrevibacter ruminantium
0.02	3234	22794	273	 Propionibacterium virus PHL071N05
0.00	405	2792	61	 Propionibacterium phage BruceLethal
0.00	351	1377	28	 Propionibacterium phage Enoki
0.00	286	1998	56	 Propionibacterium phage QueenBey
0.00	156	744	23	 Propionibacterium phage PAC1
0.00	136	598	15	 Propionibacterium phage Moyashi
0.00	49	585	4	 Propionibacterium phage PHL085N00
0.00	19	168	27	 Propionibacterium phage PA1-14
0.01	1146	16988	196	 Propionibacterium virus PHL152M00
0.01	1119	7730	90	 Propionibacterium virus PHL171M01
0.00	955	9012	96	 Propionibacterium virus PHL009M11
0.00	683	4318	94	 Propionibacterium virus PHL070N00
0.00	519	2629	41	 Propionibacterium virus Pirate
0.00	432	2245	53	 Propionibacterium virus PHL116M00
0.00	331	2338	49	 Propionibacterium virus Pacnes201215
0.00	325	1546	30	 Propionibacterium virus Attacne
0.00	316	1241	20	 Propionibacterium virus PHL141N00
0.00	300	1425	29	 Propionibacterium virus P104A
0.00	293	2027	32	 Propionibacterium virus P1.1
0.00	270	1055	28	 Propionibacterium virus PHL092M00
0.00	259	1673	33	 Propionibacterium virus PHL179M00
0.00	257	1105	36	 Propionibacterium virus Procrass1
0.00	253	3171	81	 Propionibacterium virus Ouroboros
0.00	193	1154	25	 Propionibacterium virus PHL112N00
0.00	182	1860	63	 Propionibacterium virus PHL301M00
0.00	175	1068	43	 Propionibacterium virus PHL113M01
0.00	174	1371	39	 Propionibacterium virus Wizzo
0.00	166	2805	41	 Propionibacterium virus Stormborn
0.00	157	1026	28	 Propionibacterium virus PHL199M00
0.00	153	1075	52	 Propionibacterium virus PHL114L00
0.00	151	801	26	 Propionibacterium virus P91
0.00	145	965	32	 Propionibacterium virus P144
0.00	145	1400	49	 Propionibacterium virus Solid
0.00	141	1360	43	 Propionibacterium virus P100A
0.00	126	623	29	 Propionibacterium virus PA6
0.00	120	1390	40	 Propionibacterium virus Lauchelly
0.00	119	1057	27	 Propionibacterium virus PHL132N00
0.00	113	1023	27	 Propionibacterium virus P100D
0.00	103	375	17	 Propionibacterium virus PHL060L00
0.00	79	400	33	 Propionibacterium virus Kubed
0.00	62	312	27	 Propionibacterium virus PHL111M01
0.00	62	415	19	 Propionibacterium virus PHL025M00
0.00	57	117	34	 Propionibacterium virus PHL095N00
0.00	37	456	24	 Propionibacterium virus PHL041M10
0.00	27	196	7	 Propionibacterium virus ATCC29399BC
0.00	25	527	53	 Propionibacterium virus PAD20
0.00	23	259	13	 Propionibacterium virus P101A
0.00	23	284	29	 Propionibacterium virus SKKY
0.00	18	72	14	 Propionibacterium virus Keiki
0.00	17	448	13	 Propionibacterium virus P1001
0.00	11	352	19	 Propionibacterium virus P105
0.00	9	253	23	 Propionibacterium virus ATCC29399BT
0.00	9	60	5	 Propionibacterium virus MrAK
0.00	4	47	12	 Propionibacterium virus PAS50
0.00	1	140	5	 Propionibacterium virus PHL037M02
0.00	2	41	41	 Listeria phage A500
0.00	1	54	43	 Staphylococcus phage StB20
0.00	1	10	10	 Staphylococcus phage IME-SA4
0.00	1	7	7	 Staphylococcus virus CNPH82
0.00	1	39	38	 Staphylococcus phage StB12
0.00	1	1	1	 Gordonia virus BrutonGaster
0.00	5	322	1	 Vibrio phage ValB1MD-2
0.00	1	76	3	 Staphylococcus virus Andhra
0.00	1	2	2	 Ateline alphaherpesvirus 1
0.00	2	7	6	 Betapapillomavirus 2
