1.94	145883	0	0	unclassified
95.62	7205076	332836361	3049213	 Malassezia globosa
0.31	23331	683415	173465	 Malassezia restricta
0.02	1733	75117	19665	 Malassezia arunalokei
0.01	923	54255	13380	 Malassezia furfur
0.01	416	28811	1250	 Malassezia caprae
0.00	341	15485	1657	 Malassezia nana
0.00	287	14598	1303	 Malassezia equina
0.00	108	26123	3274	 Malassezia dermatis
0.00	99	51643	2656	 Malassezia pachydermatis
0.00	84	8049	2001	 Malassezia obtusa
0.00	77	10016	1562	 Malassezia sympodialis
0.00	45	27407	1452	 Malassezia japonica
0.00	27	8130	1269	 Malassezia slooffiae
0.00	26	13716	1141	 Malassezia cuniculi
0.00	9	19380	852	 Malassezia vespertilionis
0.00	4	11408	698	 Malassezia yamatoensis
0.00	5	3809	502	 Sporisorium graminicola
0.00	3	1720	423	 Ustilago maydis
0.00	81	1541	272	 Marasmius oreades
0.00	3	1552	192	 Rhizoctonia solani
0.00	1	821	175	 Cryptococcus neoformans
0.00	137	2792	1215	 Aspergillus chevalieri
0.00	100	724	177	 Aspergillus oryzae
0.00	121	1494	349	 Aspergillus luchuensis
0.00	39	763	224	 Aspergillus puulaauensis
0.00	18	14878	284	 Aspergillus fumigatus
0.00	5	1723	173	 Talaromyces rugulosus
0.00	121	977	45	 Fusarium graminearum
0.00	27	3114	89	 Fusarium venenatum
0.00	2	152	46	 Fusarium pseudograminearum
0.00	12	584	243	 Fusarium verticillioides
0.00	1	106	52	 Fusarium fujikuroi
0.00	14	475	94	 Fusarium oxysporum
0.00	12	424	141	 Ustilaginoidea virens
0.00	8	937	137	 Pochonia chlamydosporia
0.00	4	877	132	 Drechmeria coniospora
0.00	33	642	191	 Colletotrichum higginsianum
0.00	17	874	210	 Thermothielavioides terrestris
0.00	15	518	179	 Thermothelomyces thermophilus
0.00	36	1105	215	 Neurospora crassa
0.00	33	531	282	 Pyricularia grisea
0.00	6	479	123	 Pyricularia pennisetigena
0.00	4	345	124	 Pyricularia oryzae
0.00	1	390	100	 Botrytis cinerea
0.00	48	1869	274	 Cercospora beticola
0.00	22	653	165	 Zymoseptoria tritici
0.00	38	1516	274	 Saccharomyces cerevisiae
0.00	8	137	32	 Naumovozyma castellii
0.00	2	104	29	 Naumovozyma dairenensis
0.00	4	50	18	 Tetrapisispora blattae
0.00	3	4294	26	 Tetrapisispora phaffii
0.00	5	678	45	 Zygosaccharomyces rouxii
0.00	3	833	26	 Kluyveromyces lactis
0.00	1	91	37	 Kluyveromyces marxianus
0.00	3	483	50	 [Candida] glabrata
0.00	2	203	22	 Kazachstania africana
0.00	1	1156	71	 Torulaspora delbrueckii
0.00	1	653	46	 Eremothecium cymbalariae
0.00	7	122	47	 Candida orthopsilosis
0.00	3	151	32	 Candida albicans
0.00	6	449	117	 Debaryomyces hansenii
0.00	1	2164	68	 Scheffersomyces stipitis
0.00	13	3374	146	 Yarrowia lipolytica
0.00	5	503	57	 Brettanomyces bruxellensis
0.00	1	207	48	 Brettanomyces nanus
0.00	2	2620	81	 Ogataea parapolymorpha
0.00	4	4567	138	 Sugiyamaella lignohabitans
0.00	3	284	51	 Komagataella phaffii
0.00	1	484	126	 [Candida] auris
0.00	3	3028	108	 Schizosaccharomyces pombe
0.02	1673	45693	19038	 Homo sapiens
1.06	79784	2227294	207336	 Cutibacterium acnes
0.00	299	10570	2686	 Cutibacterium modestum
0.00	237	7653	1612	 Cutibacterium granulosum
0.00	25	2007	264	 Cutibacterium avidum
0.00	112	2629	497	 Microlunatus sagamiharensis
0.00	4	218	26	 Microlunatus sp. Gsoil 973
0.00	2	26	18	 Microlunatus sp. KUDC0627
0.00	3	53	22	 Microlunatus soli
0.00	56	2464	662	 Arachnia rubra
0.00	20	761	260	 Arachnia propionica
0.00	9	240	102	 Tessaracoccus flavescens
0.00	4	21	16	 Tessaracoccus sp. J1M15
0.00	3	481	47	 Tessaracoccus timonensis
0.00	1	29	6	 Tessaracoccus aquimaris
0.00	3	48	20	 Acidipropionibacterium acidipropionici
0.00	2	661	67	 Acidipropionibacterium jensenii
0.00	2	40	24	 Acidipropionibacterium virtanenii
0.00	5	239	78	 Propionibacterium freudenreichii
0.00	4	130	20	 Brevilactibacter sp. MC1595
0.00	1	50	17	 Brevilactibacter coleopterorum
0.00	10	278	80	 Nocardioides sp. S-1144
0.00	10	88	35	 Nocardioides sp. zg-1228
0.00	7	35	21	 Nocardioides sp. MC1495
0.00	6	31	12	 Nocardioides sp. 603
0.00	6	98	13	 Nocardioides sp. dk3136
0.00	5	24	15	 Nocardioides sp. WS12
0.00	4	26	15	 Nocardioides sp. SCSIO 67246
0.00	4	42	26	 Nocardioides sp. LMS-CY
0.00	4	30	12	 Nocardioides sp. zg-536
0.00	3	24	10	 Nocardioides sp. dk884
0.00	3	58	29	 Nocardioides sp. S5
0.00	3	30	17	 Nocardioides sp. JS614
0.00	2	26	15	 Nocardioides sp. zg-579
0.00	2	27	21	 Nocardioides sp. HDW12B
0.00	2	35	15	 Nocardioides sp. CF8
0.00	2	36	17	 Nocardioides sp. G188
0.00	1	18	12	 Nocardioides sp. HY056
0.00	11	64	28	 Nocardioides marinisabuli
0.00	8	329	115	 Nocardioides rotundus
0.00	7	61	19	 Nocardioides euryhalodurans
0.00	7	61	17	 Nocardioides anomalus
0.00	5	106	25	 Nocardioides aquaticus
0.00	4	14	5	 Nocardioides cynanchi
0.00	3	40	24	 Nocardioides piscis
0.00	3	76	21	 Nocardioides ungokensis
0.00	2	19	13	 Nocardioides dongkuii
0.00	2	43	18	 Nocardioides mesophilus
0.00	2	89	17	 Nocardioides dokdonensis
0.00	1	32	16	 Nocardioides humi
0.00	1	7	6	 Nocardioides houyundeii
0.00	1	17	9	 Nocardioides sambongensis
0.00	4	34	18	 Aeromicrobium erythreum
0.00	3	58	14	 Aeromicrobium choanae
0.00	3	41	12	 Aeromicrobium yanjiei
0.00	1	25	14	 Aeromicrobium marinum
0.00	1	17	7	 Aeromicrobium sp. zg-629
0.00	12	299	60	 Friedmanniella luteola
0.00	10	73	33	 Marmoricola scoriae
0.00	5	58	22	 Pimelobacter simplex
0.00	3	44	24	 Micropruina glycogenica
0.00	2	42	13	 Mumia sp. ZJ1417
0.00	1	47	28	 Kribbella flavida
0.06	4829	111862	27205	 Corynebacterium tuberculostearicum
0.03	1980	38679	11043	 Corynebacterium kefirresidentii
0.01	1078	16260	4701	 Corynebacterium ureicelerivorans
0.01	547	4643	1032	 Corynebacterium imitans
0.01	523	3904	912	 Corynebacterium aurimucosum
0.01	502	8349	2372	 Corynebacterium singulare
0.00	191	1465	526	 Corynebacterium sp. zg-917
0.00	125	249	63	 Corynebacterium sp. 2039
0.00	68	495	216	 Corynebacterium sp. NML98-0116
0.00	52	548	138	 Corynebacterium sp. FDAARGOS 1242
0.00	10	74	39	 Corynebacterium sp. 2019
0.00	6	56	14	 Corynebacterium sp. 1959
0.00	3	17	10	 Corynebacterium sp. NML93-0612
0.00	2	19	10	 Corynebacterium sp. 4H37-19
0.00	302	2207	395	 Corynebacterium minutissimum
0.00	180	3116	1213	 Corynebacterium bovis
0.00	173	3746	1377	 Corynebacterium segmentosum
0.00	171	2652	422	 Corynebacterium glucuronolyticum
0.00	169	4501	1398	 Corynebacterium genitalium
0.00	143	1323	515	 Corynebacterium coyleae
0.00	138	1630	431	 Corynebacterium glaucum
0.00	134	1271	212	 Corynebacterium riegelii
0.00	102	2756	970	 Corynebacterium kroppenstedtii
0.00	82	1566	646	 Corynebacterium simulans
0.00	55	1016	352	 Corynebacterium macginleyi
0.00	42	631	221	 Corynebacterium striatum
0.00	41	398	52	 Corynebacterium yudongzhengii
0.00	35	507	273	 Corynebacterium jeikeium
0.00	35	1234	464	 Corynebacterium matruchotii
0.00	33	170	70	 Corynebacterium lizhenjunii
0.00	32	280	154	 Corynebacterium sanguinis
0.00	31	245	104	 Corynebacterium mycetoides
0.00	29	275	89	 Corynebacterium liangguodongii
0.00	24	263	111	 Corynebacterium timonense
0.00	23	149	58	 Corynebacterium frankenforstense
0.00	23	262	112	 Corynebacterium propinquum
0.00	21	300	91	 Corynebacterium qintianiae
0.00	20	141	58	 Corynebacterium humireducens
0.00	18	204	78	 Corynebacterium incognita
0.00	17	234	105	 Corynebacterium camporealensis
0.00	16	151	52	 Corynebacterium phocae
0.00	15	96	40	 Corynebacterium marinum
0.00	15	280	107	 Corynebacterium diphtheriae
0.00	14	227	112	 Corynebacterium xerosis
0.00	14	132	59	 Corynebacterium vitaeruminis
0.00	14	187	38	 Corynebacterium aquilae
0.00	13	101	46	 Corynebacterium endometrii
0.00	12	138	71	 Corynebacterium flavescens
0.00	12	91	42	 Corynebacterium uterequi
0.00	11	72	25	 Corynebacterium falsenii
0.00	11	128	31	 Corynebacterium cystitidis
0.00	10	51	23	 Corynebacterium casei
0.00	10	167	60	 Corynebacterium maris
0.00	9	38	17	 Corynebacterium terpenotabidum
0.00	8	124	50	 Corynebacterium stationis
0.00	8	297	74	 Corynebacterium glyciniphilum
0.00	8	97	36	 Corynebacterium testudinoris
0.00	7	86	42	 Corynebacterium freneyi
0.00	7	80	36	 Corynebacterium doosanense
0.00	7	67	28	 Corynebacterium variabile
0.00	6	45	22	 Corynebacterium sphenisci
0.00	6	24	12	 Corynebacterium anserum
0.00	6	71	36	 Corynebacterium urealyticum
0.00	5	47	27	 Corynebacterium mustelae
0.00	4	71	32	 Corynebacterium resistens
0.00	4	57	26	 Corynebacterium atypicum
0.00	4	37	19	 Corynebacterium gerontici
0.00	4	55	22	 Corynebacterium lactis
0.00	3	93	28	 Corynebacterium halotolerans
0.00	3	27	10	 Corynebacterium glutamicum
0.00	3	56	26	 Corynebacterium renale
0.00	3	16	8	 Corynebacterium pelargi
0.00	3	147	34	 Corynebacterium ammoniagenes
0.00	2	11	7	 Corynebacterium crudilactis
0.00	2	49	23	 Corynebacterium efficiens
0.00	2	19	9	 Corynebacterium nuruki
0.00	2	43	21	 Corynebacterium epidermidicanis
0.00	2	36	18	 Corynebacterium callunae
0.00	2	30	14	 Corynebacterium urogenitale
0.00	2	227	26	 Corynebacterium amycolatum
0.00	2	61	10	 Corynebacterium kutscheri
0.00	1	20	13	 Corynebacterium pseudotuberculosis
0.00	1	27	16	 Corynebacterium argentoratense
0.01	1009	21768	143	 Lawsonella clevelandensis
0.00	200	903	21	 Mycolicibacterium chubuense
0.00	36	783	361	 Mycolicibacterium phocaicum
0.00	21	697	172	 Mycolicibacterium hassiacum
0.00	13	88	46	 Mycolicibacterium mucogenicum
0.00	12	59	29	 Mycolicibacterium litorale
0.00	9	233	118	 Mycolicibacterium fortuitum
0.00	8	27	12	 Mycolicibacterium duvalii
0.00	7	77	27	 Mycobacterium doricum
0.00	6	96	57	 Mycolicibacterium aubagnense
0.00	5	32	15	 Mycolicibacterium boenickei
0.00	5	40	12	 Mycolicibacterium rhodesiae
0.00	4	12	8	 Mycolicibacterium thermoresistibile
0.00	4	42	19	 Mycolicibacterium helvum
0.00	4	45	16	 Mycolicibacterium madagascariense
0.00	4	40	15	 Mycolicibacterium fluoranthenivorans
0.00	4	17	9	 Mycolicibacterium anyangense
0.00	3	40	18	 Mycolicibacterium gilvum
0.00	3	42	12	 Mycolicibacterium fallax
0.00	3	31	18	 Mycolicibacterium arabiense
0.00	3	38	18	 Mycolicibacterium parafortuitum
0.00	3	34	14	 Mycolicibacterium monacense
0.00	2	70	63	 Mycolicibacterium sediminis
0.00	2	31	13	 Mycolicibacterium phlei
0.00	1	23	14	 Mycolicibacterium tokaiense
0.00	1	35	21	 Mycolicibacterium aurum
0.00	1	33	17	 Mycolicibacterium chitae
0.00	1	15	12	 Mycolicibacterium rutilum
0.00	1	12	11	 Mycolicibacterium farcinogenes
0.00	1	9	9	 Mycolicibacterium vaccae
0.00	1	23	17	 Mycolicibacterium psychrotolerans
0.00	1	2	2	 Mycolicibacterium poriferae
0.00	126	278	13	 Mycobacterium sp. MS1601
0.00	6	65	32	 Mycobacterium sp. JS623
0.00	2	19	13	 Mycobacterium sp. EPa45
0.00	2	27	12	 Mycobacterium sp. DL440
0.00	1	14	10	 Mycobacterium sp. ELW1
0.00	1	8	4	 Mycobacterium sp. QIA-37
0.00	1	11	7	 Mycobacterium sp. TY59
0.00	5	38	19	 Mycobacterium simiae
0.00	5	27	18	 Mycobacterium florentinum
0.00	3	40	18	 Mycobacterium stomatepiae
0.00	2	76	12	 Mycobacterium saskatchewanense
0.00	2	21	13	 Mycobacterium shigaense
0.00	6	79	34	 Mycobacterium avium
0.00	3	12	5	 Mycobacterium paraintracellulare
0.00	2	25	18	 Mycobacterium intracellulare
0.00	2	14	11	 Mycobacterium mantenii
0.00	2	22	11	 Mycobacterium marseillense
0.00	14	199	70	 Mycobacterium paragordonae
0.00	9	155	88	 Mycobacterium gallinarum
0.00	4	22	17	 Mycobacterium gordonae
0.00	4	42	15	 Mycobacterium vicinigordonae
0.00	4	6	4	 Mycobacterium paraseoulense
0.00	3	35	19	 Mycobacterium grossiae
0.00	2	18	9	 Mycobacterium shinjukuense
0.00	2	28	14	 Mycobacterium dioxanotrophicus
0.00	2	21	13	 Mycobacterium lacus
0.00	2	29	15	 Mycobacterium kansasii
0.00	2	22	13	 Mycobacterium haemophilum
0.00	1	18	10	 Mycobacterium branderi
0.00	1	9	9	 Mycobacterium conspicuum
0.00	1	20	7	 Mycobacterium heckeshornense
0.00	1	10	7	 Mycobacterium koreense
0.00	1	18	9	 Mycobacterium diernhoferi
0.00	1	13	7	 Mycobacterium basiliense
0.00	1	22	12	 Mycobacterium riyadhense
0.00	1	13	7	 Mycobacterium noviomagense
0.00	7	1992	52	 Mycobacteroides abscessus
0.00	6	117	34	 Mycobacteroides chelonae
0.00	3	33	9	 Mycobacteroides immunogenum
0.00	4	30	15	 Mycolicibacter hiberniae
0.00	3	22	14	 Mycolicibacter minnesotensis
0.00	3	33	15	 Mycolicibacter sp. MYC098
0.00	2	11	6	 Mycolicibacter terrae
0.00	7	90	57	 Rhodococcus sp. P-2
0.00	6	75	15	 Rhodococcus sp. R79
0.00	4	32	17	 Rhodococcus sp. PBTS 2
0.00	3	32	17	 Rhodococcus sp. YL-1
0.00	3	27	16	 Rhodococcus sp. PBTS 1
0.00	2	83	19	 Rhodococcus sp. X156
0.00	2	30	9	 Rhodococcus sp. USK13
0.00	2	24	14	 Rhodococcus sp. W8901
0.00	1	42	22	 Rhodococcus sp. SGAir0479
0.00	11	116	32	 Rhodococcus qingshengii
0.00	3	125	53	 Rhodococcus erythropolis
0.00	5	49	24	 Rhodococcus fascians
0.00	5	27	8	 Rhodococcus globerulus
0.00	4	139	49	 Rhodococcus ruber
0.00	3	105	39	 Rhodococcus opacus
0.00	2	8	8	 Rhodococcus koreensis
0.00	1	55	22	 Rhodococcus hoagii
0.00	1	13	3	 Rhodococcus aetherivorans
0.00	6	55	15	 Nocardia otitidiscaviarum
0.00	4	32	19	 Nocardia tengchongensis
0.00	3	105	33	 Nocardia cyriacigeorgica
0.00	3	44	18	 Nocardia sp. CS682
0.00	2	82	42	 Nocardia farcinica
0.00	2	54	16	 Nocardia iowensis
0.00	1	46	31	 Nocardia asteroides
0.00	1	16	14	 Nocardia nova
0.00	1	25	11	 Nocardia arthritidis
0.00	1	123	28	 Nocardia terpenica
0.00	24	351	138	 Gordonia terrae
0.00	10	143	48	 Gordonia bronchialis
0.00	10	442	209	 Gordonia polyisoprenivorans
0.00	6	52	12	 Gordonia sp. JH63
0.00	1	37	17	 Gordonia sp. PDNC005
0.00	6	20	11	 Gordonia amarae
0.00	2	28	10	 Gordonia jinghuaiqii
0.00	1	1	1	 Gordonia westfalica
0.00	1	21	11	 Gordonia iterans
0.00	14	175	57	 Tsukamurella paurometabola
0.00	2	70	29	 Tsukamurella tyrosinosolvens
0.00	5	40	13	 Dietzia lutea
0.00	2	40	12	 Dietzia timorensis
0.00	2	40	21	 Dietzia sp. oral taxon 368
0.00	5	47	15	 Tomitella sp. HY172
0.00	1	22	15	 Tomitella sp. HY188
0.00	220	8473	1604	 Rothia mucilaginosa
0.00	89	3171	552	 Rothia dentocariosa
0.00	79	1746	379	 Rothia amarae
0.00	43	1684	656	 Rothia aeria
0.00	22	603	226	 Rothia kristinae
0.00	7	236	52	 Rothia terrae
0.00	5	31	10	 Rothia sp. ZJ932
0.00	3	30	17	 Rothia nasimurium
0.00	65	2272	403	 Kocuria palustris
0.00	18	200	66	 Kocuria rhizophila
0.00	12	86	43	 Kocuria indica
0.00	3	26	11	 Kocuria varians
0.00	2	62	36	 Kocuria sp. TGY1120_3
0.00	1	22	13	 Kocuria sp. KD4
0.00	2	77	50	 Kocuria rosea
0.00	2	15	5	 Kocuria flava
0.00	1	14	11	 Kocuria turfanensis
0.00	66	1762	638	 Micrococcus luteus
0.00	1	2	1	 Micrococcus sp. KBS0714
0.00	4	47	19	 Arthrobacter sp. NEB 688
0.00	3	20	12	 Arthrobacter sp. KBS0702
0.00	3	7	5	 Arthrobacter sp. PAMC 25486
0.00	3	14	7	 Arthrobacter sp. QXT-31
0.00	2	8	6	 Arthrobacter sp. NicSoilB8
0.00	2	18	8	 Arthrobacter sp. YC-RL1
0.00	1	21	11	 Arthrobacter sp. zg-ZUI122
0.00	11	44	10	 Arthrobacter dokdonellae
0.00	4	44	25	 Arthrobacter agilis
0.00	2	35	19	 Arthrobacter crystallopoietes
0.00	2	31	14	 Arthrobacter woluwensis
0.00	6	43	17	 Zhihengliuella sp. ISTPL4
0.00	3	18	10	 Pseudarthrobacter psychrotolerans
0.00	2	62	9	 Pseudarthrobacter sp. BIM B-2242
0.00	3	31	12	 Sinomonas atrocyanea
0.00	1	27	11	 Sinomonas sp. R1AF57
0.00	2	73	8	 Nesterenkonia sp. NBAIMH1
0.00	1	10	6	 Glutamicibacter nicotianae
0.00	1	6	6	 Glutamicibacter mishrai
0.00	15	174	44	 Microbacterium sp. PM5
0.00	5	73	11	 Microbacterium sp. No. 7
0.00	5	32	18	 Microbacterium sp. BH-3-3-3
0.00	4	13	5	 Microbacterium sp. NIBRBAC000506063
0.00	4	101	21	 Microbacterium sp. 1S1
0.00	4	9	3	 Microbacterium sp. PAMC 28756
0.00	4	55	11	 Microbacterium sp. A18JL200
0.00	3	47	26	 Microbacterium sp. LKL04
0.00	2	34	16	 Microbacterium sp. Y-01
0.00	2	31	28	 Microbacterium sp. ABRD_28
0.00	2	14	9	 Microbacterium sp. 10M-3C3
0.00	1	18	12	 Microbacterium sp. TPU 3598
0.00	1	40	16	 Microbacterium sp. NY27
0.00	1	8	6	 Microbacterium sp. CBA3102
0.00	39	267	31	 Microbacterium oleivorans
0.00	11	51	28	 Microbacterium foliorum
0.00	6	133	49	 Microbacterium aurum
0.00	5	16	10	 Microbacterium pygmaeum
0.00	5	59	26	 Microbacterium testaceum
0.00	5	41	16	 Microbacterium paraoxydans
0.00	4	33	16	 Microbacterium schleiferi
0.00	4	32	15	 Microbacterium oryzae
0.00	2	20	13	 Microbacterium chocolatum
0.00	2	21	8	 Microbacterium oxydans
0.00	2	18	13	 Microbacterium hominis
0.00	2	16	10	 Microbacterium lushaniae
0.00	2	17	11	 Microbacterium wangchenii
0.00	2	27	15	 Microbacterium protaetiae
0.00	1	59	4	 Microbacterium chengjingii
0.00	1	11	9	 Microbacterium caowuchunii
0.00	1	8	6	 Microbacterium amylolyticum
0.00	1	18	10	 Microbacterium hydrocarbonoxydans
0.00	7	58	22	 Curtobacterium sp. MR_MD2014
0.00	3	20	12	 Curtobacterium sp. BH-2-1-1
0.00	3	111	20	 Curtobacterium sp. 24E2
0.00	2	62	11	 Curtobacterium sp. TC1
0.00	1	10	7	 Curtobacterium sp. YC1
0.00	1	11	8	 Curtobacterium sp. L6-1
0.00	7	51	21	 Curtobacterium flaccumfaciens
0.00	10	17	6	 Leucobacter sp. CX169
0.00	6	133	35	 Leucobacter sp. Psy1
0.00	4	21	10	 Leucobacter triazinivorans
0.00	2	15	9	 Leucobacter coleopterorum
0.00	1	11	8	 Leucobacter denitrificans
0.00	12	143	66	 Clavibacter michiganensis
0.00	8	49	18	 Clavibacter zhangzhiyongii
0.00	2	13	9	 Rathayibacter sp. VKM Ac-2801
0.00	1	13	10	 Rathayibacter sp. VKM Ac-2759
0.00	1	11	9	 Rathayibacter sp. VKM Ac-2760
0.00	2	16	9	 Rathayibacter tritici
0.00	1	19	9	 Rathayibacter iranicus
0.00	1	10	7	 Rathayibacter tanaceti
0.00	5	43	18	 Agromyces aureus
0.00	5	27	20	 Agromyces flavus
0.00	2	15	10	 Agromyces laixinhei
0.00	2	14	10	 Agromyces intestinalis
0.00	1	17	15	 Agromyces badenianii
0.00	1	25	11	 Agromyces sp. G127AT
0.00	7	39	21	 Leifsonia shinshuensis
0.00	2	19	10	 Leifsonia sp. 21MFCrub1.1
0.00	1	33	16	 Leifsonia sp. ZF2019
0.00	1	56	17	 Leifsonia xyli
0.00	2	72	64	 Agrococcus sp. SGAir0287
0.00	2	22	13	 Agrococcus sp. Marseille-Q4369
0.00	2	12	10	 Agrococcus carbonis
0.00	1	19	11	 Agrococcus jejuensis
0.00	7	26	8	 Salinibacterium sp. ZJ70
0.00	2	33	9	 Salinibacterium sp. UTAS2018
0.00	1	45	9	 Salinibacterium sp. ZJ450
0.00	3	32	13	 Protaetiibacter sp. SSC-01
0.00	2	24	13	 Protaetiibacter intestinalis
0.00	1	23	16	 Protaetiibacter larvae
0.00	5	33	15	 Frondihabitans sp. PAMC 28766
0.00	4	45	16	 Frondihabitans sp. 762G35
0.00	7	43	13	 Frigoribacterium sp. NBH87
0.00	5	60	22	 Herbiconiux sp. SALV-R1
0.00	5	61	22	 Humibacter sp. WJ7-1
0.00	4	36	21	 Gryllotalpicola protaetiae
0.00	1	18	12	 Cryobacterium sp. LW097
0.00	3	31	12	 Microcella alkaliphila
0.00	3	54	30	 Microterricola viridarii
0.00	2	62	13	 Plantibacter flavus
0.00	2	13	5	 Aquiluna borgnonia
0.00	1	11	8	 Agreia sp. COWG
0.00	1	41	15	 Glaciihabitans sp. INWT7
0.00	1	13	6	 Subtercola sp. PAMC28395
0.00	77	1042	309	 Janibacter limosus
0.00	8	70	23	 Janibacter indicus
0.00	7	160	61	 Janibacter melonis
0.00	53	652	20	 Intrasporangium calvum
0.00	4	18	10	 Phycicoccus endophyticus
0.00	1	49	26	 Phycicoccus sp. HDW14
0.00	3	44	25	 Arsenicicoccus sp. oral taxon 190
0.00	3	31	11	 Pedococcus dokdonensis
0.00	2	27	20	 Tetrasphaera sp. HKS02
0.00	54	1403	298	 Dermabacter vaginalis
0.00	14	424	101	 Dermabacter jinjuensis
0.00	16	187	49	 Brachybacterium sp. SGAir0954
0.00	11	65	29	 Brachybacterium saurashtrense
0.00	4	20	10	 Brachybacterium faecium
0.00	4	50	19	 Brachybacterium ginsengisoli
0.00	60	2359	346	 Dermacoccus nishinomiyaensis
0.00	29	1016	218	 Dermacoccus sp. PAMC28757
0.00	4	43	25	 Luteipulveratus mongoliensis
0.00	58	1786	583	 Brevibacterium casei
0.00	5	14	7	 Brevibacterium sp. W7.2
0.00	4	121	52	 Brevibacterium sp. CS2
0.00	2	18	8	 Brevibacterium sp. YB235
0.00	1	22	22	 Brevibacterium sp. Ap13
0.00	1	8	5	 Brevibacterium sp. WO024
0.00	1	18	10	 Brevibacterium sp. o2
0.00	1	31	10	 Brevibacterium sp. SMBL_HHYL_HB1
0.00	11	207	82	 Brevibacterium linens
0.00	1	8	5	 Brevibacterium siliguriense
0.00	11	28	5	 Ornithinimicrobium pratense
0.00	7	102	35	 Ornithinimicrobium flavum
0.00	3	34	21	 Ornithinimicrobium sp. AMA3305
0.00	2	16	10	 Ornithinimicrobium sp. H23M54
0.00	3	23	11	 Serinicoccus chungangensis
0.00	2	20	12	 Serinicoccus marinus
0.00	2	101	28	 Serinicoccus profundi
0.00	2	15	9	 Serinicoccus hydrothermalis
0.00	5	365	20	 Cellulomonas sp. C5510
0.00	3	34	17	 Cellulomonas sp. Y8
0.00	2	19	10	 Cellulomonas sp. PSBB021
0.00	2	35	19	 Cellulomonas sp. H30R-01
0.00	2	24	8	 Cellulomonas sp. zg-ZUI188
0.00	1	18	12	 Cellulomonas sp. zg-ZUI222
0.00	1	22	9	 Cellulomonas sp. zg-ZUI157
0.00	3	153	18	 Cellulomonas fimi
0.00	2	14	9	 Cellulomonas flavigena
0.00	1	28	15	 Cellulomonas shaoxiangyii
0.00	1	13	8	 Cellulomonas taurus
0.00	4	54	22	 Actinotalea sp. JY-7876
0.00	3	35	14	 Paraoerskovia marina
0.00	1	24	20	 Pseudactinotalea sp. HY158
0.00	9	106	17	 Cellulosimicrobium cellulans
0.00	2	15	13	 Cellulosimicrobium sp. BI34T
0.00	3	25	18	 Isoptericola dokdonensis
0.00	3	17	12	 Xylanimicrobium sp. FW10M-9
0.00	2	14	11	 Xylanimonas cellulosilytica
0.00	6	36	22	 Miniimonas sp. S16
0.00	3	36	19	 Beutenbergia cavernae
0.00	5	45	29	 Ruania sp. HY168
0.00	4	21	8	 Ruania sp. HY164
0.00	7	45	19	 Georgenia sp. Z294
0.00	2	26	16	 Georgenia sp. Z443
0.00	4	202	91	 Kytococcus sedentarius
0.00	1	22	8	 Jonesia denitrificans
0.00	127	1640	264	 Actinomyces naeslundii
0.00	40	514	115	 Actinomyces sp. oral taxon 171
0.00	35	318	118	 Actinomyces sp. oral taxon 414
0.00	21	197	42	 Actinomyces sp. HMT 175
0.00	9	153	39	 Actinomyces sp. oral taxon 169
0.00	4	15	10	 Actinomyces sp. Chiba101
0.00	2	22	9	 Actinomyces sp. MAS-1
0.00	1	24	11	 Actinomyces sp. 432
0.00	1	18	3	 Actinomyces sp. zg-332
0.00	52	107	10	 Actinomyces wuliandei
0.00	41	380	99	 Actinomyces oris
0.00	30	82	13	 Actinomyces trachealis
0.00	19	116	38	 Actinomyces viscosus
0.00	15	40	16	 Actinomyces radicidentis
0.00	10	34	12	 Actinomyces howellii
0.00	5	72	14	 Actinomyces israelii
0.00	4	24	9	 Actinomyces slackii
0.00	3	25	16	 Actinomyces weissii
0.00	3	37	12	 Actinomyces gaoshouyii
0.00	3	6	4	 Actinomyces qiguomingii
0.00	2	11	7	 Actinomyces procaprae
0.00	2	54	10	 Actinomyces marmotae
0.00	2	52	16	 Actinomyces respiraculi
0.00	1	84	34	 Actinomyces pacaensis
0.00	60	156	20	 Winkia sp. C64
0.00	26	301	141	 Schaalia odontolytica
0.00	17	138	44	 Schaalia meyeri
0.00	7	104	9	 Schaalia sp. ZJ405
0.00	3	157	49	 Schaalia turicensis
0.00	3	23	15	 Schaalia cardiffensis
0.00	36	1077	183	 Pauljensenia hongkongensis
0.00	13	156	12	 Actinobaculum sp. 313
0.00	2	9	5	 Arcanobacterium sp. JY-X040
0.00	1	5	3	 Arcanobacterium phocae
0.00	3	46	11	 Actinotignum schaalii
0.00	1	9	8	 Mobiluncus curtisii
0.00	1	21	12	 Flaviflexus sp. dk850
0.00	1	5	4	 Boudabousia tangfeifanii
0.00	54	1447	11	 Streptomyces sp. WAC 01438
0.00	15	227	16	 Streptomyces sp. So13.3
0.00	6	17	8	 Streptomyces sp. YPW6
0.00	6	56	20	 Streptomyces sp. NHF165
0.00	5	74	12	 Streptomyces sp. ST1015
0.00	4	11	5	 Streptomyces sp. 11-1-2
0.00	4	30	20	 Streptomyces sp. MG28
0.00	4	22	11	 Streptomyces sp. MBT27
0.00	4	43	19	 Streptomyces sp. SCUT-3
0.00	4	17	10	 Streptomyces sp. Go-475
0.00	4	22	16	 Streptomyces sp. SCSIO 3032
0.00	3	25	15	 Streptomyces sp. WAC 01529
0.00	3	19	15	 Streptomyces sp. S4.7
0.00	3	42	19	 Streptomyces sp. SN-593
0.00	3	62	7	 Streptomyces sp. Mg1
0.00	3	6	1	 Streptomyces sp. CA-256286
0.00	2	7	4	 Streptomyces sp. HF10
0.00	2	19	11	 Streptomyces sp. SAT1
0.00	2	2	1	 Streptomyces sp. LBUM 1480
0.00	2	6	3	 Streptomyces sp. CLI2509
0.00	2	10	7	 Streptomyces sp. C8S0
0.00	1	20	14	 Streptomyces sp. CB01881
0.00	1	20	5	 Streptomyces sp. 769
0.00	1	12	11	 Streptomyces sp. ADI95-16
0.00	1	1	1	 Streptomyces sp. Sge12
0.00	1	9	8	 Streptomyces sp. 3211
0.00	1	13	11	 Streptomyces sp. MOE7
0.00	1	26	15	 Streptomyces sp. HM190
0.00	1	22	14	 Streptomyces sp. SYP-A7193
0.00	1	2	1	 Streptomyces sp. ICC1
0.00	1	21	8	 Streptomyces sp. ID38640
0.00	1	2	2	 Streptomyces sp. S1D4-20
0.00	1	13	11	 Streptomyces sp. YIM 121038
0.00	1	20	15	 Streptomyces sp. CRPJ-33
0.00	1	26	13	 Streptomyces sp. CRXT-Y-14
0.00	1	8	7	 Streptomyces sp. WAC 06738
0.00	1	10	8	 Streptomyces sp. A2-16
0.00	15	83	34	 Streptomyces chartreusis
0.00	12	161	103	 Streptomyces venezuelae
0.00	6	26	10	 Streptomyces alboniger
0.00	4	44	22	 Streptomyces cadmiisoli
0.00	7	69	18	 Streptomyces olivoreticuli
0.00	6	36	11	 Streptomyces hundungensis
0.00	6	27	14	 Streptomyces griseochromogenes
0.00	6	31	11	 Streptomyces subrutilus
0.00	5	319	5	 Streptomyces lividans
0.00	4	53	22	 Streptomyces rimosus
0.00	4	17	11	 Streptomyces gardneri
0.00	4	40	23	 Streptomyces lydicus
0.00	4	19	15	 Streptomyces coeruleorubidus
0.00	4	20	9	 Streptomyces cyaneochromogenes
0.00	2	26	20	 Streptomyces griseus
0.00	1	15	11	 Streptomyces anulatus
0.00	3	54	14	 Streptomyces gilvosporeus
0.00	3	16	8	 Streptomyces pratensis
0.00	3	10	6	 Streptomyces ficellus
0.00	3	43	21	 Streptomyces mobaraensis
0.00	3	98	23	 Streptomyces vinaceus
0.00	3	23	14	 Streptomyces viridosporus
0.00	3	20	9	 Streptomyces fulvissimus
0.00	3	34	20	 Streptomyces atratus
0.00	3	25	17	 Streptomyces cacaoi
0.00	3	35	17	 Streptomyces lincolnensis
0.00	3	11	7	 Streptomyces exfoliatus
0.00	2	16	8	 Streptomyces pristinaespiralis
0.00	2	12	8	 Streptomyces cyaneogriseus
0.00	2	18	14	 Streptomyces incarnatus
0.00	2	48	21	 Streptomyces albulus
0.00	2	32	8	 Streptomyces clavuligerus
0.00	2	15	11	 Streptomyces pactum
0.00	2	26	21	 Streptomyces bathyalis
0.00	2	29	17	 Streptomyces finlayi
0.00	2	10	9	 Streptomyces albidoflavus
0.00	2	20	12	 Streptomyces galilaeus
0.00	2	8	5	 Streptomyces alfalfae
0.00	2	21	10	 Streptomyces nitrosporeus
0.00	2	26	18	 Streptomyces alboflavus
0.00	1	11	9	 Streptomyces tuirus
0.00	1	23	16	 Streptomyces armeniacus
0.00	1	19	8	 Streptomyces harbinensis
0.00	1	37	15	 Streptomyces parvulus
0.00	1	34	22	 Streptomyces niveus
0.00	1	14	9	 Streptomyces roseochromogenus
0.00	1	29	17	 Streptomyces xinghaiensis
0.00	1	50	31	 Streptomyces albus
0.00	1	38	14	 Streptomyces nigra
0.00	1	7	7	 Streptomyces paludis
0.00	1	29	20	 Streptomyces aquilus
0.00	1	8	8	 Streptomyces broussonetiae
0.00	1	12	11	 Streptomyces liangshanensis
0.00	1	24	19	 Streptomyces buecherae
0.00	1	14	7	 Streptomyces yatensis
0.00	1	13	6	 Streptomyces rutgersensis
0.00	1	11	8	 Streptomyces calvus
0.00	1	10	9	 Streptomyces nodosus
0.00	1	255	20	 Streptomyces viridifaciens
0.00	1	92	19	 Streptomyces luteoverticillatus
0.00	1	35	15	 Streptomyces tendae
0.00	1	37	21	 Streptomyces cattleya
0.00	1	65	17	 Streptomyces lavendulae
0.00	1	19	18	 Streptomyces griseorubiginosus
0.00	1	12	10	 Streptomyces hawaiiensis
0.00	1	36	14	 Streptomyces avermitilis
0.00	1	28	13	 Streptomyces antibioticus
0.00	1	11	10	 Streptomyces ambofaciens
0.00	11	482	19	 Streptacidiphilus sp. PB12-B1b
0.00	2	93	26	 Streptacidiphilus sp. P02-A3a
0.00	2	24	16	 Streptacidiphilus bronchialis
0.00	2	18	12	 Kitasatospora albolonga
0.00	1	27	14	 Kitasatospora sp. NA04385
0.00	19	84	34	 Pseudonocardia sp. CGMCC 4.1532
0.00	10	112	50	 Pseudonocardia sp. DSM 110487
0.00	6	24	14	 Pseudonocardia sp. HH130629-09
0.00	1	43	20	 Pseudonocardia sp. HH130630-07
0.00	7	80	34	 Pseudonocardia dioxanivorans
0.00	4	54	29	 Pseudonocardia broussonetiae
0.00	8	59	26	 Amycolatopsis sp. DSM 110486
0.00	5	23	16	 Amycolatopsis sp. TNS106
0.00	4	102	9	 Amycolatopsis sp. BJA-103
0.00	3	54	21	 Amycolatopsis sp. YIM 10
0.00	3	116	27	 Amycolatopsis sp. FDAARGOS 1241
0.00	1	32	18	 Amycolatopsis sp. CA-230715
0.00	8	32	15	 Amycolatopsis albispora
0.00	7	36	11	 Amycolatopsis japonica
0.00	6	32	17	 Amycolatopsis orientalis
0.00	5	40	28	 Amycolatopsis mediterranei
0.00	3	34	21	 Amycolatopsis methanolica
0.00	2	26	21	 Amycolatopsis keratiniphila
0.00	13	224	15	 Saccharopolyspora pogona
0.00	7	94	44	 Saccharopolyspora erythraea
0.00	5	23	13	 Saccharopolyspora spinosa
0.00	4	88	30	 Saccharopolyspora coralli
0.00	5	44	26	 Saccharothrix espanaensis
0.00	4	39	26	 Saccharothrix syringae
0.00	2	21	12	 Saccharomonospora glauca
0.00	2	43	18	 Saccharomonospora marina
0.00	1	15	9	 Saccharomonospora viridis
0.00	1	19	11	 Saccharomonospora cyanea
0.00	1	7	6	 Saccharomonospora xinjiangensis
0.00	5	68	32	 Kutzneria sp. CA-103260
0.00	1	26	18	 Kutzneria albida
0.00	3	23	13	 Actinoalloteichus hoggarensis
0.00	3	61	31	 Lentzea guizhouensis
0.00	3	34	18	 Allokutzneria albata
0.00	1	22	16	 Prauserella marina
0.00	7	34	17	 Micromonospora sp. HM134
0.00	3	13	9	 Micromonospora sp. WMMC415
0.00	1	10	8	 Micromonospora sp. B006
0.00	11	28	7	 Micromonospora coxensis
0.00	6	17	10	 Micromonospora chokoriensis
0.00	4	34	17	 Micromonospora echinaurantiaca
0.00	4	24	12	 Micromonospora echinofusca
0.00	3	18	12	 Micromonospora viridifaciens
0.00	3	139	12	 Micromonospora purpureochromogenes
0.00	2	13	10	 Micromonospora craniellae
0.00	2	22	18	 Micromonospora krabiensis
0.00	2	13	9	 Micromonospora tulbaghiae
0.00	1	14	8	 Micromonospora echinospora
0.00	1	17	11	 Micromonospora endophytica (Xie et al. 2001) Li et al. 2019
0.00	1	38	9	 Micromonospora siamensis
0.00	11	37	21	 Actinoplanes sp. N902-109
0.00	5	30	19	 Actinoplanes sp. OR16
0.00	4	56	36	 Actinoplanes sp. L3-i22
0.00	6	54	29	 Actinoplanes derwentensis
0.00	6	89	31	 Actinoplanes friuliensis
0.00	3	39	22	 Actinoplanes teichomyceticus
0.00	3	50	17	 Actinoplanes ianthinogenes
0.00	1	19	17	 Actinoplanes missouriensis
0.00	8	46	27	 Phytohabitans flavus
0.00	5	120	21	 Phytohabitans suffuscus
0.00	8	38	13	 Verrucosispora sp. NA02020
0.00	4	63	28	 Catellatospora sp. IY07-71
0.00	1	52	40	 Dactylosporangium vinaceum
0.00	1	20	11	 Actinocatenispora sera
0.00	5	50	25	 Actinomadura sp. WMMB 499
0.00	5	55	26	 Actinomadura sp. NAK00032
0.00	1	46	25	 Actinomadura sp. WMMA1423
0.00	10	48	29	 Actinomadura verrucosospora
0.00	7	232	61	 Nocardiopsis dassonvillei
0.00	4	56	26	 Nocardiopsis sp. MT53
0.00	2	216	18	 Nocardiopsis gilva
0.00	3	20	8	 Thermobifida fusca
0.00	1	27	23	 Streptomonospora sp. M2
0.00	7	87	27	 Nonomuraea sp. ATCC 55076
0.00	3	50	29	 Nonomuraea gerenzanensis
0.00	3	74	33	 Nonomuraea nitratireducens
0.00	3	57	28	 Streptosporangium roseum
0.00	2	27	23	 Streptosporangium sp. 'caverna'
0.00	14	120	55	 Blastococcus saxobsidens
0.00	13	130	39	 Modestobacter marinus
0.00	12	95	47	 Geodermatophilus obscurus
0.00	5	35	17	 Candidatus Frankia datiscae
0.00	3	35	24	 Frankia inefficax
0.00	2	26	13	 Frankia alni
0.00	1	16	12	 Frankia casuarinae
0.00	5	29	12	 Bifidobacterium asteroides
0.00	1	9	7	 Bifidobacterium eulemuris
0.00	1	17	12	 Bifidobacterium longum
0.00	1	12	6	 Bifidobacterium scardovii
0.00	3	45	24	 Gardnerella vaginalis
0.00	1	9	5	 Scardovia inopinata
0.00	9	73	27	 Epidermidibacterium keratini
0.00	7	52	33	 Kineococcus radiotolerans
0.00	7	84	23	 Jiangella sp. DSM 45060
0.00	7	116	50	 Nakamurella multipartita
0.00	3	67	29	 Catenulispora acidiphila
0.00	3	30	11	 Acidothermus cellulolyticus
0.00	2	12	9	 Jatrophihabitans sp. GAS493
0.00	13	44	21	 Rubrobacter xylanophilus
0.00	11	97	27	 Rubrobacter sp. SCSIO 52909
0.00	2	14	12	 Rubrobacter sp. SCSIO 52915
0.00	2	18	15	 Rubrobacter radiotolerans
0.00	4	37	14	 Baekduia soli
0.00	3	11	7	 Slackia heliotrinireducens
0.00	2	7	3	 Berryella intestinalis
0.00	8	175	58	 Lancefieldella parvula
0.00	1	207	6	 Olsenella uli
0.00	5	1083	31	 Iamia sp. SCSIO 61187
0.00	2	21	13	 Actinomarinicola tropica
0.00	1	25	21	 Aquihabitans sp. G128
0.00	1	7	6	 Acidimicrobium ferrooxidans
0.00	1	15	10	 Ilumatobacter coccineus
0.00	7	343	15	 Egicoccus halophilus
0.00	3	27	15	 Egibacter rhizosphaerae
0.00	4	28	12	 Miltoncostaea marina
0.00	2	61	30	 Conexibacter woesei
0.00	1	36	17	 Conexibacter sp. SYSU D00693
0.06	4828	193578	76913	 Staphylococcus epidermidis
0.01	624	22070	10984	 Staphylococcus hominis
0.00	182	6718	3620	 Staphylococcus capitis
0.00	141	1444	710	 Staphylococcus aureus
0.00	95	1936	1124	 Staphylococcus warneri
0.00	52	1763	810	 Staphylococcus cohnii
0.00	50	1848	839	 Staphylococcus haemolyticus
0.00	9	266	136	 Staphylococcus saccharolyticus
0.00	9	151	60	 Staphylococcus lugdunensis
0.00	7	228	92	 Staphylococcus pettenkoferi
0.00	6	42	18	 Staphylococcus simiae
0.00	2	20	17	 Staphylococcus sp. M0911
0.00	1	49	32	 Staphylococcus sp. AntiMn-1
0.00	1	52	8	 Staphylococcus sp. 17KM0847
0.00	1	1	1	 Staphylococcus sp. SB1-57
0.00	5	208	104	 Staphylococcus arlettae
0.00	5	40	22	 Staphylococcus xylosus
0.00	4	181	72	 Staphylococcus kloosii
0.00	3	132	49	 Staphylococcus caprae
0.00	3	150	58	 Staphylococcus simulans
0.00	3	13	7	 Staphylococcus debuckii
0.00	3	18	5	 Staphylococcus pseudintermedius
0.00	2	18	14	 Staphylococcus pasteuri
0.00	2	30	12	 Staphylococcus saprophyticus
0.00	1	17	8	 Staphylococcus pseudoxylosus
0.00	1	4	2	 Staphylococcus condimenti
0.00	1	73	54	 Staphylococcus auricularis
0.00	1	8	2	 Staphylococcus lutrae
0.00	1	185	9	 Staphylococcus schleiferi
0.00	1	2	2	 Staphylococcus schweitzeri
0.00	1	4	4	 Staphylococcus muscae
0.00	1	59	59	 Staphylococcus argenteus
0.00	1	38	30	 Mammaliicoccus lentus
0.00	79	1512	802	 Gemella haemolysans
0.00	62	1740	892	 Gemella sanguinis
0.00	10	43	24	 Gemella morbillorum
0.00	2	127	32	 Exiguobacterium alkaliphilum
0.00	10	77	40	 Bacillus cereus
0.00	3	3	1	 Bacillus anthracis
0.00	2	101	22	 Bacillus thuringiensis
0.00	4	23	9	 Bacillus sp. Y1
0.00	2	9	4	 Bacillus sp. FJAT-45348
0.00	1	4	3	 Bacillus paralicheniformis
0.00	11	320	113	 Caldibacillus thermoamylovorans
0.00	5	63	27	 Alkalihalobacillus pseudofirmus
0.00	2	39	2	 Alkalihalobacillus lehensis
0.00	1	6	5	 Alkalihalobacillus clausii
0.00	5	68	37	 Priestia megaterium
0.00	4	68	20	 Cytobacillus kochii
0.00	1	21	18	 Geobacillus subterraneus
0.00	3	14	3	 Psychrobacillus sp. INOP01
0.00	3	169	79	 Weizmannia coagulans
0.00	2	10	5	 Lentibacillus sp. CBA3610
0.00	2	21	6	 Aeribacillus pallidus
0.00	2	2	1	 Heyndrickxia vini
0.00	1	3	2	 Halobacillus litoralis
0.00	1	43	9	 Peribacillus simplex
0.00	1	5	3	 Sediminibacillus sp. DP4-553-S
0.00	1	10	4	 Terribacillus goriensis
0.00	1	6	4	 Caldalkalibacillus thermarum
0.00	31	94	1	 Sporosarcina sp. Marseille-Q4063
0.00	2	128	43	 Sporosarcina ureae
0.00	1	5	3	 Ureibacillus thermophilus
0.00	1	39	18	 Solibacillus silvestris
0.00	1	2	2	 Rummeliibacillus stabekisii
0.00	2	8	3	 Paenibacillus sp. JZ16
0.00	2	43	16	 Paenibacillus sp. B01
0.00	1	9	4	 Paenibacillus sp. DCT19
0.00	1	1	1	 Paenibacillus sp. S02
0.00	1	7	4	 Paenibacillus sp. HB172198
0.00	4	32	12	 Paenibacillus rhizovicinus
0.00	1	4	3	 Paenibacillus alvei
0.00	1	14	11	 Paenibacillus donghaensis
0.00	1	6	4	 Paenibacillus lautus
0.00	1	12	9	 Paenibacillus chitinolyticus
0.00	1	7	4	 Paenibacillus psychroresistens
0.00	1	4	4	 Saccharibacillus brassicae
0.00	1	62	49	 Brochothrix thermosphacta
0.01	1093	15030	6371	 Streptococcus salivarius
0.00	36	557	229	 Streptococcus sp. oral taxon 431
0.00	28	405	192	 Streptococcus sp. FDAARGOS_192
0.00	26	293	164	 Streptococcus sp. LPB0220
0.00	26	291	158	 Streptococcus sp. HSISM1
0.00	21	345	177	 Streptococcus sp. oral taxon 061
0.00	9	129	72	 Streptococcus sp. A12
0.00	6	43	28	 Streptococcus sp. HSISS1
0.00	5	88	48	 Streptococcus sp. NPS 308
0.00	3	35	19	 Streptococcus sp. HSISS3
0.00	3	58	31	 Streptococcus sp. 116-D4
0.00	1	30	20	 Streptococcus sp. 1643
0.00	160	2217	1239	 Streptococcus mitis
0.00	114	4161	2217	 Streptococcus sanguinis
0.00	68	838	385	 Streptococcus oralis
0.00	58	1057	492	 Streptococcus pneumoniae
0.00	34	547	301	 Streptococcus parasanguinis
0.00	27	541	327	 Streptococcus cristatus
0.00	26	332	176	 Streptococcus thermophilus
0.00	16	189	124	 Streptococcus vestibularis
0.00	14	235	116	 Streptococcus ilei
0.00	13	452	148	 Streptococcus gordonii
0.00	13	251	129	 Streptococcus lactarius
0.00	11	210	125	 Streptococcus australis
0.00	11	101	58	 Streptococcus gwangjuense
0.00	11	185	91	 Streptococcus pseudopneumoniae
0.00	9	127	76	 Streptococcus rubneri
0.00	7	22	15	 Streptococcus suis
0.00	6	10	5	 Streptococcus gallolyticus
0.00	5	41	16	 Streptococcus pyogenes
0.00	5	135	74	 Streptococcus koreensis
0.00	4	120	51	 Streptococcus mutans
0.00	3	16	7	 Streptococcus agalactiae
0.00	3	24	12	 Streptococcus pluranimalium
0.00	2	24	15	 Streptococcus constellatus
0.00	1	14	9	 Streptococcus anginosus
0.00	2	5	4	 Streptococcus himalayensis
0.00	2	14	8	 Streptococcus merionis
0.00	2	7	4	 Streptococcus halotolerans
0.00	1	3	2	 Streptococcus canis
0.00	1	4	4	 Streptococcus parasuis
0.00	1	4	3	 Streptococcus troglodytae
0.00	1	2	2	 Streptococcus porcinus
0.00	1	46	26	 Streptococcus equi
0.00	1	2	2	 Streptococcus urinalis
0.00	1	5	5	 Streptococcus ferus
0.00	1	5	5	 Streptococcus ratti
0.00	16	287	99	 Lactococcus cremoris
0.00	14	330	150	 Lactococcus lactis
0.00	10	139	69	 Lacticaseibacillus paracasei
0.00	10	105	7	 Lacticaseibacillus rhamnosus
0.00	2	2	1	 Lacticaseibacillus casei
0.00	16	194	58	 Latilactobacillus curvatus
0.00	1	11	6	 Latilactobacillus sakei
0.00	14	653	389	 Ligilactobacillus salivarius
0.00	1	37	12	 Ligilactobacillus ruminis
0.00	12	563	256	 Lactobacillus crispatus
0.00	1	2	1	 Lactobacillus terrae
0.00	4	163	93	 Weissella confusa
0.00	3	6	1	 Weissella ceti
0.00	3	41	8	 Loigolactobacillus backii
0.00	1	62	10	 Leuconostoc gelidum
0.00	1	5	3	 Leuconostoc citreum
0.00	1	47	9	 Limosilactobacillus vaginalis
0.00	1	74	52	 Lactiplantibacillus plantarum
0.00	23	1245	478	 Enterococcus faecalis
0.00	3	24	10	 Enterococcus faecium
0.00	2	11	7	 Enterococcus avium
0.00	2	49	29	 Enterococcus casseliflavus
0.00	2	6	3	 Enterococcus saigonensis
0.00	9	30	9	 Aerococcus urinaeequi
0.00	1	34	17	 Aerococcus viridans
0.00	1	4	3	 Aerococcus urinaehominis
0.00	10	129	89	 Abiotrophia defectiva
0.00	1	46	44	 Carnobacterium inhibens
0.00	68	1601	859	 Veillonella atypica
0.00	22	438	217	 Veillonella parvula
0.00	18	272	178	 Veillonella nakazawae
0.00	7	156	129	 Veillonella dispar
0.00	7	91	40	 Veillonella sp. S12025-13
0.00	1	10	6	 Veillonella rodentium
0.00	1	61	32	 Selenomonas sputigena
0.00	1	28	15	 Selenomonas sp. oral taxon 478
0.00	1	15	5	 Pelosinus fermentans
0.00	1	3	2	 Acidaminococcus fermentans
0.00	20	325	125	 Clostridium botulinum
0.00	4	22	7	 Clostridium chauvoei
0.00	2	5	4	 Clostridium sp. C5S11
0.00	2	12	7	 Clostridium saccharoperbutylacetonicum
0.00	1	75	54	 Clostridium perfringens
0.00	1	8	4	 Clostridium saccharobutylicum
0.00	1	13	7	 Clostridium beijerinckii
0.00	1	4	4	 Clostridium kluyveri
0.00	3	81	27	 Hathewaya histolytica
0.00	2	11	7	 Crassaminicella profunda
0.00	1	3	2	 Crassaminicella sp. 143-21
0.00	2	6	3	 Alkaliphilus metalliredigens
0.00	1	11	6	 Serpentinicella alkaliphila
0.00	23	748	355	 Mogibacterium diversum
0.00	4	11	5	 Thermaerobacter sp. PB12/4term
0.00	1	36	5	 Thermaerobacter sp. FW80
0.00	1	5	3	 Massilistercora timonensis
0.00	4	77	44	 Faecalibacterium prausnitzii
0.00	2	10	4	 Pseudoclostridium thermosuccinogenes
0.00	2	9	5	 Ruminiclostridium herbifermentans
0.00	1	18	12	 Flavonifractor plautii
0.00	2	9	5	 Anaerocolumna sedimenticola
0.00	1	4	2	 [Clostridium] hylemonae
0.00	1	57	46	 Lachnoclostridium phocaeense
0.00	1	46	3	 Enterocloster clostridioformis
0.00	1	5	4	 [Ruminococcus] gnavus
0.00	1	14	8	 Lachnoanaerobaculum umeaense
0.00	5	121	46	 Romboutsia ilealis
0.00	2	142	9	 Romboutsia sp. CE17
0.00	1	3	2	 Peptacetobacter hiranonis
0.00	5	30	7	 Heliomicrobium modesticaldum
0.00	1	6	4	 Desulfitobacterium hafniense
0.00	1	6	4	 Desulfosporosinus orientis
0.00	2	93	5	 Alkalicella caledoniensis
0.00	1	9	5	 Petrocella atlantisensis
0.00	2	6	4	 Halobacteroides halobius
0.00	1	15	7	 Halocella sp. SP3-1
0.00	1	4	3	 Gelria sp. Kuro-4
0.00	37	1098	650	 Finegoldia magna
0.00	14	105	38	 Anaerococcus prevotii
0.00	10	60	26	 Anaerococcus mediterraneensis
0.00	1	11	7	 Anaerococcus vaginalis
0.00	18	191	74	 Peptoniphilus harei
0.00	4	147	44	 Parvimonas micra
0.00	1	12	6	 Keratinibaculum paraultunense
0.00	1	9	2	 Schnuerera ultunensis
0.00	1	5	4	 Ezakiella massiliensis
0.00	2	108	64	 Turicibacter sp. H121
0.00	11	54	22	 Calothrix sp. PCC 7716
0.00	3	7	3	 Calothrix sp. 336/3
0.00	1	4	3	 Calothrix sp. PCC 7507
0.00	1	12	3	 Calothrix brevissima
0.00	2	18	12	 Nostoc linckia
0.00	1	5	3	 Nostoc sp. ATCC 53789
0.00	1	4	3	 Nostoc sp. C052
0.00	1	3	2	 Nostoc piscinale
0.00	1	3	2	 Nostoc sphaeroides
0.00	4	44	16	 Scytonema sp. NIES-4073
0.00	1	20	11	 Scytonema sp. HK-05
0.00	1	7	5	 Sphaerospermopsis kisseleviana
0.00	4	13	5	 Synechococcus sp. CB0101
0.00	2	53	8	 Synechococcus sp. CBW1107
0.00	1	18	9	 Synechococcus sp. CBW1004
0.00	1	7	5	 Synechococcus sp. RSCCF101
0.00	7	23	5	 Chamaesiphon minutus
0.00	4	5	2	 Synechocystis sp. PCC 6714
0.00	1	6	6	 Synechocystis sp. CACIAM 05
0.00	1	95	6	 Prochlorococcus marinus
0.00	1	7	5	 Cyanobium sp. NIES-981
0.00	20	422	157	 Chroococcidiopsis thermalis
0.00	2	9	5	 Oxynema aestuarii
0.00	1	44	4	 Oscillatoria nigro-viridis
0.00	1	11	5	 Moorea producens
0.00	6	43	6	 Microcystis aeruginosa
0.00	5	138	19	 Leptolyngbya sp. 15MV
0.00	1	7	4	 Leptolyngbya sp. PCC 7376
0.00	1	13	8	 Leptolyngbya sp. O-77
0.00	1	18	13	 Leptolyngbya sp. NIES-3755
0.00	1	6	3	 Leptolyngbya sp. PKUAC-SCTE412
0.00	2	15	8	 Leptolyngbya boryana
0.00	1	4	3	 Pleurocapsa sp. PCC 7327
0.00	1	17	5	 Gloeobacter violaceus
0.00	15	103	42	 Deinococcus metallilatus
0.00	12	168	77	 Deinococcus gobiensis
0.00	9	39	15	 Deinococcus actinosclerus
0.00	7	81	51	 Deinococcus sp. NW-56
0.00	7	189	48	 Deinococcus geothermalis
0.00	6	373	106	 Deinococcus ficus
0.00	6	137	93	 Deinococcus wulumuqiensis
0.00	4	23	9	 Deinococcus irradiatisoli
0.00	3	12	4	 Deinococcus peraridilitoris
0.00	3	8	3	 Deinococcus proteolyticus
0.00	2	18	10	 Deinococcus maricopensis
0.00	2	35	6	 Deinococcus soli (ex Cha et al. 2016)
0.00	2	18	9	 Deinococcus radiodurans
0.00	1	16	8	 Deinococcus deserti
0.00	1	8	7	 Deinococcus puniceus
0.00	9	142	48	 Thermus scotoductus
0.00	1	51	20	 Thermus caldilimi
0.00	1	8	8	 Meiothermus ruber
0.00	1	8	5	 Meiothermus silvanus
0.00	1	9	5	 Marinithermus hydrothermalis
0.00	9	71	37	 Truepera radiovictrix
0.00	7	63	1	 Mycoplasma penetrans
0.00	3	6	1	 Mycoplasma hyorhinis
0.00	2	6	2	 Mycoplasma conjunctivae
0.00	1	3	2	 Mycoplasmopsis anatis
0.00	1	3	2	 Mycoplasmopsis phocirhinis
0.00	1	4	3	 Mycoplasmopsis bovis
0.00	1	4	3	 Mycoplasmopsis gallinacea
0.00	2	4	1	 Spiroplasma sp. TIUS-1
0.00	1	2	1	 Spiroplasma poulsonii
0.00	4	27	15	 Chloroflexus aurantiacus
0.00	1	10	9	 Roseiflexus castenholzii
0.00	1	14	10	 Roseiflexus sp. RS-1
0.00	4	8	1	 Dehalogenimonas formicexedens
0.00	1	191	13	 Sphaerobacter thermophilus
0.00	1	24	8	 Tepidiforma bonchosmolovskayae
0.05	4134	41632	17673	 Delftia acidovorans
0.00	288	2221	877	 Delftia lacustris
0.00	228	2115	838	 Delftia sp. HK171
0.00	11	57	27	 Delftia sp. WY8
0.00	2	46	23	 Delftia sp. KV29
0.00	157	1568	646	 Delftia tsuruhatensis
0.00	162	2641	1044	 Acidovorax sp. KKS102
0.00	92	669	278	 Acidovorax sp. 1608163
0.00	59	1035	421	 Acidovorax sp. T1
0.00	35	239	107	 Acidovorax sp. RAC01
0.00	35	303	147	 Acidovorax sp. JMULE5
0.00	21	255	143	 Acidovorax sp. JS42
0.00	7	92	37	 Acidovorax sp. HDW3
0.00	354	2171	226	 Acidovorax carolinensis
0.00	41	231	94	 Acidovorax avenae
0.00	18	154	78	 Acidovorax monticola
0.00	15	132	51	 Acidovorax ebreus
0.00	13	122	59	 Acidovorax antarcticus
0.00	7	165	66	 Acidovorax citrulli
0.00	2	35	19	 Acidovorax cattleyae
0.00	130	2927	1218	 Comamonas thiooxydans
0.00	82	2377	1125	 Comamonas testosteroni
0.00	67	1887	750	 Comamonas aquatica
0.00	12	145	37	 Comamonas sp. CJ34
0.00	7	61	22	 Comamonas sp. Y33R10-2
0.00	4	40	14	 Comamonas sp. NLF-1-9
0.00	2	72	70	 Comamonas sp. NLF-7-7
0.00	10	70	32	 Comamonas kerstersii
0.00	4	43	23	 Comamonas koreensis
0.00	4	77	31	 Comamonas odontotermitis
0.00	4	43	27	 Comamonas serinivorans
0.00	3	48	17	 Comamonas piscis
0.00	42	141	57	 Variovorax sp. PAMC26660
0.00	23	100	48	 Variovorax sp. RKNM96
0.00	17	54	24	 Variovorax sp. RA8
0.00	16	121	46	 Variovorax sp. HW608
0.00	11	59	25	 Variovorax sp. WDL1
0.00	11	115	29	 Variovorax sp. PAMC 28711
0.00	7	44	29	 Variovorax sp. PBS-H4
0.00	5	75	25	 Variovorax sp. PAMC28562
0.00	4	54	29	 Variovorax sp. PBL-H6
0.00	2	16	10	 Variovorax sp. PBL-E5
0.00	2	31	12	 Variovorax sp. 38R
0.00	1	20	11	 Variovorax sp. SRS16
0.00	1	3	2	 Variovorax sp. PMC12
0.00	34	827	150	 Variovorax paradoxus
0.00	8	98	37	 Variovorax boronicumulans
0.00	21	188	52	 Diaphorobacter sp. MNS-0
0.00	16	99	41	 Diaphorobacter sp. JS3051
0.00	5	62	32	 Diaphorobacter sp. HDW4A
0.00	5	31	13	 Diaphorobacter sp. JS3050
0.00	2	45	25	 Diaphorobacter sp. HDW4B
0.00	19	235	66	 Diaphorobacter polyhydroxybutyrativorans
0.00	8	99	51	 Diaphorobacter aerolatus
0.00	8	93	48	 Diaphorobacter ruginosibacter
0.00	12	67	24	 Hydrogenophaga sp. PBC
0.00	10	40	17	 Hydrogenophaga sp. PBL-H3
0.00	9	114	30	 Hydrogenophaga sp. RAC07
0.00	7	75	28	 Hydrogenophaga sp. BPS33
0.00	5	17	8	 Hydrogenophaga sp. NH-16
0.00	5	46	24	 Hydrogenophaga sp. BA0156
0.00	4	54	24	 Hydrogenophaga sp. PAMC20947
0.00	3	58	21	 Hydrogenophaga sp. YM1
0.00	9	32	14	 Hydrogenophaga crassostreae
0.00	7	48	20	 Hydrogenophaga pseudoflava
0.00	71	863	385	 Alicycliphilus denitrificans
0.00	12	131	43	 Rhodoferax koreense
0.00	6	47	22	 Rhodoferax sp. BAB1
0.00	3	27	9	 Rhodoferax sp. MIZ03
0.00	5	43	22	 Rhodoferax saidenbachensis
0.00	5	89	45	 Rhodoferax sediminis
0.00	15	82	32	 Ottowia oryzae
0.00	14	133	51	 Ottowia sp. 27C
0.00	1	9	5	 Ottowia sp. oral taxon 894
0.00	4	49	25	 Polaromonas sp. JS666
0.00	5	35	20	 Polaromonas naphthalenivorans
0.00	17	153	72	 Ramlibacter tataouinensis
0.00	16	96	42	 Kinneretia sp. DAIF2
0.00	12	104	40	 Schlegelella thermodepolymerans
0.00	9	86	35	 Pulveribacter suum
0.00	7	50	20	 Verminephrobacter eiseniae
0.00	7	37	19	 Hylemonella gracilis
0.00	3	21	13	 Serpentinomonas mccroryi
0.00	3	19	11	 Curvibacter sp. AEP1-3
0.00	3	47	22	 Melaminivora sp. SC2-9
0.00	2	45	22	 Simplicispira suum
0.00	1	27	13	 Limnohabitans sp. 63ED37-2
0.00	38	783	218	 Burkholderia contaminans
0.00	19	286	111	 Burkholderia cenocepacia
0.00	16	253	150	 Burkholderia cepacia
0.00	12	63	31	 Burkholderia multivorans
0.00	4	94	36	 Burkholderia lata
0.00	3	22	18	 Burkholderia stabilis
0.00	3	33	16	 Burkholderia seminalis
0.00	2	33	15	 Burkholderia pyrrocinia
0.00	2	24	14	 Burkholderia territorii
0.00	2	15	9	 Burkholderia stagnalis
0.00	2	23	14	 Burkholderia ubonensis
0.00	1	17	3	 Burkholderia metallica
0.00	1	17	9	 Burkholderia ambifaria
0.00	2	12	10	 Burkholderia sp. LA-2-3-30-S1-D2
0.00	2	9	7	 Burkholderia sp. PAMC 26561
0.00	1	9	6	 Burkholderia sp. THE68
0.00	1	15	10	 Burkholderia sp. DHOD12
0.00	1	5	5	 Burkholderia sp. JP2-270
0.00	1	6	5	 Burkholderia sp. NRF60-BP8
0.00	1	34	9	 Burkholderia sp. KK1
0.00	1	28	28	 Burkholderia sp. PAMC 28687
0.00	8	19	10	 Burkholderia glumae
0.00	5	65	35	 Burkholderia gladioli
0.00	1	15	9	 Burkholderia plantarii
0.00	20	419	113	 Cupriavidus metallidurans
0.00	18	243	72	 Cupriavidus basilensis
0.00	16	492	81	 Cupriavidus pauculus
0.00	6	107	53	 Cupriavidus taiwanensis
0.00	5	32	15	 Cupriavidus campinensis
0.00	5	50	22	 Cupriavidus sp. EM10
0.00	3	49	19	 Cupriavidus pinatubonensis
0.00	2	16	5	 Cupriavidus neocaledonicus
0.00	1	45	30	 Cupriavidus oxalaticus
0.00	1	11	5	 Cupriavidus malaysiensis
0.00	1	9	6	 Cupriavidus nantongensis
0.00	53	11425	13	 Pandoraea thiooxydans
0.00	3	79	28	 Pandoraea apista
0.00	3	176	95	 Pandoraea pnomenusa
0.00	1	13	9	 Pandoraea pulmonicola
0.00	1	15	7	 Pandoraea faecigallinarum
0.00	31	1049	312	 Ralstonia insidiosa
0.00	6	213	145	 Ralstonia mannitolilytica
0.00	2	14	10	 Ralstonia pickettii
0.00	1	70	45	 Ralstonia solanacearum
0.00	15	351	167	 Paraburkholderia fungorum
0.00	5	39	17	 Paraburkholderia sp. 7MH5
0.00	1	12	9	 Paraburkholderia sp. SOS3
0.00	3	14	11	 Paraburkholderia phymatum
0.00	2	21	15	 Paraburkholderia caribensis
0.00	2	15	13	 Paraburkholderia atlantica
0.00	2	35	14	 Paraburkholderia hospita
0.00	1	23	19	 Paraburkholderia tropica
0.00	1	83	16	 Paraburkholderia phytofirmans
0.00	1	17	11	 Paraburkholderia xenovorans
0.00	1	9	8	 Paraburkholderia ginsengisoli
0.00	1	11	8	 Paraburkholderia dokdonella
0.00	5	254	92	 Lautropia mirabilis
0.00	1	9	3	 Polynucleobacter sp. MWH-S4W17
0.00	3	25	10	 Chitinimonas arctica
0.00	2	188	13	 Caballeronia insecticola
0.00	2	1303	7	 Limnobacter sp. SAORIC-580
0.00	1	19	12	 Mycetohabitans rhizoxinica
0.00	74	1640	756	 Massilia sp. NP310
0.00	29	122	44	 Massilia sp. LPB0304
0.00	14	127	49	 Massilia sp. WG5
0.00	9	68	19	 Massilia sp. YMA4
0.00	3	37	23	 Massilia sp. NR 4-1
0.00	2	27	11	 Massilia sp. PAMC28688
0.00	17	230	53	 Massilia oculi
0.00	9	72	37	 Massilia putida
0.00	7	32	19	 Massilia flava
0.00	5	50	29	 Massilia albidiflava
0.00	4	35	21	 Massilia lutea
0.00	3	54	25	 Massilia plicata
0.00	3	25	18	 Massilia umbonata
0.00	3	53	24	 Massilia violaceinigra
0.00	1	31	14	 Massilia armeniaca
0.00	135	3805	1444	 Herbaspirillum huttiense
0.00	8	83	31	 Herbaspirillum robiniae
0.00	7	105	44	 Herbaspirillum seropedicae
0.00	3	48	25	 Herbaspirillum rubrisubalbicans
0.00	2	69	26	 Herbaspirillum frisingense
0.00	8	73	27	 Janthinobacterium sp. 1_2014MBL_MicDiv
0.00	6	50	21	 Janthinobacterium sp. LM6
0.00	4	36	11	 Janthinobacterium sp. 17J80-10
0.00	4	40	17	 Janthinobacterium sp. PAMC25594
0.00	2	20	10	 Janthinobacterium sp. HH102
0.00	1	7	4	 Janthinobacterium sp. PLB02
0.00	3	44	18	 Janthinobacterium tructae
0.00	2	25	9	 Janthinobacterium lividum
0.00	1	37	18	 Janthinobacterium agaricidamnosum
0.00	1	28	14	 Janthinobacterium svalbardensis
0.00	15	144	54	 Duganella sp. GN2-R2
0.00	2	18	10	 Duganella sp. AF9R3
0.00	5	30	18	 Collimonas fungivorans
0.00	5	53	13	 Collimonas pratensis
0.00	1	54	26	 Collimonas arenae
0.00	4	31	16	 Noviherbaspirillum sp. UKPF54
0.00	31	365	150	 Achromobacter xylosoxidans
0.00	11	106	42	 Achromobacter deleyi
0.00	4	57	24	 Achromobacter denitrificans
0.00	4	37	17	 Achromobacter pestifer
0.00	3	72	31	 Achromobacter spanius
0.00	3	23	10	 Achromobacter insolitus
0.00	1	27	17	 Achromobacter sp. MFA1 R4
0.00	1	4	4	 Achromobacter sp. ES-001
0.00	26	522	202	 Alcaligenes faecalis
0.00	9	106	53	 Bordetella trematum
0.00	5	35	12	 Bordetella flabilis
0.00	2	22	10	 Bordetella avium
0.00	2	23	15	 Bordetella petrii
0.00	2	81	34	 Bordetella hinzii
0.00	2	139	8	 Bordetella bronchialis
0.00	2	31	14	 Bordetella genomosp. 8
0.00	1	14	8	 Bordetella bronchiseptica
0.00	1	15	10	 Bordetella genomosp. 13
0.00	3	22	10	 Pigmentiphaga aceris
0.00	2	21	14	 Pigmentiphaga sp. H8
0.00	5	35	19	 Castellaniella defragrans
0.00	2	17	7	 Kerstersia gyiorum
0.00	1	10	6	 Advenella kashmirensis
0.00	30	270	119	 Aquabacterium olei
0.00	13	102	48	 Rhizobacter sp. AJA081-3
0.00	4	57	29	 Rhizobacter gummiphilus
0.00	15	133	47	 Mitsuaria sp. 7
0.00	5	31	13	 Methylibium sp. Pch-M
0.00	3	16	11	 Methylibium petroleiphilum
0.00	11	71	27	 Roseateles depolymerans
0.00	7	74	37	 Rubrivivax gelatinosus
0.00	1	16	7	 Thiomonas intermedia
0.00	6	69	30	 Sphaerotilus natans
0.00	6	75	25	 Paucibacter sp. KCTC 42545
0.00	4	55	26	 Inhella inkyongensis
0.00	3	76	31	 Leptothrix cholodnii
0.00	3	67	36	 Xylophilus rhododendri
0.00	2	39	19	 Tepidimonas taiwanensis
0.00	12	165	49	 Neisseria mucosa
0.00	3	74	49	 Neisseria sicca
0.00	3	18	17	 Neisseria subflava
0.00	1	8	6	 Neisseria sp. oral taxon 014
0.00	1	13	9	 Neisseria sp. KEM232
0.00	2	12	8	 Neisseria meningitidis
0.00	1	16	9	 Neisseria gonorrhoeae
0.00	1	7	5	 Neisseria chenwenguii
0.00	1	27	22	 Neisseria elongata
0.00	2	20	12	 Vitreoscilla filiformis
0.00	2	79	31	 Kingella denitrificans
0.00	1	4	3	 Simonsiella muelleri
0.00	4	17	9	 Chromobacterium vaccinii
0.00	3	8	6	 Chromobacterium phragmitis
0.00	1	20	5	 Chromobacterium haemolyticum
0.00	7	267	40	 Microvirgula aerodenitrificans
0.00	3	27	11	 Aquaspirillum sp. LM1
0.00	2	32	15	 Laribacter hongkongensis
0.00	2	12	7	 Paludibacterium paludis
0.00	1	7	5	 Aquitalea aquatilis
0.00	1	23	12	 Pseudogulbenkiania sp. NH8B
0.00	5	29	15	 Azoarcus sp. M9-3-2
0.00	3	23	10	 Azoarcus sp. KH32C
0.00	1	21	11	 Azoarcus sp. DD4
0.00	3	28	16	 Azoarcus communis
0.00	3	35	11	 Azoarcus olearius
0.00	1	10	7	 Azoarcus pumilus
0.00	6	70	45	 Thauera sp. MZ1T
0.00	1	26	16	 Thauera sp. K11
0.00	2	26	18	 Thauera humireducens
0.00	3	48	29	 Azospira sp. I09
0.00	3	87	21	 Azospira restricta
0.00	3	24	13	 Aromatoleum aromaticum
0.00	2	25	14	 Oryzomicrobium terrae
0.00	1	13	8	 Dechloromonas sp. HYN0024
0.00	1	11	6	 Fluviibacter phosphoraccumulans
0.00	6	94	32	 Methylophilus sp. TWE2
0.00	2	8	6	 Methylophilus medardicus
0.00	3	15	7	 Methylobacillus flagellatus
0.00	2	11	9	 Methylovorus sp. MP688
0.00	3	38	15	 Sulfuritalea hydrogenivorans
0.00	2	7	4	 Sterolibacterium denitrificans
0.00	2	38	23	 Methyloversatilis sp. RAC08
0.00	5	102	29	 Sulfuritortus calidifontis
0.00	1	20	5	 Nitrosomonas europaea
0.00	1	9	5	 Nitrosomonas eutropha
0.00	2	21	12	 Usitatibacter rugosus
0.00	1	22	14	 Usitatibacter palustris
0.00	2	15	6	 Candidatus Nitrotoga sp. AM1P
0.00	2	27	10	 Sulfurimicrobium lacus
0.00	53	250	111	 Methylobacterium sp. WL1
0.00	50	456	191	 Methylobacterium sp. DM1
0.00	35	179	66	 Methylobacterium sp. 17Sr1-1
0.00	32	297	121	 Methylobacterium sp. AMS5
0.00	27	386	149	 Methylobacterium sp. XJLW
0.00	12	121	41	 Methylobacterium sp. C1
0.00	246	1687	749	 Methylobacterium radiodurans
0.00	96	1304	384	 Methylobacterium aquaticum
0.00	82	1362	549	 Methylobacterium brachiatum
0.00	70	456	162	 Methylobacterium mesophilicum
0.00	47	279	126	 Methylobacterium durans
0.00	43	948	370	 Methylobacterium indicum
0.00	42	344	190	 Methylobacterium currus
0.00	41	302	101	 Methylobacterium terrae
0.00	40	147	67	 Methylobacterium nodulans
0.00	29	213	60	 Methylobacterium radiotolerans
0.00	18	194	93	 Methylobacterium phyllosphaerae
0.01	775	14574	5873	 Methylorubrum populi
0.00	153	2758	1087	 Methylorubrum extorquens
0.00	5	18	6	 Methylorubrum zatmanii
0.00	9	43	16	 Microvirga sp. 17 mud 1-3
0.00	2	15	10	 Microvirga sp. VF16
0.00	2	47	21	 Microvirga ossetica
0.00	1	39	19	 Microvirga thermotolerans
0.01	1081	2955	7	 Devosia sp. D6-9
0.00	5	28	13	 Devosia sp. LEGU1
0.00	4	21	10	 Devosia sp. S02
0.00	3	43	9	 Devosia sp. A16
0.00	2	33	18	 Devosia sp. SCS-3
0.00	1	26	10	 Devosia sp. MC521
0.00	3	173	10	 Paradevosia shaoguanensis
0.01	778	25959	11359	 Mesorhizobium sp. Pch-S
0.00	7	31	18	 Mesorhizobium sp. 8
0.00	5	36	23	 Mesorhizobium sp. NIBR3
0.00	5	29	16	 Mesorhizobium sp. NZP2077
0.00	4	39	16	 Mesorhizobium sp. J8
0.00	4	16	5	 Mesorhizobium sp. M2A.F.Ca.ET.043.05.1.1
0.00	2	27	7	 Mesorhizobium sp. NBSH29
0.00	2	46	7	 Mesorhizobium sp. M7A.F.Ce.TU.012.03.2.1
0.00	2	7	4	 Mesorhizobium sp. L-8-10
0.00	2	26	13	 Mesorhizobium sp. 131-2-1
0.00	2	21	9	 Mesorhizobium sp. M7D.F.Ca.US.005.01.1.1
0.00	2	23	12	 Mesorhizobium sp. M3A.F.Ca.ET.080.04.2.1
0.00	2	4	3	 Mesorhizobium sp. M2A.F.Ca.ET.046.03.2.1
0.00	1	7	6	 Mesorhizobium sp. 113-1-2
0.00	1	13	6	 Mesorhizobium sp. M1A.F.Ca.IN.022.06.1.1
0.00	1	24	12	 Mesorhizobium sp. M1B.F.Ca.ET.045.04.1.1
0.00	1	8	7	 Mesorhizobium sp. M1E.F.Ca.ET.045.02.1.1
0.00	1	7	5	 Mesorhizobium sp. L-2-11
0.00	1	10	5	 Mesorhizobium sp. M9A.F.Ca.ET.002.03.1.2
0.00	19	578	173	 Mesorhizobium terrae
0.00	5	25	11	 Mesorhizobium ciceri
0.00	1	16	9	 Mesorhizobium loti
0.00	1	22	15	 Mesorhizobium amorphae
0.00	1	15	10	 Mesorhizobium australicum
0.00	3	108	51	 Aminobacter sp. SR38
0.00	3	29	12	 Nitratireductor sp. SY7
0.00	1	3	3	 Phyllobacterium sp. 628
0.00	89	2730	1103	 Bradyrhizobium sp. PSBB068
0.00	10	79	29	 Bradyrhizobium sp. SK17
0.00	8	163	49	 Bradyrhizobium sp. BTAi1
0.00	7	37	18	 Bradyrhizobium sp. ORS 278
0.00	7	73	21	 Bradyrhizobium sp. CCBAU 51765
0.00	6	27	10	 Bradyrhizobium sp. 1(2017)
0.00	6	66	25	 Bradyrhizobium sp. CCGE-LA001
0.00	6	17	9	 Bradyrhizobium sp. CCBAU 53338
0.00	5	40	17	 Bradyrhizobium sp. CCBAU 53421
0.00	4	20	12	 Bradyrhizobium sp. CCBAU 53351
0.00	3	7	3	 Bradyrhizobium sp. S2-11-4
0.00	2	14	11	 Bradyrhizobium sp. 6(2017)
0.00	2	17	7	 Bradyrhizobium sp. S2-20-1
0.00	1	10	5	 Bradyrhizobium sp. S2-11-2
0.00	1	15	12	 Bradyrhizobium sp.
0.00	1	15	11	 Bradyrhizobium sp. CCBAU 051011
0.00	1	21	10	 Bradyrhizobium sp. CCBAU 51753
0.00	26	1064	442	 Bradyrhizobium betae
0.00	21	144	76	 Bradyrhizobium diazoefficiens
0.00	8	41	23	 Bradyrhizobium guangdongense
0.00	6	111	34	 Bradyrhizobium erythrophlei
0.00	5	14	10	 Bradyrhizobium oligotrophicum
0.00	5	38	17	 Bradyrhizobium zhanjiangense
0.00	4	49	18	 Bradyrhizobium vignae
0.00	4	32	16	 Bradyrhizobium arachidis
0.00	4	18	10	 Bradyrhizobium paxllaeri
0.00	3	48	28	 Bradyrhizobium japonicum
0.00	3	26	12	 Bradyrhizobium guangxiense
0.00	3	43	22	 Bradyrhizobium genosp. B
0.00	2	29	16	 Bradyrhizobium genosp. L
0.00	2	29	12	 Bradyrhizobium symbiodeficiens
0.00	2	11	5	 Bradyrhizobium amphicarpaeae
0.00	1	13	8	 Bradyrhizobium lablabi
0.00	1	28	12	 Bradyrhizobium canariense
0.00	1	15	11	 Bradyrhizobium cosmicum
0.00	33	219	86	 Rhodopseudomonas sp. SK50-23
0.00	18	4531	132	 Rhodopseudomonas palustris
0.00	9	80	31	 Tardiphaga robiniae
0.00	4	60	29	 Afipia sp. GAS231
0.00	1	38	11	 Afipia carboxidovorans
0.00	4	35	14	 Nitrobacter hamburgensis
0.00	2	12	7	 Variibacter gotjawalensis
0.00	24	349	207	 Rhizobium sp. X9
0.00	8	30	13	 Rhizobium sp. NLR16a
0.00	6	62	17	 Rhizobium sp. WL3
0.00	5	48	14	 Rhizobium sp. ACO-34A
0.00	4	19	11	 Rhizobium sp. NXC24
0.00	2	8	5	 Rhizobium sp. 007
0.00	2	16	11	 Rhizobium sp. WYJ-E13
0.00	1	135	11	 Rhizobium sp. AB2/73
0.00	1	15	8	 Rhizobium sp. BG4
0.00	1	2	1	 Rhizobium sp. ZX09
0.00	26	610	261	 Rhizobium oryzihabitans
0.00	18	212	84	 Rhizobium pusense
0.00	8	447	72	 Rhizobium leguminosarum
0.00	5	29	7	 Rhizobium gallicum
0.00	3	17	7	 Rhizobium rosettiformans
0.00	2	9	6	 Rhizobium daejeonense
0.00	2	6	5	 Rhizobium acidisoli
0.00	2	21	10	 Rhizobium rhizoryzae
0.00	2	15	8	 Rhizobium bangladeshense
0.00	1	14	8	 Rhizobium phaseoli
0.00	1	42	21	 Rhizobium jaguaris
0.00	1	6	5	 Rhizobium lentis
0.00	1	40	7	 Rhizobium pseudoryzae
0.00	1	17	11	 Rhizobium favelukesii
0.00	16	185	99	 Agrobacterium tumefaciens
0.00	2	4	3	 Agrobacterium fabacearum
0.00	2	13	4	 Agrobacterium sp. MA01
0.00	1	6	3	 Agrobacterium sp. 33MFTa1.1
0.00	1	17	9	 Agrobacterium sp. T29
0.00	17	11983	3	 Pseudorhizobium banfieldiae
0.00	1	7	4	 Pseudorhizobium flavum
0.00	10	50	24	 Neorhizobium galegae
0.00	2	21	17	 Neorhizobium sp. NCHU2750
0.00	1	131	11	 Neorhizobium sp. SOG26
0.00	7	82	36	 Sinorhizobium fredii
0.00	1	5	5	 Sinorhizobium americanum
0.00	1	14	11	 Sinorhizobium sp. BG8
0.00	3	79	33	 Ensifer sp. PDNC004
0.00	2	139	72	 Ensifer adhaerens
0.00	3	43	27	 Shinella sp. HZN7
0.00	2	31	20	 Shinella sp. PSBB067
0.00	3	6	1	 Candidatus Liberibacter americanus
0.00	1	91	8	 Ciceribacter thiooxidans
0.00	1	13	9	 Peteryoungia desertarenae
0.00	29	231	111	 Bosea sp. RAC05
0.00	10	64	25	 Bosea sp. Tri-49
0.00	7	98	51	 Bosea sp. ANAM02
0.00	6	97	31	 Bosea sp. F3-2
0.00	4	40	21	 Bosea sp. PAMC 26642
0.00	1	47	23	 Bosea sp. AS-1
0.00	11	123	45	 Bosea vaviloviae
0.00	11	67	27	 Hyphomicrobium denitrificans
0.00	5	28	14	 Hyphomicrobium nitrativorans
0.00	2	26	9	 Hyphomicrobium sp. MC1
0.00	6	39	21	 Rhodoplanes sp. Z2-YC6860
0.00	4	27	22	 Caenibius tardaugens
0.00	1	30	14	 Caenibius sp. WL
0.00	2	29	16	 Rhodomicrobium vannielii
0.00	1	48	24	 Aquabacter sp. L1I39
0.00	10	79	35	 Xanthobacter sp. YN2
0.00	4	48	19	 Ancylobacter pratisalsi
0.00	3	14	10	 Ancylobacter sp. TS-1
0.00	5	67	28	 Starkeya novella
0.00	4	62	30	 Labrys sp. KNU-23
0.00	3	70	16	 Pseudolabrys taiwanensis
0.00	2	21	13	 Azorhizobium caulinodans
0.00	3	6	4	 Martelella lutilitoris
0.00	2	14	11	 Martelella mediterranea
0.00	1	10	6	 Martelella sp. AD-3
0.00	4	90	58	 Aureimonas sp. OT7
0.00	3	33	16	 Aureimonas sp. AU20
0.00	1	39	19	 Aureimonas mangrovi
0.00	4	187	78	 Brucella anthropi
0.00	3	141	75	 Brucella intermedia
0.00	2	20	7	 Brucella sp. BTU1
0.00	4	6	2	 Ochrobactrum sp. MT180101
0.00	6	261	26	 Pannonibacter phragmitetus
0.00	5	69	42	 Stappia indica
0.00	5	58	24	 Phreatobacter stygius
0.00	2	36	19	 Phreatobacter cathodiphilus
0.00	2	27	11	 Phreatobacter sp. NMCR1094
0.00	7	50	34	 Kaistia sp. 32K
0.00	5	41	17	 Chelatococcus sp. CO-6
0.00	4	26	9	 Methylocella silvestris
0.00	1	35	12	 Methylovirgula sp. HY1
0.00	4	27	13	 Blastochloris viridis
0.00	3	16	10	 Lichenihabitans psoromatis
0.00	2	23	13	 Methylosinus trichosporium
0.00	1	28	15	 Nordella sp. HKS 07
0.00	1	18	7	 Pseudorhodoplanes sinuspersici
0.00	1	40	17	 Hartmannibacter diazotrophicus
0.00	1	18	10	 Breoghania sp. L-A4
0.00	1	28	8	 Parvibaculum lavamentivorans
0.00	76	748	274	 Sphingomonas sp. MK52
0.00	31	152	72	 Sphingomonas sp. NBWT7
0.00	25	263	117	 Sphingomonas sp. AAP5
0.00	21	218	82	 Sphingomonas sp. FARSPH
0.00	21	95	34	 Sphingomonas sp. HMP9
0.00	17	92	35	 Sphingomonas sp. PAMC26645
0.00	14	43	26	 Sphingomonas sp. Cra20
0.00	12	91	40	 Sphingomonas sp. AP4-R1
0.00	12	74	34	 Sphingomonas sp. C8-2
0.00	12	49	27	 Sphingomonas sp. LK11
0.00	9	46	17	 Sphingomonas sp. XS-10
0.00	9	23	11	 Sphingomonas sp. YZ-8
0.00	9	54	19	 Sphingomonas sp. HMP6
0.00	8	90	42	 Sphingomonas sp. CL5.1
0.00	8	52	28	 Sphingomonas sp. C33
0.00	8	271	105	 Sphingomonas sp. IC081
0.00	8	48	24	 Sphingomonas sp. AK-PDB1-5
0.00	6	34	19	 Sphingomonas sp. LMO-1
0.00	6	63	25	 Sphingomonas sp. LM7
0.00	4	17	7	 Sphingomonas sp. HDW15A
0.00	4	54	25	 Sphingomonas sp. NIC1
0.00	3	41	23	 Sphingomonas sp. MM-1
0.00	75	2128	920	 Sphingomonas melonis
0.00	37	367	190	 Sphingomonas paucimobilis
0.00	25	279	81	 Sphingomonas aliaeris
0.00	22	54	24	 Sphingomonas panacis
0.00	20	315	145	 Sphingomonas wittichii
0.00	17	106	54	 Sphingomonas taxi
0.00	16	537	55	 Sphingomonas alpina
0.00	13	351	137	 Sphingomonas koreensis
0.00	12	96	49	 Sphingomonas insulae
0.00	11	104	49	 Sphingomonas sanxanigenens
0.00	10	69	32	 Sphingomonas panacisoli
0.00	9	52	24	 Sphingomonas sanguinis
0.00	8	21	8	 Sphingomonas sabuli
0.00	8	63	29	 Sphingomonas hengshuiensis
0.00	7	41	21	 Sphingomonas ginsengisoli An et al. 2013
0.00	3	68	9	 Sphingomonas lutea
0.00	2	22	11	 Sphingomonas rhizophila
0.00	2	11	10	 Sphingomonas sediminicola
0.00	1	36	13	 Sphingomonas daechungensis
0.00	1	46	13	 Sphingomonas lacunae
0.00	33	415	164	 Sphingobium sp. PAMC28499
0.00	22	114	36	 Sphingobium sp. CAP-1
0.00	20	176	57	 Sphingobium sp. YG1
0.00	15	90	33	 Sphingobium sp. KCTC 72723
0.00	14	86	29	 Sphingobium sp. RAC03
0.00	11	38	14	 Sphingobium sp. Cam5-1
0.00	7	52	25	 Sphingobium sp. TKS
0.00	7	146	33	 Sphingobium sp. EP60837
0.00	7	36	16	 Sphingobium sp. SCG-1
0.00	3	21	10	 Sphingobium sp. SYK-6
0.00	1	21	9	 Sphingobium sp. MI1205
0.00	1	6	4	 Sphingobium sp. RSMS
0.00	116	2139	733	 Sphingobium yanoikuyae
0.00	27	196	70	 Sphingobium amiense
0.00	21	342	160	 Sphingobium xenophagum
0.00	15	634	62	 Sphingobium cloacae
0.00	9	45	20	 Sphingobium phenoxybenzoativorans
0.00	6	33	15	 Sphingobium indicum
0.00	6	21	13	 Sphingobium fuliginis
0.00	4	27	13	 Sphingobium baderi
0.00	1	24	12	 Sphingobium chlorophenolicum
0.00	57	1331	454	 Novosphingobium sp. EMRT-2
0.00	33	851	386	 Novosphingobium sp. THN1
0.00	9	93	33	 Novosphingobium sp. KA1
0.00	8	96	40	 Novosphingobium sp. ES2-1
0.00	6	64	23	 Novosphingobium sp. P6W
0.00	5	41	26	 Novosphingobium sp. PP1Y
0.00	2	52	19	 Novosphingobium sp. Gsoil 351
0.00	1	17	13	 Novosphingobium sp. 502str22
0.00	20	102	32	 Novosphingobium resinovorum
0.00	7	265	127	 Novosphingobium pentaromativorans
0.00	2	34	21	 Novosphingobium aromaticivorans
0.00	2	14	10	 Novosphingobium ginsenosidimutans
0.00	13	55	25	 Sphingopyxis sp. QXT-31
0.00	6	59	22	 Sphingopyxis sp. EG6
0.00	5	101	21	 Sphingopyxis sp. OPL5
0.00	4	35	14	 Sphingopyxis sp. PAMC25046
0.00	3	40	19	 Sphingopyxis sp. FD7
0.00	1	40	19	 Sphingopyxis sp. 113P3
0.00	10	113	24	 Sphingopyxis terrae
0.00	10	41	19	 Sphingopyxis fribergensis
0.00	7	146	45	 Sphingopyxis granuli
0.00	6	107	59	 Sphingopyxis alaskensis
0.00	5	72	52	 Sphingopyxis macrogoltabida
0.00	4	45	25	 Sphingopyxis lindanitolerans
0.00	20	97	37	 Rhizorhabdus dicambivorans
0.00	5	40	12	 Blastomonas sp. RAC04
0.00	1	28	13	 Blastomonas fulva
0.00	6	40	11	 Parasphingopyxis algicola
0.00	1	20	8	 Parasphingopyxis sp. CP4
0.00	7	349	201	 Hankyongella ginsenosidimutans
0.00	7	57	17	 Sphingosinithalassobacter sp. zrk23
0.00	4	49	19	 Tardibacter chloracetimidivorans
0.00	4	43	13	 Allosphingosinicella indica
0.00	2	27	6	 Citromicrobium sp. JL477
0.00	2	8	7	 Aquisediminimonas profunda
0.00	1	31	10	 Novosphingopyxis iocasae
0.00	5	40	15	 Erythrobacter sp. A30-3
0.00	4	24	13	 Erythrobacter sp. JK5
0.00	2	51	12	 Erythrobacter sp. 3-20A1M
0.00	1	14	8	 Erythrobacter sp. KY5
0.00	1	12	5	 Erythrobacter sp. SCSIO 43205
0.00	4	43	18	 Erythrobacter neustonensis
0.00	2	72	18	 Erythrobacter litoralis
0.00	1	14	11	 Erythrobacter mangrovi
0.00	13	76	23	 Porphyrobacter sp. YT40
0.00	2	28	20	 Porphyrobacter sp. LM 6
0.00	2	37	17	 Porphyrobacter sp. CACIAM 03H1
0.00	2	20	13	 Porphyrobacter sp. HT-58-2
0.00	8	49	19	 Tsuneonella amylolytica
0.00	6	42	14	 Tsuneonella dongtanensis
0.00	6	36	11	 Tsuneonella flava
0.00	1	5	5	 Tsuneonella mangrovi
0.00	8	52	19	 Qipengyuania flava
0.00	6	38	9	 Qipengyuania sp. 1NDH13
0.00	1	18	9	 Qipengyuania sp. 1NDH1
0.00	2	28	10	 Qipengyuania sediminis
0.00	1	22	13	 Qipengyuania soli
0.00	6	62	27	 Croceicoccus marinus
0.00	4	37	17	 Croceicoccus naphthovorans
0.00	2	38	15	 Croceicoccus sp. YJ47
0.00	6	17	7	 Aurantiacibacter gangjinensis
0.00	5	139	42	 Aurantiacibacter atlanticus
0.00	3	16	7	 Altererythrobacter sp. BO-6
0.00	2	14	9	 Altererythrobacter sp. TH136
0.00	2	40	13	 Altererythrobacter epoxidivorans
0.00	1	21	8	 Altererythrobacter ishigakiensis
0.00	4	22	8	 Croceibacterium atlanticum
0.00	5	64	15	 Sphingosinicella sp. UDD2
0.00	3	51	27	 Sphingosinicella sp. BN140058
0.00	3	95	19	 Zymomonas mobilis
0.00	49	455	145	 Brevundimonas sp. SGAir0440
0.00	34	240	97	 Brevundimonas sp. GW460-12-10-14-LB2
0.00	33	695	86	 Brevundimonas sp. CS1
0.00	26	284	66	 Brevundimonas sp. PAMC22021
0.00	22	191	74	 Brevundimonas sp. 'scallop'
0.00	21	149	50	 Brevundimonas sp. M20
0.00	15	149	72	 Brevundimonas sp. DS20
0.00	15	239	76	 Brevundimonas sp. Bb-A
0.00	12	48	21	 Brevundimonas sp. LM2
0.00	4	27	10	 Brevundimonas sp. MF30-B
0.00	1	18	7	 Brevundimonas sp. AJA228-03
0.00	1	23	10	 Brevundimonas sp. GRTSA-9
0.00	22	258	97	 Brevundimonas diminuta
0.00	22	303	104	 Brevundimonas nasdae
0.00	13	143	54	 Brevundimonas vesicularis
0.00	11	125	40	 Brevundimonas naejangsanensis
0.00	9	74	39	 Brevundimonas mediterranea
0.00	6	33	13	 Brevundimonas pondensis
0.00	4	33	19	 Brevundimonas subvibrioides
0.00	2	16	16	 Brevundimonas vancanneytii
0.00	2	52	22	 Brevundimonas goettingensis
0.00	44	636	286	 Caulobacter sp. FWC26
0.00	4	62	33	 Caulobacter sp. S6
0.00	35	200	93	 Caulobacter segnis
0.00	19	158	79	 Caulobacter vibrioides
0.00	15	317	138	 Caulobacter flavus
0.00	8	85	34	 Caulobacter rhizosphaerae
0.00	7	58	28	 Caulobacter mirabilis
0.00	2	38	18	 Caulobacter soli
0.00	1	42	18	 Caulobacter henricii
0.00	7	94	34	 Phenylobacterium zucineum
0.00	4	19	7	 Phenylobacterium parvum
0.00	2	26	12	 Terricaulis silvestris
0.00	1	18	16	 Asticcacaulis excentricus
0.00	162	2015	658	 Roseomonas sp. FDAARGOS_362
0.00	8	61	24	 Roseomonas sp. 1318
0.00	5	37	20	 Roseomonas sp. 546
0.00	46	493	177	 Roseomonas mucosa
0.00	18	255	138	 Roseomonas gilardii
0.00	5	25	15	 Lichenicola cladoniae
0.00	4	42	21	 Roseococcus sp. NIBR12
0.00	2	5	2	 Acetobacter ascendens
0.00	1	8	5	 Komagataeibacter hansenii
0.00	1	21	15	 Komagataeibacter xylinus
0.00	1	18	8	 Gluconacetobacter diazotrophicus
0.00	1	2	1	 Oecophyllibacter saccharovorans
0.00	1	17	9	 Neoasaia chiangmaiensis
0.00	7	63	34	 Azospirillum brasilense
0.00	5	36	13	 Azospirillum oryzae
0.00	2	36	18	 Azospirillum sp. TSH100
0.00	1	4	3	 Azospirillum sp. TSH58
0.00	1	24	16	 Azospirillum sp. TSA2s
0.00	4	19	9	 Azospirillum humicireducens
0.00	2	14	8	 Azospirillum lipoferum
0.00	2	34	18	 Azospirillum thiophilum
0.00	1	9	7	 Azospirillum thermophilum
0.00	4	25	8	 Skermanella pratensis
0.00	1	17	11	 Skermanella sp. TT6
0.00	3	56	28	 Niveispirillum cyanobacteriorum
0.00	2	15	12	 Nitrospirillum amazonense
0.00	2	106	77	 Indioceanicola profundi
0.00	4	44	22	 Magnetospirillum gryphiswaldense
0.00	3	28	10	 Magnetospirillum sp. XM-1
0.00	1	35	13	 Magnetospirillum magneticum
0.00	3	21	10	 Rhodospirillum rubrum
0.00	3	34	16	 Rhodospirillum centenum
0.00	4	15	8	 Defluviicoccus vanus
0.00	3	30	14	 Ferrovibrio terrae
0.00	2	43	23	 Tistrella mobilis
0.00	2	62	24	 Hypericibacter adhaerens
0.00	2	30	19	 Elioraea sp. MS-P2
0.00	2	29	14	 Stella humosa
0.00	22	275	46	 Paracoccus sp. MC1862
0.00	9	139	34	 Paracoccus sp. AK26
0.00	5	48	32	 Paracoccus sp. Arc7-R13
0.00	1	23	9	 Paracoccus sp. H4-D09
0.00	16	233	114	 Paracoccus yeei
0.00	10	109	41	 Paracoccus contaminans
0.00	6	51	20	 Paracoccus zhejiangensis
0.00	5	127	66	 Paracoccus sanguinis
0.00	4	32	15	 Paracoccus aminophilus
0.00	4	94	46	 Paracoccus marcusii
0.00	3	19	11	 Paracoccus pantotrophus
0.00	3	37	17	 Paracoccus liaowanqingii
0.00	2	17	10	 Paracoccus denitrificans
0.00	1	14	9	 Paracoccus mutanolyticus
0.00	1	16	12	 Paracoccus aminovorans
0.00	7	75	35	 Haematobacter massiliensis
0.00	5	41	17	 Rhodovulum sulfidophilum
0.00	5	11	6	 Brevirhabdus pacifica
0.00	2	31	12	 Rhodobacter blasticus
0.00	1	68	14	 Rhodobacter capsulatus
0.00	1	28	12	 Rhodobacter sp. CZR27
0.00	4	29	7	 Tabrizicola piscis
0.00	3	14	8	 Yoonia vestfoldensis
0.00	2	34	18	 Polymorphum gilvum
0.00	2	33	17	 Paraoceanicella profunda
0.00	2	104	54	 Cereibacter sphaeroides
0.00	1	17	9	 Pacificitalea manganoxidans
0.00	1	23	13	 Pikeienuella piscinae
0.00	1	14	5	 Pelagovum pacificum
0.00	1	10	5	 Profundibacter amoris
0.00	1	2	2	 Pseudohalocynthiibacter aestuariivivens
0.00	1	9	8	 Defluviimonas alba
0.00	7	90	6	 Sulfitobacter sp. JK7-1
0.00	5	9	4	 Sulfitobacter sp. THAF37
0.00	1	4	3	 Sulfitobacter sp. B30-2
0.00	2	26	14	 Sulfitobacter alexandrii
0.00	4	30	10	 Roseovarius sp. SCSIO 43702
0.00	2	12	9	 Roseovarius sp. THAF9
0.00	1	20	3	 Roseovarius faecimaris
0.00	5	24	9	 Phaeobacter inhibens
0.00	1	104	19	 Phaeobacter gallaeciensis
0.00	6	42	11	 Sagittula sp. P11
0.00	6	13	5	 Celeribacter baekdonensis
0.00	3	35	14	 Mameliella alba
0.00	3	17	8	 Ketogulonicigenium vulgare
0.00	3	16	6	 Leisingera methylohalidivorans
0.00	2	28	8	 Roseobacter denitrificans
0.00	2	11	10	 Oceanicola sp. D3
0.00	1	19	5	 Ruegeria pomeroyi
0.00	1	16	8	 Ruegeria sp. TM1040
0.00	1	10	5	 Actibacterium sp. EMB200-NS6
0.00	1	18	13	 Tateyamaria omphalii
0.00	2	6	3	 Ehrlichia muris
0.00	2	9	3	 Rickettsiales endosymbiont of Stachyamoeba lipophora
0.00	1	2	1	 Rickettsia tillamookensis
0.00	1	1	1	 Candidatus Pelagibacter sp. IMCC9063
0.00	3	17	13	 Marinicauda algicola
0.00	2	75	31	 Micavibrio aeruginosavorus
0.00	1	3	2	 Candidatus Nucleicultrix amoebiphila
0.00	308	7050	2656	 Pseudomonas alcaligenes
0.00	106	857	372	 Pseudomonas mendocina
0.00	97	2039	803	 Pseudomonas aeruginosa
0.00	49	713	319	 Pseudomonas oleovorans
0.00	3	53	20	 Pseudomonas furukawaii
0.00	5	95	18	 Pseudomonas multiresinivorans
0.00	4	178	115	 Pseudomonas nitroreducens
0.00	6	89	17	 Pseudomonas citronellolis
0.00	4	37	17	 Pseudomonas resinovorans
0.00	169	2433	43	 Pseudomonas tolaasii
0.00	33	956	213	 Pseudomonas fluorescens
0.00	27	547	313	 Pseudomonas azotoformans
0.00	6	101	34	 Pseudomonas synxantha
0.00	4	187	43	 Pseudomonas veronii
0.00	4	42	21	 Pseudomonas protegens
0.00	4	14	7	 Pseudomonas migulae
0.00	3	29	14	 Pseudomonas rhodesiae
0.00	3	14	6	 Pseudomonas corrugata
0.00	2	12	7	 Pseudomonas libanensis
0.00	2	6	4	 Pseudomonas poae
0.00	2	11	6	 Pseudomonas congelans
0.00	2	16	10	 Pseudomonas cedrina
0.00	1	85	18	 Pseudomonas orientalis
0.00	1	8	5	 Pseudomonas brenneri
0.00	84	1162	437	 Pseudomonas sp. phDV1
0.00	10	88	21	 Pseudomonas sp. ADAK13
0.00	10	97	39	 Pseudomonas sp. B11D7D
0.00	8	86	31	 Pseudomonas sp. LPH1
0.00	7	94	34	 Pseudomonas sp. JY-Q
0.00	7	31	12	 Pseudomonas sp. 7SR1
0.00	7	37	17	 Pseudomonas sp. URMO17WK12:I11
0.00	6	16	11	 Pseudomonas sp. TUM18999
0.00	6	30	9	 Pseudomonas sp. Colony2
0.00	5	40	14	 Pseudomonas sp. MSPm1
0.00	5	24	9	 Pseudomonas sp. OE 28.3
0.00	4	24	13	 Pseudomonas sp. HLS-6
0.00	3	40	18	 Pseudomonas sp. NS1(2017)
0.00	3	5	2	 Pseudomonas sp. CFSAN084952
0.00	3	19	8	 Pseudomonas sp. NC02
0.00	3	40	19	 Pseudomonas sp. ABC1
0.00	3	21	7	 Pseudomonas sp. 2hn
0.00	2	21	9	 Pseudomonas sp. MTM4
0.00	2	20	9	 Pseudomonas sp. gcc21
0.00	2	94	44	 Pseudomonas sp. JS425
0.00	2	19	6	 Pseudomonas sp. B10
0.00	2	42	11	 Pseudomonas sp. 13159349
0.00	2	3	1	 Pseudomonas sp. TKP
0.00	2	13	10	 Pseudomonas sp. DY-1
0.00	2	10	7	 Pseudomonas sp. M30-35
0.00	2	2	1	 Pseudomonas sp. R3-52-08
0.00	2	2	1	 Pseudomonas sp. SORT22
0.00	2	10	3	 Pseudomonas sp. DR48
0.00	2	3	2	 Pseudomonas sp. St316
0.00	1	58	52	 Pseudomonas sp. BIOMIG1BAC
0.00	1	7	6	 Pseudomonas sp. Leaf58
0.00	1	57	3	 Pseudomonas sp. IzPS59
0.00	1	7	3	 Pseudomonas sp. DR 5-09
0.00	1	5	4	 Pseudomonas sp. Seg1
0.00	1	1	1	 Pseudomonas sp. R84
0.00	1	37	10	 Pseudomonas sp. Ost2
0.00	1	2	2	 Pseudomonas sp. 14181154
0.00	1	8	6	 Pseudomonas sp. ATCC 13867
0.00	1	10	8	 Pseudomonas sp. UW4
0.00	1	2	1	 Pseudomonas sp. R2-37-08W
0.00	1	37	16	 Pseudomonas sp. LPB0260
0.00	1	41	5	 Pseudomonas sp. LG1E9
0.00	1	13	11	 Pseudomonas sp. DG56-2
0.00	1	8	5	 Pseudomonas sp. SK3(2021)
0.00	1	15	9	 Pseudomonas sp. K2W31S-8
0.00	1	11	8	 Pseudomonas sp. MPC6
0.00	130	2997	1231	 Pseudomonas putida
0.00	9	169	86	 Pseudomonas oryzihabitans
0.00	7	42	11	 Pseudomonas mosselii
0.00	6	33	14	 Pseudomonas plecoglossicida
0.00	5	51	21	 Pseudomonas monteilii
0.00	2	5	4	 Pseudomonas sp. SGAir0191
0.00	127	3897	1339	 Pseudomonas entomophila
0.00	101	2836	1222	 Pseudomonas stutzeri
0.00	1	33	14	 Pseudomonas balearica
0.00	57	687	191	 Pseudomonas sihuiensis
0.00	34	243	100	 Pseudomonas alcaliphila
0.00	16	97	22	 Pseudomonas yamanorum
0.00	3	87	20	 Pseudomonas viridiflava
0.00	3	583	32	 Pseudomonas syringae
0.00	2	39	11	 Pseudomonas syringae group genomosp. 3
0.00	2	11	7	 Pseudomonas asturiensis
0.00	1	57	9	 Pseudomonas cichorii
0.00	12	231	84	 Pseudomonas sediminis
0.00	8	70	26	 Pseudomonas simiae
0.00	8	94	39	 Pseudomonas toyotomiensis
0.00	6	78	50	 Pseudomonas chlororaphis
0.00	2	35	10	 Pseudomonas fragi
0.00	7	22	9	 Pseudomonas muyukensis
0.00	7	85	17	 Pseudomonas knackmussii
0.00	7	52	23	 Pseudomonas campi
0.00	6	71	52	 Pseudomonas asiatica
0.00	5	187	37	 Pseudomonas agarici
0.00	4	13	4	 Pseudomonas lactis
0.00	4	42	12	 Pseudomonas marincola
0.00	4	21	8	 Pseudomonas alvandae
0.00	3	24	8	 Pseudomonas versuta
0.00	3	12	6	 Pseudomonas pelagia
0.00	3	67	18	 Pseudomonas koreensis
0.00	3	39	18	 Pseudomonas guangdongensis
0.00	3	8	4	 Pseudomonas lini
0.00	3	20	11	 Pseudomonas frederiksbergensis
0.00	2	4	1	 Pseudomonas tensinigenes
0.00	2	10	7	 Pseudomonas salmasensis
0.00	2	45	25	 Pseudomonas khazarica
0.00	2	17	10	 Pseudomonas oryzae
0.00	2	16	8	 Pseudomonas lalkuanensis
0.00	2	9	6	 Pseudomonas eucalypticola
0.00	2	13	7	 Pseudomonas kribbensis
0.00	2	8	6	 Pseudomonas extremaustralis
0.00	2	12	9	 Pseudomonas thivervalensis
0.00	2	11	6	 Pseudomonas tritici
0.00	1	58	28	 Pseudomonas umsongensis
0.00	1	5	3	 Pseudomonas xanthosomae
0.00	1	92	24	 Pseudomonas qingdaonensis
0.00	1	15	6	 Pseudomonas silesiensis
0.00	1	14	7	 Pseudomonas vancouverensis
0.00	1	16	9	 Pseudomonas denitrificans (nom. rej.)
0.00	1	43	14	 Pseudomonas granadensis
0.00	1	16	9	 Pseudomonas palleroniana
0.00	1	9	7	 Pseudomonas antarctica
0.00	1	21	14	 Pseudomonas alkylphenolica
0.00	1	45	18	 Pseudomonas psychrotolerans
0.00	1	11	8	 Pseudomonas hamedanensis
0.00	1	29	18	 Pseudomonas otitidis
0.00	1	7	5	 Pseudomonas litoralis
0.00	2	14	9	 Azotobacter chroococcum
0.00	1	18	5	 Azotobacter salinestris
0.00	2	6	2	 Entomomonas moraniae
0.01	740	27594	11613	 Acinetobacter junii
0.00	189	3212	1268	 Acinetobacter johnsonii
0.00	75	846	358	 Acinetobacter baumannii
0.00	39	1438	468	 Acinetobacter pittii
0.00	11	148	42	 Acinetobacter nosocomialis
0.00	2	10	6	 Acinetobacter calcoaceticus
0.00	99	2120	751	 Acinetobacter haemolyticus
0.00	37	645	260	 Acinetobacter sp. MYb10
0.00	10	76	30	 Acinetobacter sp. WCHA45
0.00	5	61	38	 Acinetobacter sp. NEB 394
0.00	5	29	9	 Acinetobacter sp. SWBY1
0.00	5	150	59	 Acinetobacter sp. LoGeW2-3
0.00	4	42	19	 Acinetobacter sp. Colony158
0.00	4	12	7	 Acinetobacter sp. CS-2
0.00	4	21	9	 Acinetobacter sp. C16S1
0.00	3	18	7	 Acinetobacter sp. WCHAc010034
0.00	2	32	11	 Acinetobacter sp. 10FS3-1
0.00	2	6	4	 Acinetobacter sp. YH12138
0.00	2	56	18	 Acinetobacter sp. Ac-14
0.00	2	18	17	 Acinetobacter sp. TTH0-4
0.00	1	19	8	 Acinetobacter sp. ACNIH2
0.00	1	6	6	 Acinetobacter sp. WY4
0.00	1	8	4	 Acinetobacter sp. NCu2D-2
0.00	88	2722	1158	 Acinetobacter schindleri
0.00	38	794	309	 Acinetobacter guillouiae
0.00	15	303	95	 Acinetobacter indicus
0.00	14	201	64	 Acinetobacter wuhouensis
0.00	10	138	66	 Acinetobacter towneri
0.00	7	8	3	 Acinetobacter equi
0.00	6	243	130	 Acinetobacter radioresistens
0.00	5	50	31	 Acinetobacter ursingii
0.00	4	9	3	 Acinetobacter bereziniae
0.00	4	59	25	 Acinetobacter lwoffii
0.00	4	45	22	 Acinetobacter variabilis
0.00	3	6	4	 Acinetobacter dispersus
0.00	3	17	6	 Acinetobacter chinensis
0.00	3	67	25	 Acinetobacter septicus
0.00	2	24	6	 Acinetobacter oleivorans
0.00	2	8	2	 Acinetobacter lanii
0.00	2	20	7	 Acinetobacter cumulans
0.00	2	12	7	 Acinetobacter soli
0.00	2	12	12	 Acinetobacter tandoii
0.00	1	11	7	 Acinetobacter baylyi
0.00	1	5	3	 Acinetobacter gyllenbergii
0.00	283	10955	4681	 Moraxella osloensis
0.00	1	13	6	 Moraxella catarrhalis
0.00	1	9	7	 Moraxella cuniculi
0.00	1	3	1	 Psychrobacter sp. AntiMn-1
0.00	1	5	4	 Psychrobacter arenosus
0.01	524	1140	55	 Klebsiella pneumoniae
0.00	41	840	10	 Klebsiella grimontii
0.00	4	44	26	 Klebsiella michiganensis
0.00	1	1	1	 Klebsiella sp. CTHL.F3a
0.00	30	353	164	 Escherichia coli
0.00	1	82	7	 Escherichia fergusonii
0.00	1	12	10	 Escherichia albertii
0.00	8	44	18	 Enterobacter roggenkampii
0.00	7	69	52	 Enterobacter cloacae
0.00	1	49	41	 Enterobacter hormaechei
0.00	3	13	6	 Enterobacter oligotrophicus
0.00	2	5	4	 Enterobacter sp. C2
0.00	1	3	3	 Enterobacter sp. E76
0.00	5	56	2	 Citrobacter pasteurii
0.00	1	2	1	 Citrobacter sp. Y3
0.00	5	92	30	 Cronobacter malonaticus
0.00	2	26	6	 Cronobacter sakazakii
0.00	1	2	2	 Cronobacter universalis
0.00	1	7	3	 Cronobacter condimenti
0.00	4	10	4	 Kosakonia cowanii
0.00	3	7	3	 Kosakonia radicincitans
0.00	2	245	5	 Kosakonia oryzae
0.00	5	35	22	 Cedecea neteri
0.00	6	64	31	 Pluralibacter gergoviae
0.00	4	78	23	 Atlantibacter hermannii
0.00	3	60	16	 Leclercia adecarboxylata
0.00	1	29	9	 Raoultella ornithinolytica
0.00	3	8	3	 Shimwellia blattae
0.00	3	70	40	 Salmonella enterica
0.00	1	4	4	 Scandinavium goeteborgense
0.00	1	1	1	 Enterobacteriaceae endosymbiont of Plateumaris sericea
0.00	1	8	8	 Shigella boydii
0.00	1	8	2	 Candidatus Moranella endobia
0.00	1	8	4	 Lelliottia amnigena
0.00	52	1254	427	 Serratia marcescens
0.00	2	3	2	 Serratia sp. FS14
0.00	2	9	6	 Serratia fonticola
0.00	2	39	18	 Serratia rubidaea
0.00	1	8	5	 Serratia liquefaciens
0.00	6	26	8	 Rahnella aquatilis
0.00	1	9	5	 Rahnella inusitata
0.00	4	19	11	 Gibbsiella quercinecans
0.00	37	368	80	 Pantoea agglomerans
0.00	6	17	3	 Candidatus Pantoea carbekii
0.00	4	131	53	 Pantoea dispersa
0.00	2	30	16	 Pantoea ananatis
0.00	1	10	6	 Pantoea alhagi
0.00	7	16	7	 Candidatus Erwinia haradaeae
0.00	3	14	6	 Erwinia persicina
0.00	2	16	9	 Erwinia amylovora
0.00	2	13	10	 Erwinia sp. E602
0.00	1	5	5	 Erwinia rhapontici
0.00	1	9	6	 Erwinia gerundensis
0.00	3	29	15	 Tatumella sp. TA1
0.00	31	2665	1	 Xenorhabdus budapestensis
0.00	15	268	73	 Proteus mirabilis
0.00	4	8	1	 Proteus terrae
0.00	2	13	11	 Morganella morganii
0.00	2	20	7	 Arsenophonus nasoniae
0.00	1	18	15	 Providencia rettgeri
0.00	2	267	2	 Pectobacterium polaris
0.00	1	16	11	 Pectobacterium carotovorum
0.00	1	7	6	 Dickeya dadantii
0.00	5	33	7	 Jinshanibacter zhutongyuii
0.00	3	75	64	 Plesiomonas shigelloides
0.00	1	18	11	 Edwardsiella tarda
0.00	1	9	2	 Edwardsiella hoshinae
0.00	1	6	5	 Sodalis praecaptivus
0.00	93	1864	704	 Stenotrophomonas maltophilia
0.00	2	7	4	 Stenotrophomonas sp. SAU14A_NAIMI4_5
0.00	1	14	7	 Stenotrophomonas sp. YAU14D1_LEIMI4_1
0.00	8	115	46	 Stenotrophomonas sp. LM091
0.00	3	73	25	 Stenotrophomonas sp. CW117
0.00	2	16	8	 Stenotrophomonas sp. SXG-1
0.00	2	15	9	 Stenotrophomonas sp. NA06056
0.00	1	15	8	 Stenotrophomonas sp. 169
0.00	9	44	25	 Stenotrophomonas rhizophila
0.00	2	46	25	 Stenotrophomonas acidaminiphila
0.00	15	319	146	 Xanthomonas campestris
0.00	9	96	15	 Xanthomonas arboricola
0.00	6	35	24	 Xanthomonas translucens
0.00	5	48	13	 Xanthomonas vesicatoria
0.00	4	16	10	 Xanthomonas fragariae
0.00	4	211	53	 Xanthomonas citri
0.00	3	35	17	 Xanthomonas oryzae
0.00	3	119	10	 Xanthomonas euvesicatoria
0.00	3	30	14	 Xanthomonas sacchari
0.00	2	42	8	 Xanthomonas theicola
0.00	2	20	13	 Xanthomonas vasicola
0.00	1	4	2	 Xanthomonas sp. GW
0.00	1	24	13	 Xanthomonas hortorum
0.00	56	1624	802	 Pseudoxanthomonas mexicana
0.00	6	307	45	 Pseudoxanthomonas sp. X-1
0.00	1	41	21	 Pseudoxanthomonas suwonensis
0.00	5	33	17	 Lysobacter soli
0.00	1	9	4	 Lysobacter sp. CW239
0.00	1	8	7	 Lysobacter sp. CECT 30171
0.00	4	30	22	 Lysobacter enzymogenes
0.00	4	39	18	 Lysobacter oculi
0.00	3	35	21	 Lysobacter solisilvae (ex Woo and Kim 2020)
0.00	1	42	16	 Lysobacter antibioticus
0.00	1	20	16	 Lysobacter capsici
0.00	1	9	8	 Lysobacter alkalisoli
0.00	1	28	8	 Lysobacter arenosi
0.00	3	24	16	 Luteimonas sp. MC1750
0.00	2	15	5	 Luteimonas sp. MC1572
0.00	1	35	20	 Luteimonas sp. MC1825
0.00	4	17	6	 Luteimonas chenhongjianii
0.00	2	28	15	 Luteimonas granuli
0.00	2	13	8	 Luteimonas yindakuii
0.00	4	16	8	 Thermomonas sp. HDW16
0.00	1	11	8	 Thermomonas sp. SY21
0.00	4	40	13	 Arenimonas daejeonensis
0.00	6	18	9	 Rhodanobacter glycinis
0.00	4	19	9	 Rhodanobacter sp. FDAARGOS 1247
0.00	3	27	14	 Rhodanobacter denitrificans
0.00	7	21	10	 Dyella sp. G9
0.00	2	16	5	 Dyella caseinilytica
0.00	2	8	4	 Frateuria aurantia
0.00	1	20	13	 Luteibacter rhizovicinus
0.00	1	24	16	 Luteibacter pinisoli
0.00	2	14	9	 Dokdonella koreensis
0.00	334	3313	706	 [Haemophilus] ducreyi
0.00	3	171	134	 Haemophilus parainfluenzae
0.00	1	49	29	 Haemophilus haemolyticus
0.00	1	18	9	 Haemophilus sp. oral taxon 036
0.00	4	79	18	 Aggregatibacter aphrophilus
0.00	2	68	20	 Aggregatibacter sp. 2125159857
0.00	5	98	22	 Pasteurella multocida
0.00	2	3	2	 Gallibacterium anatis
0.00	1	3	3	 Histophilus somni
0.00	1	4	1	 Avibacterium paragallinarum
0.00	1	5	3	 Rodentibacter heylii
0.00	45	398	163	 Aeromonas caviae
0.00	8	110	40	 Aeromonas hydrophila
0.00	2	9	5	 Aeromonas sp. ASNIH5
0.00	1	24	13	 Aeromonas sp. ASNIH1
0.00	1	27	27	 Aeromonas sp.
0.00	1	1	1	 Aeromonas sp. FDAARGOS 1410
0.00	5	18	6	 Aeromonas sanarellii
0.00	4	20	4	 Aeromonas rivuli
0.00	3	87	61	 Aeromonas media
0.00	2	5	4	 Aeromonas dhakensis
0.00	1	12	9	 Aeromonas rivipollensis
0.00	1	48	24	 Aeromonas veronii
0.00	1	8	8	 Aeromonas simiae
0.00	28	235	95	 Rheinheimera sp. LHK132
0.00	8	134	28	 Rheinheimera sp. F8
0.00	4	11	5	 Caldichromatium japonicum
0.00	2	10	6	 Thiocystis violascens
0.00	6	116	9	 Acidihalobacter aeolianus
0.00	2	6	5	 Acidihalobacter ferrooxydans
0.00	1	6	5	 Ectothiorhodospira haloalkaliphila
0.00	1	13	9	 Thioalkalivibrio sulfidiphilus
0.00	2	28	15	 Sulfurivermis fontis
0.00	1	14	9	 Granulosicoccus antarcticus
0.00	1	4	3	 Thiohalobacter thiocyanaticus
0.00	1	10	2	 Wenzhouxiangella sp. AB-CW3
0.00	24	923	368	 Cellvibrio sp. KY-GH-1
0.00	3	19	10	 Cellvibrio sp. KY-YJ-3
0.00	3	20	14	 Cellvibrio sp. PSBB023
0.00	2	64	40	 Cellvibrio japonicus
0.00	5	20	8	 Microbulbifer sp. ALW1
0.00	2	14	5	 Microbulbifer sp. A4B17
0.00	1	13	9	 Microbulbifer agarilyticus
0.00	1	45	23	 Aequoribacter fuscus
0.00	1	12	6	 Spongiibacter sp. IMCC21906
0.00	2	8	3	 Marinobacter sp. LQ44
0.00	1	8	3	 Marinobacter sp. NP-4(2019)
0.00	2	11	3	 Marinobacter salinus
0.00	1	7	5	 Marinobacter hydrocarbonoclasticus
0.00	2	145	13	 Alteromonas macleodii
0.00	1	8	4	 Agarivorans aestuarii
0.00	3	9	3	 Shewanella sp. Pdp11
0.00	1	6	3	 Shewanella sp. KX20019
0.00	1	2	1	 Shewanella sp. Scap07
0.00	1	12	6	 Shewanella algae
0.00	1	15	6	 Shewanella marisflavi
0.00	1	3	2	 Shewanella denitrificans
0.00	1	10	7	 Shewanella baltica
0.00	1	4	3	 Pseudoalteromonas viridis
0.00	1	6	3	 Pseudoalteromonas sp. R3
0.00	1	2	1	 Pseudoalteromonas agarivorans
0.00	4	14	4	 Thalassotalea sp. LPB0316
0.00	2	6	3	 Colwellia sp. Arc7-635
0.00	2	6	2	 Moritella yayanosii
0.00	1	3	3	 Ferrimonas lipolytica
0.00	1	6	5	 Idiomarina abyssalis
0.00	7	92	22	 Halomonas sp. 18071143
0.00	3	23	8	 Halomonas sp. JS92-SW72
0.00	3	9	5	 Halomonas sp. HG01
0.00	1	10	7	 Halomonas sp. YLGW01
0.00	1	26	8	 Halomonas sp. Y2R2
0.00	4	52	22	 Halomonas hydrothermalis
0.00	3	91	54	 Halomonas meridiana
0.00	2	44	32	 Halomonas denitrificans
0.00	2	11	8	 Halomonas socia
0.00	1	17	9	 Halomonas chromatireducens
0.00	2	5	2	 Zymobacter palmae
0.00	1	1	1	 Candidatus Carsonella ruddii
0.00	2	24	10	 Chromohalobacter salexigens
0.00	1	15	8	 Kushneria phosphatilytica
0.00	1	10	8	 Ketobacter alkanivorans
0.00	2	13	6	 Vibrio tubiashii
0.00	2	29	12	 Vibrio fluvialis
0.00	2	13	6	 Vibrio ponticus
0.00	1	15	14	 Vibrio vulnificus
0.00	1	2	1	 Vibrio neocaledonicus
0.00	1	23	17	 Vibrio parahaemolyticus
0.00	1	128	5	 Vibrio mimicus
0.00	1	63	37	 Vibrio cholerae
0.00	4	94	30	 Legionella sp. MW5194
0.00	2	4	1	 Legionella sp. PC1000
0.00	2	13	9	 Legionella pneumophila
0.00	2	13	5	 Legionella lansingensis
0.00	1	12	4	 Legionella israelensis
0.00	1	2	1	 Legionella anisa
0.00	1	4	3	 Legionella cherrii
0.00	5	43	7	 Fluoribacter dumoffii
0.00	3	144	3	 Coxiella burnetii
0.00	4	15	8	 Thiothrix sp. Ku-5
0.00	2	32	3	 Francisella hispaniensis
0.00	1	36	18	 Francisella tularensis
0.00	3	12	2	 Hydrogenovibrio crunogenus
0.00	3	16	8	 Methylococcus sp. EFPC2
0.00	1	17	10	 Methylococcus capsulatus
0.00	2	11	8	 Methylomonas sp. LL1
0.00	1	14	11	 Methylomagnum ishizawai
0.00	3	6	2	 Candidatus Ruthia magnifica
0.00	2	7	4	 Bathymodiolus thermophilus thioautotrophic gill symbiont
0.00	1	10	6	 Sedimenticola thiotaurini
0.00	1	4	3	 Thiolapillus brandeum
0.00	5	35	15	 Sulfurifustis variabilis
0.00	2	16	7	 Acidiferrobacter sp. SPIII_3
0.00	2	14	10	 Immundisolibacter cernigliae
0.00	1	7	5	 Salinisphaera sp. LB1
0.00	7	177	121	 Myxococcus xanthus
0.00	3	25	15	 Myxococcus stipitatus
0.00	1	18	13	 Myxococcus sp. SCHIC003
0.00	3	35	23	 Corallococcus macrosporus
0.00	2	42	23	 Corallococcus coralloides
0.00	1	24	12	 Corallococcus sp. EGB
0.00	3	34	26	 Pyxidicoccus sp. SCPEA002
0.00	6	77	46	 Archangium violaceum
0.00	4	37	23	 Stigmatella aurantiaca
0.00	2	35	21	 Cystobacter fuscus
0.00	6	40	15	 Anaeromyxobacter dehalogenans
0.00	1	29	17	 Anaeromyxobacter sp. Fw109-5
0.00	2	12	10	 Vulgatibacter incomptus
0.00	15	216	133	 Sorangium cellulosum
0.00	2	57	33	 Sandaracinus amylolyticus
0.00	1	59	21	 Haliangium ochraceum
0.00	11	96	20	 Persicimonas caeni
0.00	3	13	7	 Geobacter sp. FeAm09
0.00	1	7	5	 Geobacter bemidjiensis
0.00	1	27	9	 Geobacter pickeringii
0.00	2	14	10	 Desulfuromonas versatilis
0.00	1	32	6	 Desulfovibrio vulgaris
0.00	1	7	6	 Desulfovibrio piger
0.00	1	7	5	 Desulfovibrio sp. IOR2
0.00	1	6	5	 Desulfocurvibacter africanus
0.00	2	8	5	 Desulfomicrobium baculatum
0.00	1	4	4	 Desulfohalobium retbaense
0.00	5	22	9	 Desulfarculus baarsii
0.00	1	40	7	 Desulfopila sp. IMCC35005
0.00	5	164	46	 Campylobacter ureolyticus
0.00	3	125	72	 Campylobacter concisus
0.00	1	2	1	 Campylobacter hyointestinalis
0.00	1	1	1	 Campylobacter insulaenigrae
0.00	1	18	9	 Campylobacter rectus
0.00	2	4	2	 Arcobacter cloacae
0.00	1	4	2	 Arcobacter suis
0.00	1	4	2	 Malaciobacter molluscorum
0.00	1	2	1	 Helicobacter sp. MIT 01-6242
0.00	7	347	238	 Hydrogenophilus thermoluteolus
0.00	3	13	6	 Mariprofundus ferrinatatus
0.00	1	247	11	 Bdellovibrio bacteriovorus
0.00	1	4	1	 Silvanigrella aquatica
0.00	80	707	191	 Spirosoma radiotolerans
0.00	17	139	60	 Spirosoma sp. CJU-R4
0.00	12	51	11	 Spirosoma sp. KCTC 42546
0.00	4	26	13	 Spirosoma sp. PL0136
0.00	1	20	10	 Spirosoma sp. KUDC1026
0.00	27	305	99	 Spirosoma pollinicola
0.00	10	48	21	 Spirosoma rigui
0.00	6	38	12	 Spirosoma montaniterrae
0.00	4	19	7	 Spirosoma aerolatum
0.00	1	18	9	 Spirosoma endbachense
0.00	1	24	15	 Spirosoma aureum
0.00	1	12	6	 Spirosoma taeanense
0.00	10	37	15	 Fibrella aestuarina
0.00	5	114	58	 Dyadobacter fermentans
0.00	2	20	11	 Dyadobacter sp. Q3-56
0.00	2	11	4	 Arcticibacterium luteifluviistationis
0.00	1	5	3	 Rhodocytophaga rosea
0.00	14	72	25	 Hymenobacter sp. BT18
0.00	13	102	37	 Hymenobacter sp. APR13
0.00	11	140	58	 Hymenobacter sp. DG01
0.00	10	108	34	 Hymenobacter sp. S2-20-2
0.00	7	53	18	 Hymenobacter sp. DG25B
0.00	5	24	14	 Hymenobacter sp. NBH84
0.00	5	83	18	 Hymenobacter sp. TS19
0.00	4	30	11	 Hymenobacter sp. BRD67
0.00	4	53	19	 Hymenobacter sp. BRD128
0.00	3	32	14	 Hymenobacter sp. PAMC 26554
0.00	2	50	10	 Hymenobacter sp. DG25A
0.00	2	46	21	 Hymenobacter sp. PAMC 26628
0.00	1	11	9	 Hymenobacter sp. HDW8
0.00	11	77	40	 Hymenobacter swuensis
0.00	9	124	49	 Hymenobacter sedentarius
0.00	5	40	27	 Hymenobacter busanensis
0.00	4	41	19	 Hymenobacter oligotrophus
0.00	3	33	12	 Hymenobacter nivis
0.00	3	34	14	 Hymenobacter baengnokdamensis
0.00	2	27	14	 Hymenobacter jejuensis
0.00	1	10	7	 Hymenobacter radiodurans
0.00	2	11	7	 Pontibacter akesuensis
0.00	1	30	11	 Pontibacter sp. SGAir0037
0.00	2	5	4	 Adhaeribacter swui
0.00	1	9	5	 Flammeovirga sp. MY04
0.00	1	4	3	 Belliella baltica
0.00	27	236	102	 Chryseobacterium sp. ZHDP1
0.00	5	122	44	 Chryseobacterium sp. NEB161
0.00	4	9	3	 Chryseobacterium sp. T16E-39
0.00	1	17	9	 Chryseobacterium sp. 3008163
0.00	1	4	2	 Chryseobacterium sp. StRB126
0.00	1	23	7	 Chryseobacterium sp. POL2
0.00	40	273	105	 Chryseobacterium shandongense
0.00	10	303	130	 Chryseobacterium taklimakanense
0.00	4	47	26	 Chryseobacterium indoltheticum
0.00	4	15	10	 Chryseobacterium bernardetii
0.00	3	68	24	 Chryseobacterium indologenes
0.00	3	18	11	 Chryseobacterium camelliae
0.00	2	34	9	 Chryseobacterium carnipullorum
0.00	2	10	7	 Chryseobacterium glaciei
0.00	2	17	10	 Chryseobacterium gallinarum
0.00	1	11	2	 Chryseobacterium aureum
0.00	1	4	2	 Chryseobacterium cucumeris
0.00	1	31	19	 Chryseobacterium arthrosphaerae
0.00	1	14	6	 Chryseobacterium piperi
0.00	8	220	98	 Epilithonimonas vandammei
0.00	1	10	5	 Kaistella haifensis
0.00	25	297	148	 Cloacibacterium caeni
0.00	5	58	27	 Cloacibacterium normanense
0.00	6	42	6	 Elizabethkingia anophelis
0.00	3	45	16	 Elizabethkingia bruuniana
0.00	2	29	4	 Elizabethkingia sp. JS20170427COW
0.00	1	9	7	 Elizabethkingia miricola
0.00	2	15	7	 Empedobacter falsenii
0.00	4	22	8	 Flavobacterium sp. KBS0721
0.00	3	14	3	 Flavobacterium sp. HYN0086
0.00	2	6	3	 Flavobacterium sp. CHNK8
0.00	2	5	2	 Flavobacterium sp. 140616W15
0.00	1	7	4	 Flavobacterium sp. BB8
0.00	7	21	9	 Flavobacterium psychrophilum
0.00	6	101	65	 Flavobacterium anhuiense
0.00	5	16	7	 Flavobacterium nackdongense
0.00	2	17	8	 Flavobacterium indicum
0.00	2	11	7	 Flavobacterium haoranii
0.00	1	24	14	 Flavobacterium columnare
0.00	1	8	4	 Flavobacterium inviolabile
0.00	1	55	11	 Flavobacterium sangjuense
0.00	1	12	7	 Flavobacterium crocinum
0.00	3	37	22	 Capnocytophaga sp. FDAARGOS_737
0.00	4	218	53	 Capnocytophaga sputigena
0.00	3	33	15	 Capnocytophaga leadbetteri
0.00	1	3	3	 Capnocytophaga ochracea
0.00	1	10	6	 Capnocytophaga haemolytica
0.00	2	15	4	 Myroides phaeus
0.00	1	4	3	 Polaribacter sp. SM13
0.00	1	6	1	 Polaribacter sp. KT 15
0.00	1	4	3	 Polaribacter sp. MED152
0.00	3	11	4	 Winogradskyella sediminis
0.00	1	8	4	 Tenacibaculum jejuense
0.00	1	5	5	 Tenacibaculum singaporense
0.00	2	11	3	 Algibacter alginicilyticus
0.00	2	13	3	 Seonamhaeicola sp. S2-3
0.00	1	9	5	 Flavivirga eckloniae
0.00	1	4	3	 Dokdonia sp. 4H-3-7-5
0.00	1	2	1	 Formosa agariphila
0.00	1	2	1	 Maribacter sp. MJ134
0.00	1	6	3	 Changchengzhania lutea
0.00	1	125	5	 Nonlabens spongiae
0.00	1	4	3	 Muricauda ruestringensis
0.00	1	11	4	 Ichthyobacterium seriolicida
0.00	56	327	5	 Olivibacter sp. SDN3
0.00	8	173	79	 Sphingobacterium multivorum
0.00	3	22	6	 Sphingobacterium spiritivorum
0.00	1	5	3	 Sphingobacterium sp. DR205
0.00	1	49	46	 Sphingobacterium sp. UDSM-2020
0.00	2	12	7	 Mucilaginibacter paludis
0.00	2	9	4	 Mucilaginibacter gossypii
0.00	2	17	6	 Mucilaginibacter gotjawali
0.00	1	7	6	 Mucilaginibacter ginsenosidivorax
0.00	1	6	5	 Mucilaginibacter sp. 21P
0.00	2	13	8	 Pedobacter sp. eg
0.00	2	5	3	 Pedobacter sp. G11
0.00	1	15	8	 Pedobacter sp. PACM 27299
0.00	1	85	3	 Pedobacter endophyticus
0.00	14	312	131	 Prevotella jejuni
0.00	4	22	13	 Prevotella intermedia
0.00	4	49	26	 Prevotella copri
0.00	2	8	5	 Prevotella sp. oral taxon 475
0.00	1	45	45	 Prevotella sp. oral taxon 299
0.00	2	2481	23	 Prevotella denticola
0.00	1	78	51	 Prevotella melaninogenica
0.00	1	17	13	 Prevotella nigrescens
0.00	1	11	8	 Prevotella enoeca
0.00	2	40	14	 Bacteroides sp. CBA7301
0.00	1	3	3	 Bacteroides sp. M10
0.00	1	18	8	 Bacteroides salyersiae
0.00	11	485	216	 Parabacteroides goldsteinii
0.00	1	22	7	 Barnesiella viscericola
0.00	4	16	8	 Chitinophaga pinensis
0.00	4	14	6	 Chitinophaga sp. KRA15-503
0.00	1	21	11	 Chitinophaga oryzae
0.00	2	7	4	 Flavisolibacter tropicus
0.00	1	7	6	 Flavisolibacter ginsenosidimutans
0.00	3	19	9	 Phnomibacter ginsenosidimutans
0.00	2	7	4	 Pseudocnuella soli
0.00	1	19	8	 Lacibacter sp. S13-6-6
0.00	1	1	1	 Arachidicoccus sp. 5GH13-10
0.00	1	44	4	 Pseudobacter ginsenosidimutans
0.00	1	12	10	 Paraflavitalea soli
0.00	2	29	22	 Gemmatirosa kalamazoonesis
0.00	1	14	10	 Gemmatimonas phototrophica
0.00	14	110	60	 Gemmata obscuriglobus
0.00	4	21	11	 Gemmata massiliana
0.00	1	29	15	 Gemmata sp. SH-PL17
0.00	6	53	26	 Frigoriglobus tundricola
0.00	1	21	15	 Limnoglobus roseus
0.00	1	52	23	 Urbifossiella limnaea
0.00	2	16	11	 Lacipirellula limnantheis
0.00	1	16	9	 Lacipirellula parvula
0.00	3	14	7	 Botrimarina mediterranea
0.00	3	12	7	 Adhaeretor mobilis
0.00	1	34	17	 Pirellulimonas nuda
0.00	3	11	6	 Pirellula sp. SH-Sr6A
0.00	1	11	9	 Lignipirellula cremea
0.00	1	19	11	 Rosistilla carotiformis
0.00	1	19	13	 Stieleria neptunia
0.00	1	13	9	 Thermogutta terrifontis
0.00	8	31	14	 Planctomyces sp. SH-PL14
0.00	3	17	11	 Caulifigura coniformis
0.00	2	24	12	 Crateriforma conspicua
0.00	1	11	3	 Gimesia benthica
0.00	1	36	4	 Rubinisphaera brasiliensis
0.00	1	12	7	 Thalassoglobus polymorphus
0.00	4	81	30	 Tautonia plasticadhaerens
0.00	1	34	17	 Singulisphaera acidiphila
0.00	1	44	10	 Paludisphaera borealis
0.00	2	25	9	 Humisphaera borealis
0.00	1	51	24	 Phycisphaera mikurensis
0.00	5	35	19	 Lacunisphaera limnophila
0.00	1	30	10	 Luteolibacter sp. 32A
0.00	1	6	4	 Waddlia chondrophila
0.00	9	129	36	 Leptotrichia sp. oral taxon 212
0.00	5	139	111	 Leptotrichia sp. oral taxon 221
0.00	1	5	3	 Leptotrichia sp. oral taxon 847
0.00	14	319	168	 Leptotrichia wadei
0.00	4	43	18	 Leptotrichia trevisanii
0.00	3	49	27	 Leptotrichia hofstadii
0.00	1	15	6	 Leptotrichia buccalis
0.00	1	22	11	 Leptotrichia hongkongensis
0.00	1	8	4	 Sneathia vaginalis
0.00	8	161	65	 Fusobacterium pseudoperiodonticum
0.00	2	4	1	 Fusobacterium canifelinum
0.00	1	11	10	 Fusobacterium varium
0.00	6	11	2	 Treponema ruminis
0.00	3	11	1	 Treponema phagedenis
0.00	3	17	4	 Oceanispirochaeta crateris
0.00	2	7	3	 Turneriella parva
0.00	1	3	2	 Brachyspira intermedia
0.00	7	189	95	 Nitrospira moscoviensis
0.00	1	23	8	 Candidatus Nitrospira inopinata
0.00	1	6	4	 Leptospirillum ferrooxidans
0.00	1	13	7	 Acidobacterium capsulatum
0.00	1	12	9	 Acidobacterium sp. 4Y35
0.00	1	10	5	 Edaphobacter sp. 4G125
0.00	1	25	12	 Granulicella sp. WH15
0.00	2	9	4	 Chloracidobacterium validum
0.00	1	25	19	 Luteitalea pratensis
0.00	3	18	9	 Candidatus Nanosynbacter lyticus
0.00	2	6	2	 Thermosipho africanus
0.00	2	193	5	 Isorropodon fossajaponicum symbiont
0.00	1	9	7	 Aminomonas paucivorans
0.00	2	48	16	 Halorubrum sp. CBA1229
0.00	2	37	10	 Halorubrum sp. RHB-C
0.00	1	3	3	 Halorubrum lacusprofundi
0.00	1	13	7	 Halorubrum ezzemoulense
0.00	3	36	15	 Halolamina sp. CBA1230
0.00	1	18	7	 Halobaculum halophilum
0.00	1	3	2	 Haloferax volcanii
0.00	1	3	2	 Haloferax alexandrinus
0.00	2	16	8	 Halogeometricum borinquense
0.00	2	14	8	 Haloplanus aerogenes
0.00	3	39	11	 Natrinema pellirubrum
0.00	2	38	7	 Natrinema versiforme
0.00	1	15	9	 Natrinema sp. YPL30
0.00	3	11	3	 Haloterrigena daqingensis
0.00	3	136	17	 Halovivax sp. KZCA124
0.00	2	26	20	 Natronococcus occultus
0.00	1	9	5	 Natronorubrum bangense
0.00	1	17	8	 Halobiforma lacisalsi
0.00	1	27	9	 Salinarchaeum sp. Harcht-Bsk1
0.00	4	33	12	 Halorientalis sp. IM1011
0.00	3	29	13	 Natronomonas moolapensis
0.00	2	20	12	 Halosimplex rubrum
0.00	3	12	4	 Halomicrobium sp. LC1Hm
0.00	1	3	2	 Haloarcula taiwanensis
0.00	2	23	21	 Halalkalicoccus jeotgali
0.00	1	8	5	 Halobacterium sp. DL1
0.00	3	19	4	 Methanoregula formicica
0.00	2	4	1	 Methanospirillum sp. J.3.6.1-F.2.7.3
0.00	3	8	2	 Methanococcus vannielii
0.00	4	83	1	 Candidatus Nitrosocosmicus hydrocola
0.00	3	11	4	 Candidatus Nitrosotalea okcheonensis
0.00	1	2	1	 Nitrosopumilus cobalaminigenes
0.00	2	6	2	 Sulfolobus sp. A20
0.00	2	6	3	 Sulfuracidifex tepidarius
0.00	53	1215	411	 Tobacco mild green mosaic virus
0.00	2	83	51	 Tomato mosaic virus
0.00	31	1429	762	 Bell pepper alphaendornavirus
0.00	2	78	48	 Brome mosaic virus
0.00	11	128	57	 Phasi Charoen-like phasivirus
0.00	5	45	1	 Maize-associated totivirus 2
0.00	1	14	1	 Red clover powdery mildew-associated totivirus 2
0.00	2	5	1	 Scheffersomyces segobiensis virus L
0.00	2	93	46	 Carrot cryptic virus
0.00	3	6	2	 Hubei tombus-like virus 1
0.00	1	1	1	 Beihai picorna-like virus 102
0.00	1	2	2	 Koala retrovirus
0.00	3	12	4	 Propionibacterium phage BruceLethal
0.00	2	199	3	 Salmonella phage TS13
0.00	1	1	1	 Cronobacter virus CR9
0.00	1	10	4	 Pseudomonas virus Noxifer
0.00	4	1315	1	 Cercopithecine alphaherpesvirus 9
0.00	3	6	1	 Drosophila melanogaster nudivirus A
0.00	1	89	3	 Catopsilia pomona nucleopolyhedrovirus
0.00	4	118	25	 Macaca mulatta polyomavirus 1
