0.79	127195	0	0	unclassified
75.32	12120471	104698017	216544	 Escherichia coli
0.05	7405	47425	6678	 Escherichia albertii
0.02	3729	16059	4316	 Escherichia marmotae
0.02	3607	13202	5043	 Escherichia fergusonii
0.01	1709	6284	2824	 Escherichia sp. E4742
0.00	10	57	51	 Escherichia sp. SCLE84
0.00	2	5	1	 Escherichia sp. TM-G17TGC
0.00	1	2	2	 Escherichia sp. TC-EC600-tetX4
0.27	42670	293851	28219	 Klebsiella quasipneumoniae
0.04	6306	61100	4836	 Klebsiella pneumoniae
0.01	1076	6639	751	 Klebsiella variicola
0.00	647	1542	675	 Klebsiella aerogenes
0.00	549	1489	656	 Klebsiella oxytoca
0.00	475	1141	506	 Klebsiella michiganensis
0.00	46	156	53	 Klebsiella sp. STW0522-44
0.00	23	53	37	 Klebsiella sp. A52
0.00	19	23	1	 Klebsiella sp. WP3-S18-ESBL-05
0.00	15	60	53	 Klebsiella sp. LY
0.00	14	32	15	 Klebsiella sp. WP8-S18-ESBL-06
0.00	12	20	9	 Klebsiella sp. BDA134-6
0.00	11	23	8	 Klebsiella sp. CTHL.F3a
0.00	5	9	3	 Klebsiella sp. LTGPAF-6F
0.00	2	8	8	 Klebsiella sp. P1CD1
0.00	2	5	5	 Klebsiella sp. MPUS7
0.00	1	9	6	 Klebsiella sp. PL-2018
0.00	1	3	2	 Klebsiella sp. P1954
0.00	195	528	379	 Klebsiella quasivariicola
0.00	162	465	300	 Klebsiella africana
0.00	124	299	183	 Klebsiella huaxiensis
0.00	113	632	110	 Klebsiella grimontii
0.23	37262	82636	247	 Enterobacter roggenkampii
0.03	4104	25051	1762	 Enterobacter hormaechei
0.00	625	1878	1067	 Enterobacter cloacae
0.00	289	850	342	 Enterobacter cancerogenus
0.00	279	2918	329	 Enterobacter asburiae
0.00	231	587	316	 Enterobacter kobei
0.00	115	279	140	 Enterobacter ludwigii
0.00	58	667	91	 Enterobacter cloacae complex sp.
0.00	35	218	77	 Enterobacter sp. BIDMC100
0.00	11	72	38	 Enterobacter sp. BIDMC 29
0.00	3	10	7	 Enterobacter cloacae complex sp. ECNIH7
0.00	1	5	5	 Enterobacter cloacae complex sp. FDA-CDC-AR_0132
0.00	1	2	2	 Enterobacter cloacae complex sp. ECL78
0.00	52	156	107	 Enterobacter chengduensis
0.00	38	131	91	 Enterobacter chuandaensis
0.00	31	115	50	 Enterobacter sichuanensis
0.00	627	959	277	 Enterobacter sp. SA187
0.00	269	2660	54	 Enterobacter sp. Colony194
0.00	217	765	344	 Enterobacter sp. JUb54
0.00	200	477	268	 Enterobacter sp. RHBSTW-00994
0.00	155	404	223	 Enterobacter sp. E76
0.00	141	479	203	 Enterobacter sp. C2
0.00	111	313	187	 Enterobacter sp. 638
0.00	71	222	126	 Enterobacter sp. RHBSTW-00175
0.00	42	90	12	 Enterobacter sp. 18A13
0.00	37	97	19	 Enterobacter sp. N18-03635
0.00	29	111	61	 Enterobacter sp. JBIWA008
0.00	29	75	59	 Enterobacter sp. R4-368
0.00	24	63	47	 Enterobacter sp. RHB15-C17
0.00	24	63	37	 Enterobacter sp. SGAir0187
0.00	20	60	17	 Enterobacter sp. YSU
0.00	19	56	31	 Enterobacter sp. JBIWA003
0.00	18	61	23	 Enterobacter sp. JBIWA005
0.00	16	39	25	 Enterobacter sp. SES19
0.00	8	15	10	 Enterobacter sp. E20
0.00	6	18	9	 Enterobacter sp. DNB-S2
0.00	5	112	6	 Enterobacter sp. Crenshaw
0.00	4	11	6	 Enterobacter sp. HK169
0.00	3	8	8	 Enterobacter sp. RHBSTW-00422
0.00	3	7	6	 Enterobacter sp. RHBSTW-00975
0.00	2	7	5	 Enterobacter sp. DSM 30060
0.00	2	7	4	 Enterobacter sp. ODB01
0.00	1	8	8	 Enterobacter sp. LU1
0.00	156	426	199	 Enterobacter oligotrophicus
0.00	95	246	118	 Enterobacter bugandensis
0.00	58	168	101	 Enterobacter soli
0.00	30	104	64	 Enterobacter mori
0.03	5172	34545	1216	 Citrobacter freundii
0.00	291	1028	52	 Citrobacter youngae
0.00	151	439	131	 Citrobacter werkmanii
0.00	129	410	131	 Citrobacter portucalensis
0.00	59	195	77	 Citrobacter freundii complex sp. CFNIH2
0.00	10	44	24	 Citrobacter freundii complex sp. CFNIH9
0.00	6	28	11	 Citrobacter sp. MGH103
0.00	3	14	6	 Citrobacter sp. BIDMC107
0.00	1	1	1	 Citrobacter sp. ABFQG
0.00	58	170	82	 Citrobacter braakii
0.00	38	103	59	 Citrobacter sedlakii
0.00	368	980	549	 Citrobacter sp. RHB25-C09
0.00	295	855	548	 Citrobacter sp. R56
0.00	70	168	14	 Citrobacter sp. Colony219
0.00	70	163	11	 Citrobacter sp. TSA-1
0.00	60	324	8	 Citrobacter sp. RHBSTW-01044
0.00	57	166	71	 Citrobacter sp. BDA59-3
0.00	22	67	35	 Citrobacter sp. FDAARGOS_156
0.00	18	53	38	 Citrobacter sp. MGH 55
0.00	15	69	9	 Citrobacter sp. RHBSTW-00986
0.00	13	23	11	 Citrobacter sp. RHBSTW-00881
0.00	13	28	14	 Citrobacter sp. RHB35-C21
0.00	10	19	15	 Citrobacter sp. RHB35-C17
0.00	9	19	8	 Citrobacter sp. B72
0.00	8	17	11	 Citrobacter sp. RHBSTW-00524
0.00	8	32	20	 Citrobacter sp. CFNIH10
0.00	7	18	14	 Citrobacter sp. LUTT5
0.00	7	23	10	 Citrobacter sp. Colony322
0.00	5	20	16	 Citrobacter sp. CRE-46
0.00	5	26	9	 Citrobacter sp. RHBSTW-00887
0.00	5	25	4	 Citrobacter sp. CF971
0.00	4	12	11	 Citrobacter sp. 172116965
0.00	4	9	1	 Citrobacter sp. RHBSTW-00535
0.00	4	18	10	 Citrobacter sp. RHB36-C18
0.00	3	8	6	 Citrobacter sp. RHBSTW-00570
0.00	2	52	13	 Citrobacter sp. TBCP-5362
0.00	2	2	1	 Citrobacter sp. RHBSTW-00678
0.00	2	22	9	 Citrobacter sp. RHBSTW-00599
0.00	2	4	1	 Citrobacter sp. RHB20-C15
0.00	1	5	5	 Citrobacter sp. Colony475
0.00	1	2	2	 Citrobacter sp. RHBSTW-00696
0.00	1	9	8	 Citrobacter sp. RHBSTW-01013
0.00	1	1	1	 Citrobacter sp. RHBSTW-00127
0.00	1	5	1	 Citrobacter sp. RHBSTW-00424
0.00	1	12	5	 Citrobacter sp. Y3
0.00	1	3	3	 Citrobacter sp. RHBSTW-00017
0.00	1	1	1	 Citrobacter sp. RHBSTW-00053
0.00	1	1	1	 Citrobacter sp. RHBSTW-00137
0.00	589	8736	400	 Citrobacter amalonaticus
0.00	501	1255	650	 Citrobacter rodentium
0.00	226	654	412	 Citrobacter farmeri
0.00	132	435	296	 Citrobacter tructae
0.00	125	402	237	 Citrobacter koseri
0.00	121	362	195	 Citrobacter telavivensis
0.00	110	610	136	 Citrobacter cronae
0.00	103	265	144	 Citrobacter arsenatis
0.00	99	280	177	 Citrobacter pasteurii
0.06	9574	45142	4640	 Salmonella enterica
0.00	435	1198	610	 Salmonella bongori
0.00	5	21	5	 Salmonella sp. A7
0.00	4	8	7	 Salmonella sp. SSDFZ54
0.00	3	6	5	 Salmonella sp. SSDFZ69
0.00	2	5	4	 Salmonella sp. SJTUF14152
0.00	2	4	4	 Salmonella sp. SJTUF14154
0.00	1	3	1	 Salmonella sp.
0.03	4242	5557	473	 [Enterobacter] lignolyticus
0.00	331	979	423	 Pluralibacter gergoviae
0.01	1362	1879	180	 Candidatus Symbiopectobacterium sp. SyEd1
0.00	637	5403	82	 Candidatus Doolittlea endobia
0.00	279	2540	33	 Candidatus Hamiltonella defensa
0.00	71	329	15	 secondary endosymbiont of Heteropsylla cubana
0.00	52	92	62	 secondary endosymbiont of Ctenarytaina eucalypti
0.00	124	691	28	 Candidatus Gullanella endobia
0.00	82	185	44	 Candidatus Hoaglandella endobia
0.00	31	62	5	 Blochmannia endosymbiont of Colobopsis nipponica
0.00	2	4	3	 Blochmannia endosymbiont of Camponotus (Colobopsis) obliquus
0.00	26	95	1	 Candidatus Blochmannia vafer
0.00	1	3	3	 Candidatus Blochmannia chromaiodes
0.00	53	185	5	 Candidatus Mikella endobia
0.00	21	28	8	 secondary endosymbiont of Trabutina mannipara
0.00	5	7	5	 Candidatus Tachikawaea gelatinosa
0.01	967	4857	2061	 Shigella dysenteriae
0.01	867	3369	1772	 Shigella flexneri
0.00	577	2767	1525	 Shigella boydii
0.00	5	14	12	 Shigella sonnei
0.00	1	4	3	 Shigella sp. PAMC 28760
0.00	247	797	243	 Kosakonia arachidis
0.00	130	387	166	 Kosakonia sp. SMBL-WEM22
0.00	62	163	100	 Kosakonia sp. MUSA4
0.00	41	120	90	 Kosakonia sp. CCTCC M2018092
0.00	153	429	260	 Kosakonia sacchari
0.00	123	356	237	 Kosakonia cowanii
0.00	93	264	148	 Kosakonia radicincitans
0.00	74	203	137	 Kosakonia pseudosacchari
0.00	73	194	115	 Kosakonia oryzae
0.00	149	488	300	 Leclercia sp. 4-9-1-25
0.00	76	220	145	 Leclercia sp. 29361
0.00	27	83	50	 Leclercia sp. J807
0.00	22	52	34	 Leclercia sp. Colony189
0.00	18	62	39	 Leclercia sp. W6
0.00	16	49	34	 Leclercia sp. 119287
0.00	15	55	34	 Leclercia sp. W17
0.00	6	27	17	 Leclercia sp. LSNIH1
0.00	2	11	6	 Leclercia sp. LSNIH3
0.00	207	844	315	 Leclercia adecarboxylata
0.00	740	14489	345	 Cronobacter sakazakii
0.00	140	393	221	 Cronobacter condimenti
0.00	96	222	140	 Cronobacter dublinensis
0.00	54	153	90	 Cronobacter universalis
0.00	48	112	63	 Cronobacter malonaticus
0.00	31	59	32	 Cronobacter muytjensii
0.00	12	28	21	 Cronobacter sp. JZ38
0.01	1300	3036	303	 Jejubacter calystegiae
0.01	1015	2058	430	 Kluyvera intermedia
0.00	36	104	59	 Kluyvera sp. CRP
0.00	23	69	43	 Kluyvera genomosp. 3
0.00	21	71	38	 Kluyvera ascorbata
0.00	421	697	151	 Raoultella ornithinolytica
0.00	85	441	198	 Raoultella planticola
0.00	54	126	58	 Raoultella terrigena
0.00	25	109	64	 Raoultella electrica
0.00	21	67	5	 Raoultella sp. XY-1
0.00	4	7	4	 Raoultella sp. X13
0.00	690	4099	429	 Yokenella regensburgei
0.00	324	814	475	 Cedecea neteri
0.00	134	383	179	 Cedecea sp. FDAARGOS_727
0.00	76	239	145	 Cedecea lapagei
0.00	509	1153	13	 Candidatus Ishikawaella capsulata
0.00	508	6545	45	 Candidatus Profftia tarda
0.00	215	632	232	 Buttiauxella agrestis
0.00	181	425	232	 Buttiauxella sp. 3AFRM03
0.00	313	1012	561	 Lelliottia amnigena
0.00	21	75	60	 Lelliottia sp. WB101
0.00	302	3520	186	 Pseudescherichia vulneris
0.00	263	704	38	 Candidatus Moranella endobia
0.00	227	704	381	 Scandinavium goeteborgense
0.00	213	629	352	 Atlantibacter hermannii
0.00	207	702	350	 Shimwellia blattae
0.00	177	504	266	 Phytobacter ursingii
0.00	11	21	17	 Phytobacter sp. SCO41
0.00	7	28	21	 Phytobacter diazotrophicus
0.00	18	27	1	 Enterobacteriaceae endosymbiont of Donacia sparganii
0.00	2	8	1	 Enterobacteriaceae endosymbiont of Donacia bicoloricornis
0.00	1	1	1	 Enterobacteriaceae endosymbiont of Plateumaris sericea
0.00	15	39	20	 Metakosakonia sp. MRY16-398
0.00	11	23	2	 Candidatus Riesia pediculischaeffi
0.00	1	1	1	 Candidatus Riesia pediculicola
0.00	3	10	5	 Candidatus Schneideria nysicola
0.01	814	23022	276	 Providencia rettgeri
0.00	34	158	30	 Providencia sneebia
0.00	9	196	93	 Providencia alcalifaciens
0.00	5	107	51	 Providencia heimbachae
0.00	2	40	27	 Providencia vermicola
0.00	1	112	45	 Providencia sp. R33
0.00	736	5916	97	 Proteus vulgaris
0.00	446	587	6	 Proteus columbae
0.00	16	87	30	 Proteus hauseri
0.00	6	246	83	 Proteus mirabilis
0.00	1	31	22	 Proteus penneri
0.00	187	1291	39	 Arsenophonus endosymbiont of Aleurodicus dispersus
0.00	161	2767	37	 Arsenophonus endosymbiont of Aphis craccivora
0.00	97	3935	14	 Arsenophonus endosymbiont of Apis mellifera
0.00	366	2317	11	 Candidatus Arsenophonus lipoptenae
0.00	213	500	15	 Arsenophonus nasoniae
0.00	171	9139	76	 Photorhabdus asymbiotica
0.00	22	129	46	 Photorhabdus laumondii
0.00	5	109	72	 Photorhabdus akhurstii
0.00	2	105	69	 Photorhabdus thracensis
0.00	761	6400	421	 Morganella morganii
0.00	148	1685	54	 Xenorhabdus hominickii
0.00	134	1011	92	 Xenorhabdus doucetiae
0.00	109	332	114	 Xenorhabdus bovienii
0.00	14	175	66	 Xenorhabdus budapestensis
0.00	3	96	60	 Xenorhabdus nematophila
0.01	1037	29301	342	 Serratia symbiotica
0.00	66	3917	256	 Serratia marcescens
0.00	17	74	24	 Serratia sp. FDAARGOS_506
0.00	5	209	133	 Serratia sp. ATCC 39006
0.00	1	26	23	 Serratia sp. FGI94
0.00	1	4	4	 Serratia sp. P2ACOL2
0.00	10	123	40	 Serratia quinivorans
0.00	7	306	134	 Serratia grimesii
0.00	3	278	145	 Serratia plymuthica
0.00	2	152	91	 Serratia fonticola
0.00	2	123	87	 Serratia proteamaculans
0.00	2	447	94	 Serratia odorifera
0.00	1	101	69	 Serratia rubidaea
0.00	1	88	54	 Serratia liquefaciens
0.00	441	6664	135	 Yersinia ruckeri
0.00	135	149	7	 Yersinia hibernica
0.00	55	279	37	 Yersinia pseudotuberculosis
0.00	3	18	13	 Yersinia pestis
0.00	24	604	71	 Yersinia rohdei
0.00	4	250	140	 Yersinia enterocolitica
0.00	4	196	102	 Yersinia entomophaga
0.00	2	75	46	 Yersinia frederiksenii
0.00	2	83	58	 Yersinia mollaretii
0.00	1	204	85	 Yersinia aldovae
0.00	548	2679	112	 Candidatus Fukatsuia symbiotica
0.00	532	4828	163	 Chania multitudinisentens
0.00	339	4492	139	 Rouxiella badensis
0.00	154	4630	154	 Gibbsiella quercinecans
0.00	3	158	104	 Rahnella aquatilis
0.00	1	213	109	 Rahnella inusitata
0.00	4	400	171	 Nissabacter sp. SGAir0207
0.00	2	204	110	 Ewingella americana
0.00	346	5410	140	 Candidatus Erwinia haradaeae
0.00	181	1520	139	 Erwinia sp. E602
0.00	21	294	137	 Erwinia sp. J780
0.00	5	55	24	 Erwinia sp. Ejp617
0.00	71	480	186	 Erwinia gerundensis
0.00	23	233	129	 Erwinia amylovora
0.00	5	232	143	 Erwinia tasmaniensis
0.00	4	251	127	 Erwinia rhapontici
0.00	3	210	108	 Erwinia persicina
0.00	631	2593	338	 Pantoea agglomerans
0.00	393	7186	166	 Pantoea stewartii
0.00	228	769	209	 Pantoea vagans
0.00	219	988	165	 Pantoea alhagi
0.00	153	1848	196	 Pantoea ananatis
0.00	50	111	34	 Candidatus Pantoea carbekii
0.00	7	357	165	 Pantoea sp. 201603H
0.00	4	223	118	 Pantoea sp. MSR2
0.00	3	440	136	 Pantoea sp. SO10
0.00	2	246	136	 Pantoea sp. CCBC3-3-1
0.00	5	255	133	 Pantoea cypripedii
0.00	1	590	322	 Pantoea dispersa
0.00	273	935	120	 Mixta intestinalis
0.00	246	795	96	 Mixta gaviniae
0.00	1	199	110	 Mixta calida
0.00	1	256	118	 Mixta theicola
0.00	194	4456	110	 Tatumella sp. TA1
0.00	21	270	135	 Tatumella citrea
0.00	10	424	120	 Tatumella ptyseos
0.00	46	389	77	 Buchnera aphidicola
0.00	3	139	67	 Pectobacterium parmentieri
0.00	3	173	97	 Pectobacterium polaris
0.00	1	290	132	 Pectobacterium carotovorum
0.00	1	208	101	 Pectobacterium brasiliense
0.00	1	23	12	 Pectobacterium aroidearum
0.00	1	112	63	 Pectobacterium punjabense
0.00	1	87	50	 Pectobacterium sp. LJ1
0.00	342	1859	94	 Dickeya poaceiphila
0.00	176	1175	148	 Dickeya chrysanthemi
0.00	13	402	147	 Dickeya paradisiaca
0.00	13	627	330	 Dickeya zeae
0.00	7	309	115	 Dickeya dadantii
0.00	3	148	96	 Dickeya dianthicola
0.00	2	35	22	 Dickeya sp. NCPPB 3274
0.00	1	64	36	 Dickeya solani
0.00	286	1744	79	 Lonsdalea britannica
0.00	1	242	116	 Lonsdalea populi
0.00	97	483	102	 Brenneria goodwinii
0.00	44	2449	104	 Brenneria izadpanahii
0.00	5	444	184	 Brenneria rubrifaciens
0.01	1209	5403	77	 Edwardsiella ictaluri
0.00	53	492	147	 Edwardsiella tarda
0.00	3	134	84	 Edwardsiella hoshinae
0.00	1	6	5	 Edwardsiella piscicida
0.00	69	548	35	 Obesumbacterium proteus
0.00	1	157	94	 Hafnia alvei
0.00	438	7528	144	 Sodalis sp. dw_23
0.00	362	2494	60	 Sodalis endosymbiont of Henestaris halophilus
0.00	88	1632	53	 Candidatus Sodalis pierantonius
0.00	14	120	39	 Sodalis praecaptivus
0.01	885	7770	160	 Leminorella richardii
0.00	31	185	76	 Pragia fontium
0.00	3	113	76	 Jinshanibacter zhutongyuii
0.00	1	77	58	 Limnobaculum parvum
0.01	809	18824	169	 Plesiomonas shigelloides
0.06	9546	814453	32	 Rheinheimera sp. F8
0.00	15	1157	6	 Marichromatium purpuratum
0.00	1	12	10	 Candidatus Thiodictyon syntrophicum
0.00	1	13	4	 Allochromatium tepidum
0.00	2	25	8	 Thioalkalivibrio sp. K90mix
0.00	2	19	7	 Acidihalobacter yilgarnenesis
0.00	1	12	9	 Ectothiorhodospira haloalkaliphila
0.00	1	36	12	 Spiribacter salinus
0.01	2389	98287	24751	 Acinetobacter junii
0.00	167	4400	460	 Acinetobacter haemolyticus
0.00	118	1253	421	 Acinetobacter baumannii
0.00	12	342	115	 Acinetobacter pittii
0.00	5	35	20	 Acinetobacter seifertii
0.00	2	22	10	 Acinetobacter calcoaceticus
0.00	35	211	16	 Acinetobacter sp. SWBY1
0.00	29	213	93	 Acinetobacter sp. WCHA45
0.00	26	65	4	 Acinetobacter sp. ACNIH2
0.00	15	266	101	 Acinetobacter sp. MYb10
0.00	7	149	32	 Acinetobacter sp. Ac-14
0.00	5	36	14	 Acinetobacter sp. YH12138
0.00	5	190	39	 Acinetobacter sp. NEB 394
0.00	4	72	14	 Acinetobacter sp. 10FS3-1
0.00	2	33	7	 Acinetobacter sp. TGL-Y2
0.00	2	12	9	 Acinetobacter sp. TTH0-4
0.00	2	24	20	 Acinetobacter sp. LoGeW2-3
0.00	1	7	7	 Acinetobacter sp. M131
0.00	1	32	15	 Acinetobacter sp. CS-2
0.00	1	16	12	 Acinetobacter sp. WCHAc010034
0.00	1	34	16	 Acinetobacter sp. Marseille-Q1620
0.00	47	749	161	 Acinetobacter johnsonii
0.00	29	306	93	 Acinetobacter wuhouensis
0.00	28	507	116	 Acinetobacter venetianus
0.00	24	118	8	 Acinetobacter septicus
0.00	24	234	77	 Acinetobacter lwoffii
0.00	19	125	53	 Acinetobacter indicus
0.00	18	394	117	 Acinetobacter guillouiae
0.00	14	429	102	 Acinetobacter soli
0.00	12	118	59	 Acinetobacter towneri
0.00	12	172	45	 Acinetobacter schindleri
0.00	9	74	41	 Acinetobacter ursingii
0.00	5	159	125	 Acinetobacter radioresistens
0.00	4	24	8	 Acinetobacter baylyi
0.00	3	14	4	 Acinetobacter bereziniae
0.00	3	34	16	 Acinetobacter larvae
0.00	3	32	24	 Acinetobacter defluvii
0.00	2	17	12	 Acinetobacter variabilis
0.00	2	15	9	 Acinetobacter cumulans
0.00	2	27	15	 Acinetobacter pseudolwoffii
0.00	2	16	11	 Acinetobacter piscicola
0.00	1	21	16	 Acinetobacter gyllenbergii
0.00	1	3	3	 Acinetobacter oleivorans
0.01	1337	53005	15334	 Moraxella osloensis
0.00	5	76	8	 Moraxella bovoculi
0.00	4	99	52	 Psychrobacter sp. P11F6
0.00	1	22	15	 Psychrobacter sp. DAB_AL62B
0.00	1	180	5	 Psychrobacter sp. 28M-43
0.01	1230	1863	26	 Pseudomonas tolaasii
0.00	7	159	107	 Pseudomonas fluorescens
0.00	6	125	64	 Pseudomonas azotoformans
0.00	1	6	3	 Pseudomonas veronii
0.00	1	19	15	 Pseudomonas protegens
0.00	1	19	9	 Pseudomonas corrugata
0.00	387	12433	5171	 Pseudomonas stutzeri
0.00	3	52	25	 Pseudomonas balearica
0.00	51	748	245	 Pseudomonas aeruginosa
0.00	4	52	26	 Pseudomonas alcaligenes
0.00	2	72	19	 Pseudomonas mendocina
0.00	1	10	7	 Pseudomonas resinovorans
0.00	1	10	8	 Pseudomonas oleovorans
0.00	6	82	51	 Pseudomonas sp. OE 28.3
0.00	6	39	12	 Pseudomonas sp. AN-B15
0.00	5	53	12	 Pseudomonas sp. AO-1
0.00	4	56	6	 Pseudomonas sp. Leaf58
0.00	3	17	7	 Pseudomonas sp. phDV1
0.00	2	6	2	 Pseudomonas sp. 15A4
0.00	2	27	16	 Pseudomonas sp. THAF7b
0.00	2	2	1	 Pseudomonas sp. R11-23-07
0.00	1	5	3	 Pseudomonas sp. PP3
0.00	1	5	4	 Pseudomonas sp. SCA2728.1_7
0.00	1	14	7	 Pseudomonas sp. C27(2019)
0.00	1	10	5	 Pseudomonas sp. ABC1
0.00	1	20	9	 Pseudomonas sp. StFLB209
0.00	1	17	11	 Pseudomonas sp. B11D7D
0.00	1	12	4	 Pseudomonas sp. S35
0.00	1	8	6	 Pseudomonas sp. URMO17WK12:I11
0.00	1	16	14	 Pseudomonas sp. HLS-6
0.00	1	3	2	 Pseudomonas sp. DR208
0.00	1	11	4	 Pseudomonas sp. LAB-08
0.00	1	10	7	 Pseudomonas sp. LG1E9
0.00	1	23	13	 Pseudomonas sp. M30-35
0.00	15	491	251	 Pseudomonas putida
0.00	3	74	32	 Pseudomonas oryzihabitans
0.00	1	20	8	 Pseudomonas fulva
0.00	1	2	2	 Pseudomonas mosselii
0.00	12	314	121	 Pseudomonas fragi
0.00	2	15	8	 Pseudomonas lundensis
0.00	10	170	46	 Pseudomonas alcaliphila
0.00	5	42	10	 Pseudomonas muyukensis
0.00	2	10	6	 Pseudomonas psychrophila
0.00	2	22	11	 Pseudomonas lalkuanensis
0.00	2	8	5	 Pseudomonas xanthosomae
0.00	2	23	11	 Pseudomonas pohangensis
0.00	2	115	52	 Pseudomonas moraviensis
0.00	1	38	10	 Pseudomonas sediminis
0.00	1	30	16	 Pseudomonas qingdaonensis
0.00	1	13	11	 Pseudomonas guangdongensis
0.00	1	7	5	 Pseudomonas vanderleydeniana
0.00	1	7	5	 Pseudomonas arsenicoxydans
0.00	1	61	15	 Pseudomonas marincola
0.00	1	8	5	 Pseudomonas extremaustralis
0.00	1	19	14	 Pseudomonas simiae
0.00	1	32	12	 Pseudomonas taetrolens
0.00	1	13	9	 Pseudomonas koreensis
0.00	1	10	8	 Pseudomonas umsongensis
0.00	1	26	22	 Pseudomonas syringae
0.00	1	12	8	 Pseudomonas palleroniana
0.00	1	7	5	 Pseudomonas parafulva
0.00	46	406	26	 Permianibacter aggregans
0.00	28	68	11	 Entomomonas moraniae
0.00	2	14	8	 Azotobacter vinelandii
0.00	1	1	1	 Azotobacter salinestris
0.00	264	3528	12	 Idiomarina andamanensis
0.00	4	76	25	 Idiomarina sp. OT37-5b
0.00	1	14	9	 Idiomarina piscisalsi
0.01	886	5541	10	 Psychromonas sp. CNPT3
0.00	24	52	15	 Psychromonas ingrahamii
0.00	111	499	5	 Psychrosphaera aestuarii
0.00	3	10	3	 Pseudoalteromonas arabiensis
0.00	1	41	19	 Pseudoalteromonas luteoviolacea
0.00	1	11	8	 Pseudoalteromonas tunicata
0.00	1	16	8	 Pseudoalteromonas prydzensis
0.00	6	32	10	 Flocculibacter collagenilyticus
0.00	24	81	11	 Shewanella sp. FJAT-53870
0.00	1	1	1	 Shewanella sp. Pdp11
0.00	9	42	16	 Shewanella baltica
0.00	2	58	38	 Shewanella putrefaciens
0.00	1	7	5	 Shewanella loihica
0.00	1	9	6	 Shewanella inventionis
0.00	31	428	47	 Ferrimonas balearica
0.00	15	154	41	 Ferrimonas lipolytica
0.00	14	427	28	 Lacimicrobium alkaliphilum
0.00	7	11	4	 Alteromonas australica
0.00	1	43	9	 Alteromonas mediterranea
0.00	1	21	8	 Alteromonas sp. BL110
0.00	2	25	14	 Marinobacter sp. LV10R510-11A
0.00	1	5	3	 Glaciecola amylolytica
0.00	5	24	9	 Colwellia sp. PAMC 21821
0.00	1	55	9	 Colwellia sp. Arc7-635
0.00	1	11	3	 Moritella sp. 24
0.00	637	1081	8	 Pseudohongiella spirulinae
0.00	55	205	3	 Bathymodiolus thermophilus thioautotrophic gill symbiont
0.00	1	1	1	 endosymbiont of Pachyrhynchus infernalis
0.00	1	37	25	 Celerinatantimonas diazotrophica
0.00	1	1	1	 Candidatus Pseudothioglobus singularis
0.00	359	2841	41	 Orbus sp. IPMB12
0.00	7	197	14	 Frischella perrara
0.00	2	20	13	 Gilliamella apicola
0.00	143	5410	34	 Gallibacterium anatis
0.00	39	636	49	 Pasteurella multocida
0.00	1	73	9	 Pasteurella canis
0.00	14	387	20	 Haemophilus influenzae
0.00	5	115	66	 Haemophilus parainfluenzae
0.00	3	57	32	 Haemophilus haemolyticus
0.00	3	35	17	 Haemophilus parahaemolyticus
0.00	3	31	19	 Haemophilus pittmaniae
0.00	11	30	9	 Actinobacillus pleuropneumoniae
0.00	5	24	10	 Actinobacillus porcitonsillarum
0.00	1	29	25	 Actinobacillus sp. GY-402
0.00	2	41	26	 Aggregatibacter actinomycetemcomitans
0.00	1	27	12	 Aggregatibacter sp. oral taxon 513
0.00	2	12	11	 Rodentibacter heylii
0.00	206	527	9	 Xanthomonas euvesicatoria
0.00	81	142	15	 Xanthomonas campestris
0.00	5	32	7	 Xanthomonas oryzae
0.00	4	13	6	 Xanthomonas translucens
0.00	2	24	5	 Xanthomonas axonopodis
0.00	1	313	8	 Xanthomonas fragariae
0.00	1	9	6	 Xanthomonas hortorum
0.00	54	547	215	 Stenotrophomonas maltophilia
0.00	1	12	4	 Stenotrophomonas sp. YAU14A_MKIMI4_1
0.00	4	52	32	 Stenotrophomonas acidaminiphila
0.00	2	4	1	 Stenotrophomonas sp. 364
0.00	31	82	9	 Lysobacter sp. TY2-98
0.00	2	11	6	 Lysobacter antibioticus
0.00	2	15	7	 Lysobacter gummosus
0.00	1	19	8	 Lysobacter capsici
0.00	1	2	1	 Lysobacter alkalisoli
0.00	1	7	5	 Lysobacter arenosi
0.00	1	7	6	 Lysobacter solisilvae (ex Woo and Kim 2020)
0.00	14	86	30	 Pseudoxanthomonas mexicana
0.00	2	37	10	 Pseudoxanthomonas suwonensis
0.00	1	13	5	 Pseudoxanthomonas spadix
0.00	3	31	16	 Xylella fastidiosa
0.00	1	5	4	 Xylella taiwanensis
0.00	2	7	4	 Luteimonas granuli
0.00	2	6	3	 Luteimonas chenhongjianii
0.00	2	9	6	 Thermomonas sp. SY21
0.00	1	5	3	 Thermomonas carbonis
0.00	1	10	10	 Rhodanobacter glycinis
0.00	1	23	23	 Rhodanobacter sp. FDAARGOS 1247
0.00	1	20	6	 Frateuria aurantia
0.00	1	4	3	 Aerosticca soli
0.00	6	31	10	 Marinomonas posidonica
0.00	2	22	11	 Neptunomonas japonica
0.00	2	147	75	 Halomonas sp. KO116
0.00	2	22	7	 Halomonas sp. MCCC 1A13316
0.00	1	57	26	 Halomonas meridiana
0.00	11	57	10	 Halotalea alkalilenta
0.00	1	21	14	 Kushneria phosphatilytica
0.00	6	29	11	 Oleiphilus messinensis
0.00	1	36	8	 Alcanivorax dieselolei
0.00	1	16	8	 Alcanivorax xenomutans
0.00	1	22	14	 Alcanivorax pacificus
0.00	63	194	20	 Vibrio anguillarum
0.00	52	170	58	 Vibrio parahaemolyticus
0.00	2	11	6	 Vibrio jasicida
0.00	1	11	11	 Vibrio owensii
0.00	11	100	51	 Vibrio fluvialis
0.00	10	938	48	 Vibrio vulnificus
0.00	5	114	49	 Vibrio cholerae
0.00	3	116	48	 Vibrio furnissii
0.00	2	60	40	 Vibrio mimicus
0.00	2	18	11	 Vibrio coralliilyticus
0.00	1	18	16	 Vibrio ponticus
0.00	1	30	22	 Vibrio ziniensis
0.00	1	28	19	 Vibrio spartinae
0.00	1	15	12	 Vibrio alfacsensis
0.00	1	14	13	 Vibrio breoganii
0.00	1	20	14	 Vibrio penaeicida
0.00	1	27	19	 Vibrio scophthalmi
0.00	1	64	35	 Vibrio navarrensis
0.00	95	1090	46	 Salinivibrio kushneri
0.00	2	87	15	 Candidatus Enterovibrio luxaltus
0.00	1	56	30	 Photobacterium ganghwense
0.00	1	6	5	 Aliivibrio salmonicida
0.00	1	13	8	 Paraphotobacterium marinum
0.00	110	186	25	 Aeromonas simiae
0.00	4	354	1	 Aeromonas sp. FDAARGOS 1418
0.00	2	34	11	 Aeromonas sp. CU5
0.00	1	3	1	 Aeromonas sp. ASNIH2
0.00	1	10	2	 Aeromonas sp. ASNIH3
0.00	76	905	15	 Oceanisphaera avium
0.00	1	378	30	 Oceanisphaera profunda
0.00	2	51	29	 Zobellella denitrificans
0.00	1	73	39	 Dongshaea marina
0.00	9	32	2	 Francisella halioticida
0.00	1	2	2	 Allofrancisella guangzhouensis
0.00	1	12	4	 Methylophaga frappieri
0.00	3	6	3	 Legionella hackeliae
0.00	2	9	5	 Legionella waltersii
0.00	1	2	1	 Legionella sp. PC997
0.00	1	12	4	 Legionella lansingensis
0.00	1	19	7	 Legionella spiritensis
0.00	3	7	3	 Aquicella lusitana
0.00	1	5	3	 Coxiella endosymbiont of Amblyomma nuttalli
0.00	2	59	31	 Cellvibrio sp. KY-GH-1
0.00	1	31	13	 Agarilytica rhodophyticola
0.00	1	11	7	 Congregibacter litoralis
0.00	1	33	12	 Aequoribacter fuscus
0.00	1	18	7	 Microbulbifer sp. A4B17
0.00	1	16	7	 Microbulbifer sp. THAF38
0.00	1	13	5	 Microbulbifer thermotolerans
0.00	1	119	15	 Spongiibacter sp. CSC3.9
0.00	1	18	6	 Zhongshania aliphaticivorans
0.00	3	14	4	 Methylocaldum marinum
0.00	2	11	8	 Methylococcus sp. IM1
0.00	2	3	2	 Methylomonas sp. DH-1
0.00	1	11	9	 Methylogaea oryzae
0.00	3	14	6	 Acidiferrobacter sp. SPIII_3
0.00	1	5	4	 Sulfurifustis variabilis
0.00	1	27	2	 Sulfuricaulis limicola
0.00	1	43	17	 Cardiobacterium hominis
0.00	1	11	7	 endosymbiont of unidentified scaly snail isolate Monju
0.00	319	1942	586	 Acidovorax sp. 1608163
0.00	124	2403	585	 Acidovorax sp. KKS102
0.00	89	518	101	 Acidovorax sp. RAC01
0.00	42	271	100	 Acidovorax sp. JMULE5
0.00	20	133	50	 Acidovorax sp. T1
0.00	5	126	49	 Acidovorax sp. JS42
0.00	4	20	8	 Acidovorax sp. HDW3
0.00	28	412	229	 Acidovorax carolinensis
0.00	26	79	16	 Acidovorax antarcticus
0.00	7	39	10	 Acidovorax cattleyae
0.00	7	83	33	 Acidovorax monticola
0.00	6	117	28	 Acidovorax avenae
0.00	1	19	8	 Acidovorax citrulli
0.00	204	3110	1145	 Delftia acidovorans
0.00	15	148	77	 Delftia tsuruhatensis
0.00	13	297	106	 Delftia lacustris
0.00	6	29	19	 Delftia sp. HK171
0.00	42	1341	210	 Comamonas aquatica
0.00	30	629	284	 Comamonas thiooxydans
0.00	25	276	146	 Comamonas testosteroni
0.00	4	22	8	 Comamonas sp. Y33R10-2
0.00	2	15	6	 Comamonas sp. NLF-7-7
0.00	2	45	19	 Comamonas sp. CJ34
0.00	2	29	12	 Comamonas sp. NLF-1-9
0.00	9	54	24	 Comamonas kerstersii
0.00	7	29	10	 Comamonas serinivorans
0.00	5	67	17	 Comamonas koreensis
0.00	4	45	7	 Comamonas piscis
0.00	21	188	64	 Diaphorobacter sp. JS3051
0.00	8	154	59	 Diaphorobacter sp. JS3050
0.00	7	92	29	 Diaphorobacter sp. MNS-0
0.00	4	27	11	 Diaphorobacter sp. HDW4B
0.00	16	207	87	 Diaphorobacter aerolatus
0.00	14	331	105	 Diaphorobacter polyhydroxybutyrativorans
0.00	1	14	7	 Diaphorobacter ruginosibacter
0.00	24	54	8	 Variovorax sp. PAMC 28711
0.00	6	37	13	 Variovorax sp. WDL1
0.00	3	16	10	 Variovorax sp. PBL-H6
0.00	3	57	26	 Variovorax sp. PAMC26660
0.00	2	8	4	 Variovorax sp. PBS-H4
0.00	2	48	6	 Variovorax sp. PBL-E5
0.00	2	69	4	 Variovorax sp. PAMC28562
0.00	2	8	4	 Variovorax sp. RKNM96
0.00	1	5	3	 Variovorax sp. SRS16
0.00	1	6	5	 Variovorax sp. 38R
0.00	1	22	11	 Variovorax sp. HW608
0.00	3	8	3	 Variovorax boronicumulans
0.00	2	56	19	 Variovorax paradoxus
0.00	51	847	266	 Alicycliphilus denitrificans
0.00	12	48	12	 Hydrogenophaga sp. PBC
0.00	7	18	9	 Hydrogenophaga sp. YM1
0.00	3	28	10	 Hydrogenophaga sp. PBL-H3
0.00	3	16	9	 Hydrogenophaga sp. RAC07
0.00	3	15	9	 Hydrogenophaga sp. PAMC20947
0.00	3	18	12	 Hydrogenophaga sp. BPS33
0.00	2	18	4	 Hydrogenophaga sp. NH-16
0.00	1	66	25	 Hydrogenophaga sp. BA0156
0.00	2	34	23	 Hydrogenophaga pseudoflava
0.00	1	14	11	 Hydrogenophaga crassostreae
0.00	9	72	26	 Rhodoferax saidenbachensis
0.00	3	18	11	 Rhodoferax sp. AJA081-3
0.00	2	16	6	 Rhodoferax sp. BAB1
0.00	2	19	9	 Rhodoferax sp. PAMC29310
0.00	6	33	17	 Rhodoferax antarcticus
0.00	6	48	18	 Rhodoferax sediminis
0.00	18	107	36	 Kinneretia sp. DAIF2
0.00	3	17	12	 Polaromonas sp. JS666
0.00	3	22	10	 Polaromonas naphthalenivorans
0.00	5	84	52	 Ottowia oryzae
0.00	2	44	5	 Ottowia sp. oral taxon 894
0.00	1	24	13	 Ottowia sp. 27C
0.00	6	24	10	 Schlegelella thermodepolymerans
0.00	6	41	16	 Curvibacter sp. AEP1-3
0.00	5	34	21	 Ramlibacter tataouinensis
0.00	3	20	10	 Hylemonella gracilis
0.00	3	46	18	 Simplicispira suum
0.00	2	44	20	 Verminephrobacter eiseniae
0.00	2	38	13	 Melaminivora sp. SC2-9
0.00	2	16	7	 Serpentinomonas raichei
0.00	2	19	10	 Pulveribacter suum
0.00	145	4694	1280	 Paraburkholderia fungorum
0.00	12	32	7	 Paraburkholderia tropica
0.00	4	29	13	 Paraburkholderia aromaticivorans
0.00	2	26	10	 Paraburkholderia sp. Msb3
0.00	1	3	3	 Paraburkholderia sp. PGU19
0.00	3	4	2	 Paraburkholderia sprentiae
0.00	1	23	6	 Paraburkholderia acidisoli
0.00	1	30	29	 Paraburkholderia terricola
0.00	1	5	4	 Paraburkholderia phenoliruptrix
0.00	12	29	10	 Burkholderia multivorans
0.00	5	54	19	 Burkholderia contaminans
0.00	2	10	4	 Burkholderia territorii
0.00	2	11	7	 Burkholderia stabilis
0.00	1	2	1	 Burkholderia anthina
0.00	1	7	5	 Burkholderia ubonensis
0.00	1	8	7	 Burkholderia cenocepacia
0.00	15	90	5	 Burkholderia gladioli
0.00	2	4	1	 Burkholderia sp. DHOD12
0.00	2	66	36	 Burkholderia sp. KK1
0.00	1	5	4	 Burkholderia sp. Bp7605
0.00	1	5	3	 Burkholderia sp. NK8
0.00	1	2	2	 Burkholderia thailandensis
0.00	21	627	303	 Ralstonia pickettii
0.00	6	88	66	 Ralstonia mannitolilytica
0.00	4	60	35	 Ralstonia solanacearum
0.00	3	31	16	 Ralstonia insidiosa
0.00	6	100	38	 Cupriavidus basilensis
0.00	4	25	15	 Cupriavidus metallidurans
0.00	3	21	11	 Cupriavidus taiwanensis
0.00	3	11	7	 Cupriavidus nantongensis
0.00	2	31	13	 Cupriavidus pauculus
0.00	2	71	9	 Cupriavidus oxalaticus
0.00	1	13	9	 Cupriavidus necator
0.00	1	3	3	 Cupriavidus sp. USMAA2-4
0.00	7	63	5	 Caballeronia sp. M1242
0.00	1	15	2	 Caballeronia insecticola
0.00	3	13	10	 Polynucleobacter sp. MWH-CaK5
0.00	1	1	1	 Polynucleobacter sp. AP-Melu-1000-A1
0.00	1	6	3	 Polynucleobacter sp. AM-7D1
0.00	1	9	4	 Polynucleobacter sp. AP-Elch-400A-B2
0.00	1	2	2	 Polynucleobacter asymbioticus
0.00	3	25	10	 Pandoraea fibrosis
0.00	2	16	9	 Pandoraea oxalativorans
0.00	1	9	5	 Pandoraea norimbergensis
0.00	1	22	3	 Pandoraea faecigallinarum
0.00	3	17	8	 Limnobacter sp. SAORIC-580
0.00	1	8	7	 Mycetohabitans rhizoxinica
0.00	41	195	83	 Aquabacterium olei
0.00	10	34	12	 Methylibium petroleiphilum
0.00	14	130	26	 Mitsuaria sp. 7
0.00	9	48	17	 Paucibacter sp. KCTC 42545
0.00	8	166	50	 Sphaerotilus natans
0.00	8	36	12	 Roseateles depolymerans
0.00	6	31	15	 Rubrivivax gelatinosus
0.00	4	33	15	 Rhizobacter gummiphilus
0.00	2	17	7	 Rhizobacter sp. AJA081-3
0.00	5	31	13	 Leptothrix cholodnii
0.00	3	22	11	 Tepidimonas taiwanensis
0.00	1	18	9	 Inhella inkyongensis
0.00	18	71	7	 Massilia flava
0.00	4	35	34	 Massilia sp. NP310
0.00	1	14	8	 Massilia sp. NR 4-1
0.00	1	5	4	 Massilia sp. WG5
0.00	1	25	10	 Massilia sp. PAMC28688
0.00	5	25	13	 Massilia plicata
0.00	3	13	8	 Massilia lutea
0.00	3	13	7	 Massilia umbonata
0.00	2	10	7	 Massilia albidiflava
0.00	2	11	6	 Massilia armeniaca
0.00	1	49	47	 Massilia oculi
0.00	1	12	5	 Massilia violaceinigra
0.00	6	66	16	 Janthinobacterium sp. 1_2014MBL_MicDiv
0.00	4	23	7	 Janthinobacterium sp. PAMC25594
0.00	3	10	4	 Janthinobacterium sp. Marseille
0.00	2	2	1	 Janthinobacterium sp. PLB02
0.00	1	6	3	 Janthinobacterium sp. 17J80-10
0.00	9	16	1	 Janthinobacterium tructae
0.00	1	25	8	 Janthinobacterium agaricidamnosum
0.00	13	40	10	 Duganella sp. GN2-R2
0.00	8	35	13	 Collimonas fungivorans
0.00	2	18	9	 Collimonas pratensis
0.00	1	24	16	 Collimonas arenae
0.00	4	105	85	 Herbaspirillum huttiense
0.00	2	32	20	 Herbaspirillum frisingense
0.00	1	22	21	 Herbaspirillum rubrisubalbicans
0.00	1	15	11	 Noviherbaspirillum sp. UKPF54
0.00	10	237	148	 Alcaligenes faecalis
0.00	3	6	2	 Alcaligenes sp. HO-1
0.00	1	3	3	 Alcaligenes aquatilis
0.00	8	81	46	 Bordetella hinzii
0.00	5	56	38	 Bordetella trematum
0.00	2	8	7	 Bordetella bronchialis
0.00	2	11	7	 Bordetella sp. H567
0.00	2	4	1	 Achromobacter sp.
0.00	2	37	19	 Achromobacter sp. AONIH1
0.00	2	17	5	 Achromobacter sp. MFA1 R4
0.00	1	55	20	 Achromobacter xylosoxidans
0.00	1	18	11	 Achromobacter insolitus
0.00	4	15	6	 Orrella dioscoreae
0.00	6	187	58	 Sutterella wadsworthensis
0.00	1	5	3	 Sutterella megalosphaeroides
0.00	286	5614	12	 Nitrosomonas ureae
0.00	7	377	4	 Nitrosomonas stercoris
0.00	2	15	9	 Nitrosomonas europaea
0.00	241	3009	3	 Gallionella capsiferriformans
0.00	13	138	7	 Ferrigenium kumadai
0.00	17	107	7	 Usitatibacter rugosus
0.00	3	16	8	 Usitatibacter palustris
0.00	12	69	23	 Methyloversatilis sp. RAC08
0.00	4	11	9	 Denitratisoma sp. DHT3
0.00	1	7	4	 Sterolibacterium denitrificans
0.00	2	9	6	 Sulfuritortus calidifontis
0.00	1	8	8	 Thiobacillus denitrificans
0.00	38	58	12	 Azoarcus sp. M9-3-2
0.00	3	12	8	 Azoarcus sp. DD4
0.00	2	13	8	 Azoarcus sp. KH32C
0.00	5	21	10	 Thauera humireducens
0.00	5	20	9	 Thauera sp. K11
0.00	1	7	3	 Thauera aromatica
0.00	6	72	36	 Azospira oryzae
0.00	6	40	10	 Niveibacterium microcysteis
0.00	3	14	10	 Aromatoleum petrolei
0.00	1	22	14	 Oryzomicrobium terrae
0.00	1	22	16	 Dechloromonas sp. TW-R-39-2
0.00	3	6	4	 Neisseria brasiliensis
0.00	2	17	10	 Neisseria subflava
0.00	2	7	4	 Neisseria wadsworthii
0.00	1	12	12	 Neisseria sicca
0.00	1	10	7	 Neisseria weaveri
0.00	1	9	6	 Neisseria gonorrhoeae
0.00	1	9	4	 Neisseria zoodegmatis
0.00	4	29	9	 Vitreoscilla filiformis
0.00	1	10	10	 Chitinolyticbacter meiyuanensis
0.00	1	21	12	 Snodgrassella alvi
0.00	2	33	14	 Vogesella sp. LIG4
0.00	1	3	2	 Chromobacterium phragmitis
0.00	1	9	7	 Aquaspirillum sp. LM1
0.00	1	20	7	 Deefgea sp. D13
0.00	1	4	2	 Casimicrobium huifangae
0.00	209	9552	3681	 Bradyrhizobium sp. BTAi1
0.00	17	737	623	 Bradyrhizobium sp. PSBB068
0.00	2	7	5	 Bradyrhizobium sp. CCBAU 53340
0.00	2	4	2	 Bradyrhizobium sp. CCGE-LA001
0.00	1	41	26	 Bradyrhizobium sp. SK17
0.00	1	5	4	 Bradyrhizobium sp. CCBAU 53421
0.00	1	7	5	 Bradyrhizobium sp. 6(2017)
0.00	1	15	8	 Bradyrhizobium sp. CCBAU 051011
0.00	1	14	9	 Bradyrhizobium sp. ORS 285
0.00	1	4	3	 Bradyrhizobium sp. S2-11-4
0.00	11	30	9	 Bradyrhizobium erythrophlei
0.00	3	6	2	 Bradyrhizobium cosmicum
0.00	1	10	9	 Bradyrhizobium oligotrophicum
0.00	1	5	3	 Bradyrhizobium betae
0.00	1	7	6	 Bradyrhizobium arachidis
0.00	1	1	1	 Bradyrhizobium guangdongense
0.00	8	59	27	 Rhodopseudomonas palustris
0.00	3	9	6	 Afipia carboxidovorans
0.00	1	4	4	 Afipia sp. GAS231
0.00	2	5	4	 Variibacter gotjawalensis
0.00	1	7	5	 Nitrobacter hamburgensis
0.00	85	2724	863	 Mesorhizobium sp. Pch-S
0.00	3	53	13	 Mesorhizobium sp. L-8-10
0.00	2	6	3	 Mesorhizobium sp. L-8-3
0.00	2	6	3	 Mesorhizobium sp. M1D.F.Ca.ET.043.01.1.1
0.00	1	10	5	 Mesorhizobium sp. M8A.F.Ca.ET.057.01.1.1
0.00	1	4	3	 Mesorhizobium sp. L-2-11
0.00	1	5	2	 Mesorhizobium sp. M9A.F.Ca.ET.002.03.1.2
0.00	1	2	2	 Mesorhizobium sp. M4B.F.Ca.ET.058.02.1.1
0.00	5	8	5	 Mesorhizobium oceanicum
0.00	3	21	12	 Phyllobacterium sp. 628
0.00	1	3	3	 Nitratireductor kimnyeongensis
0.00	6	47	5	 Methylobacterium sp. AMS5
0.00	5	6	3	 Methylobacterium sp. WL1
0.00	2	19	14	 Methylobacterium sp. C1
0.00	2	24	6	 Methylobacterium sp. DM1
0.00	13	82	62	 Methylobacterium aquaticum
0.00	9	74	51	 Methylobacterium brachiatum
0.00	5	22	16	 Methylobacterium currus
0.00	1	25	12	 Methylobacterium nodulans
0.00	1	11	6	 Methylobacterium radiodurans
0.00	37	1490	219	 Methylorubrum populi
0.00	1	24	13	 Methylorubrum extorquens
0.00	9	18	3	 Microvirga ossetica
0.00	37	998	87	 Agrobacterium tumefaciens
0.00	1	4	3	 Agrobacterium fabrum
0.00	2	35	11	 Agrobacterium larrymoorei
0.00	1	11	6	 Agrobacterium vitis
0.00	2	48	12	 Rhizobium sp. X9
0.00	1	3	2	 Rhizobium sp. IE4771
0.00	1	5	2	 Rhizobium sp. 11515TR
0.00	1	2	2	 Rhizobium sp. NXC24
0.00	1	2	2	 Rhizobium sp. AB2/73
0.00	5	143	41	 Rhizobium pusense
0.00	2	11	2	 Rhizobium lentis
0.00	1	4	3	 Rhizobium jaguaris
0.00	1	35	27	 Rhizobium leguminosarum
0.00	2	10	4	 Neorhizobium sp. SOG26
0.00	1	21	7	 Neorhizobium galegae
0.00	18	20	4	 Georhizobium profundi
0.00	1	2	1	 Ensifer sp. PDNC004
0.00	3	13	3	 Martelella endophytica
0.00	2	13	4	 Martelella mediterranea
0.00	3	9	3	 Pseudolabrys sp. FHR47
0.00	2	22	4	 Xanthobacter sp. YN2
0.00	1	7	5	 Ancylobacter pratisalsi
0.00	2	9	3	 Devosia sp. G19
0.00	1	8	6	 Devosia sp. A16
0.00	1	3	2	 Devosia sp. I507
0.00	1	5	3	 Maritalea myrionectae
0.00	1	11	7	 Caenibius tardaugens
0.00	1	4	3	 Caenibius sp. WL
0.00	1	27	11	 Hyphomicrobium denitrificans
0.00	1	11	5	 Rhodomicrobium vannielii
0.00	1	11	5	 Aquabacter sp. L1I39
0.00	2	9	5	 Bosea sp. RAC05
0.00	2	26	15	 Bosea sp. ANAM02
0.00	1	3	2	 Stappia sp. ES.058
0.00	3	6	1	 Breoghania sp. L-A4
0.00	1	3	2	 Brucella anthropi
0.00	1	13	4	 Phreatobacter cathodiphilus
0.00	1	7	4	 Phreatobacter stygius
0.00	1	8	2	 Bartonella vinsonii
0.00	1	15	10	 Bartonella apis
0.00	1	1	1	 Lichenihabitans psoromatis
0.00	1	5	4	 Kaustia mangrovi
0.00	146	1932	810	 Sphingobium yanoikuyae
0.00	19	202	58	 Sphingobium sp. PAMC28499
0.00	5	293	57	 Sphingobium sp. YG1
0.00	2	9	6	 Sphingobium sp. TKS
0.00	2	10	5	 Sphingobium sp. SCG-1
0.00	2	32	8	 Sphingobium sp. LF-16
0.00	1	24	22	 Sphingobium sp. YBL2
0.00	1	3	2	 Sphingobium sp. RAC03
0.00	1	16	10	 Sphingobium sp. CAP-1
0.00	10	13	4	 Sphingobium amiense
0.00	4	171	84	 Sphingobium cloacae
0.00	3	10	6	 Sphingobium xenophagum
0.00	1	11	6	 Sphingobium indicum
0.00	29	48	13	 Sphingomonas sp. CL5.1
0.00	23	140	41	 Sphingomonas sp. NBWT7
0.00	6	24	8	 Sphingomonas sp. MM-1
0.00	5	11	6	 Sphingomonas sp. PAMC26645
0.00	5	64	34	 Sphingomonas sp. NIC1
0.00	4	64	31	 Sphingomonas sp. FARSPH
0.00	4	29	9	 Sphingomonas sp. Cra20
0.00	3	8	4	 Sphingomonas sp. HMP9
0.00	3	101	52	 Sphingomonas sp. LM7
0.00	3	14	11	 Sphingomonas sp. AAP5
0.00	3	21	12	 Sphingomonas sp. LK11
0.00	2	7	2	 Sphingomonas sp. LMO-1
0.00	2	9	3	 Sphingomonas sp. XS-10
0.00	1	6	3	 Sphingomonas sp. AP4-R1
0.00	1	3	3	 Sphingomonas sp. IC081
0.00	64	2116	318	 Sphingomonas koreensis
0.00	33	1025	125	 Sphingomonas melonis
0.00	19	52	7	 Sphingomonas wittichii
0.00	6	89	49	 Sphingomonas paucimobilis
0.00	4	108	12	 Sphingomonas alpina
0.00	3	17	7	 Sphingomonas insulae
0.00	1	5	4	 Sphingomonas rhizophila
0.00	1	4	2	 Sphingomonas hengshuiensis
0.00	1	29	6	 Sphingomonas taxi
0.00	1	18	3	 Sphingomonas lutea
0.00	1	18	4	 Sphingomonas sanxanigenens
0.00	21	340	75	 Novosphingobium sp. EMRT-2
0.00	3	17	6	 Novosphingobium sp. P6W
0.00	2	10	7	 Novosphingobium sp. KA1
0.00	1	6	3	 Novosphingobium sp. PP1Y
0.00	1	12	10	 Novosphingobium sp. 502str22
0.00	11	59	18	 Novosphingobium resinovorum
0.00	8	476	124	 Novosphingobium pentaromativorans
0.00	1	6	3	 Novosphingobium ginsenosidimutans
0.00	5	55	38	 Sphingopyxis sp. FD7
0.00	2	39	27	 Sphingopyxis sp. 113P3
0.00	2	13	8	 Sphingopyxis sp. EG6
0.00	1	1	1	 Sphingopyxis sp. MG
0.00	5	62	24	 Sphingopyxis terrae
0.00	4	25	15	 Sphingopyxis macrogoltabida
0.00	2	14	12	 Sphingopyxis lindanitolerans
0.00	1	6	4	 Sphingopyxis alaskensis
0.00	7	20	4	 Sphingorhabdus sp. YGSMI21
0.00	4	19	2	 Rhizorhabdus dicambivorans
0.00	2	28	12	 Sphingosinithalassobacter sp. CS137
0.00	2	27	7	 Tardibacter chloracetimidivorans
0.00	2	10	5	 Allosphingosinicella indica
0.00	1	5	4	 Aquisediminimonas profunda
0.00	1	8	5	 Novosphingopyxis iocasae
0.00	3	9	4	 Erythrobacter sp. A30-3
0.00	1	3	2	 Erythrobacter sp. 3-20A1M
0.00	3	11	7	 Erythrobacter litoralis
0.00	1	13	5	 Erythrobacter neustonensis
0.00	1	3	2	 Porphyrobacter sp. LM 6
0.00	2	4	2	 Altererythrobacter epoxidivorans
0.00	2	8	5	 Altererythrobacter sp. ZODW24
0.00	1	4	4	 Croceibacterium atlanticum
0.00	1	4	4	 Polymorphobacter sp. PAMC 29362
0.00	71	87	5	 Cereibacter sphaeroides
0.00	22	457	30	 Paracoccus sanguinis
0.00	7	24	10	 Paracoccus yeei
0.00	1	8	5	 Paracoccus liaowanqingii
0.00	1	4	2	 Paracoccus suum
0.00	1	7	5	 Paracoccus pantotrophus
0.00	1	2	1	 Paracoccus contaminans
0.00	2	9	3	 Marivivens sp. JLT3646
0.00	2	15	4	 Yoonia vestfoldensis
0.00	1	5	3	 Qingshengfaniella alkalisoli
0.00	1	5	5	 Paraoceanicella profunda
0.00	10	22	4	 Roseovarius sp. SCSIO 43702
0.00	1	11	3	 Roseovarius faecimaris
0.00	8	49	5	 Octadecabacter sp. SW4
0.00	1	2	2	 Octadecabacter arcticus
0.00	7	10	4	 Ketogulonicigenium robustum
0.00	3	9	5	 Phaeobacter piscinae
0.00	2	9	3	 Phaeobacter gallaeciensis
0.00	2	5	2	 Phaeobacter inhibens
0.00	2	11	5	 Sulfitobacter mediterraneus
0.00	1	10	9	 Sulfitobacter sp. JL08
0.00	2	9	4	 Jannaschia sp. J12C1-MA-4
0.00	1	8	5	 Jannaschia sp. CCS1
0.00	2	4	2	 Roseobacter ponti
0.00	2	10	4	 Salipiger abyssi
0.00	1	6	4	 Epibacterium mobile
0.00	1	4	3	 Mameliella alba
0.00	1	3	2	 Actibacterium sp. EMB200-NS6
0.00	1	4	3	 Celeribacter marinus
0.00	1	2	2	 Tateyamaria omphalii
0.00	1	22	5	 Sagittula sp. P11
0.00	30	467	200	 Brevundimonas diminuta
0.00	4	22	7	 Brevundimonas sp. 'scallop'
0.00	4	41	24	 Brevundimonas sp. SGAir0440
0.00	2	14	7	 Brevundimonas sp. GW460-12-10-14-LB2
0.00	2	76	69	 Brevundimonas sp. Bb-A
0.00	1	4	3	 Brevundimonas sp. LM2
0.00	1	3	2	 Brevundimonas sp. M20
0.00	1	7	5	 Brevundimonas sp. CS1
0.00	8	66	22	 Brevundimonas naejangsanensis
0.00	7	66	37	 Brevundimonas vancanneytii
0.00	4	57	24	 Brevundimonas nasdae
0.00	2	11	4	 Brevundimonas mediterranea
0.00	1	23	7	 Brevundimonas goettingensis
0.00	10	111	46	 Caulobacter segnis
0.00	5	33	13	 Caulobacter soli
0.00	3	28	17	 Caulobacter vibrioides
0.00	2	13	8	 Caulobacter sp. FWC26
0.00	1	7	7	 Caulobacter mirabilis
0.00	2	5	2	 Phenylobacterium zucineum
0.00	1	8	5	 Phenylobacterium parvum
0.00	28	28	1	 Rhodospirillum centenum
0.00	3	10	6	 Rhodospirillum rubrum
0.00	7	14	1	 Tistrella mobilis
0.00	14	76	5	 Azospirillum sp. TSH100
0.00	3	11	7	 Azospirillum sp. TSH58
0.00	6	12	4	 Azospirillum humicireducens
0.00	3	8	4	 Azospirillum oryzae
0.00	1	2	2	 Azospirillum thiophilum
0.00	1	4	3	 Azospirillum thermophilum
0.00	1	29	12	 Nitrospirillum amazonense
0.00	1	2	1	 Indioceanicola profundi
0.00	7	76	27	 Roseomonas mucosa
0.00	2	24	14	 Roseomonas sp. FDAARGOS_362
0.00	2	4	2	 Neoasaia chiangmaiensis
0.00	1	4	4	 Komagataeibacter oboediens
0.00	1	6	6	 Komagataeibacter saccharivorans
0.00	1	12	7	 Gluconobacter oxydans
0.00	1	16	11	 Acetobacter aceti
0.00	3	11	4	 Thalassospira sp. B30-1
0.00	1	1	1	 Orientia tsutsugamushi
0.00	1	4	2	 Candidatus Fokinia solitaria
0.00	1	4	3	 Kordiimonas pumila
0.00	28	58	2	 Campylobacter canadensis
0.00	8	164	1	 Campylobacter curvus
0.00	2	8	2	 Campylobacter mucosalis
0.00	7	67	10	 Aliarcobacter cryaerophilus
0.00	1	2	1	 Aliarcobacter butzleri
0.00	6	16	2	 Arcobacter anaerophilus
0.00	1	2	1	 Poseidonibacter parvus
0.00	3	38	16	 Helicobacter pylori
0.00	1	32	2	 Helicobacter cholecystus
0.00	1	1	1	 Helicobacter sp. NHP19-0003
0.00	1	5	3	 Helicobacter typhlonius
0.00	1	3	2	 Sulfurimonas sp. B2
0.00	1	4	3	 Nitratifractor salsuginis
0.00	3	10	2	 Nautilia profundicola
0.00	6	73	30	 Desulfovibrio fairfieldensis
0.00	1	9	5	 Desulfovibrio carbinolicus
0.00	2	7	3	 Pseudodesulfovibrio indicus
0.00	1	4	3	 Pseudodesulfovibrio cashew
0.00	1	6	4	 Maridesulfovibrio salexigens
0.00	5	15	1	 Pajaroellobacter abortibovis
0.00	1	8	6	 Labilithrix luteola
0.00	1	4	3	 Corallococcus macrosporus
0.00	1	2	2	 Anaeromyxobacter sp. K
0.00	3	12	6	 Desulfopila sp. IMCC35005
0.00	1	8	6	 Desulfopila sp. IMCC35004
0.00	1	8	4	 Desulfococcus oleovorans
0.00	1	6	3	 Desulfosarcina widdelii
0.00	1	6	4	 Desulfonema magnum
0.00	3	10	4	 Pelobacter propionicus
0.00	1	8	4	 Geobacter metallireducens
0.00	1	11	6	 Geobacter sp. DSM 9736
0.00	13	26	1	 Silvanigrella aquatica
0.00	2	46	21	 Bdellovibrio bacteriovorus
0.00	1	3	2	 Bdellovibrio exovorus
0.00	1	3	2	 Halobacteriovorax marinus
0.00	11	447	209	 Hydrogenophilus thermoluteolus
0.00	1	32	8	 Acidithiobacillus thiooxidans
0.00	1	5	4	 Acidithiobacillus caldus
1.00	160856	6914538	487759	 Bacteroides fragilis
0.01	814	26200	7303	 Bacteroides cellulosilyticus
0.00	540	12798	4212	 Bacteroides ovatus
0.00	339	7369	3347	 Bacteroides uniformis
0.00	251	8538	3383	 Bacteroides caccae
0.00	210	6244	2783	 Bacteroides thetaiotaomicron
0.00	171	1078	290	 Bacteroides stercoris
0.00	138	762	150	 Bacteroides salyersiae
0.00	70	1377	689	 Bacteroides sp. M10
0.00	13	168	59	 Bacteroides sp. A1C1
0.00	11	153	64	 Bacteroides sp. CBA7301
0.00	4	142	74	 Bacteroides sp. CACC 737
0.00	4	55	27	 Bacteroides sp. HF-162
0.00	1	72	16	 Bacteroides sp. ZJ-18
0.00	115	1913	813	 Bacteroides xylanisolvens
0.00	69	1366	657	 Bacteroides eggerthii
0.00	21	389	136	 Bacteroides intestinalis
0.00	19	141	43	 Bacteroides zoogleoformans
0.00	19	144	55	 Bacteroides heparinolyticus
0.00	16	436	232	 Bacteroides nordii
0.00	8	80	51	 Bacteroides helcogenes
0.00	7	108	42	 Bacteroides caecimuris
0.00	6	86	19	 Bacteroides coprosuis
0.00	6	116	48	 Bacteroides luhongzhouii
0.00	4	168	75	 Bacteroides zhangwenhongi
0.00	3	89	36	 Bacteroides faecis
0.01	861	20765	8146	 Phocaeicola dorei
0.00	57	1355	330	 Phocaeicola vulgatus
0.00	16	348	170	 Phocaeicola coprophilus
0.00	6	149	89	 Phocaeicola salanitronis
0.01	1566	28592	4875	 Parabacteroides distasonis
0.00	73	671	353	 Parabacteroides merdae
0.00	7	140	53	 Parabacteroides goldsteinii
0.00	140	4899	1686	 Alistipes onderdonkii
0.00	124	4420	1487	 Alistipes shahii
0.00	99	4225	1264	 Alistipes sp. dk3624
0.00	86	2546	1158	 Alistipes communis
0.00	22	722	154	 Alistipes megaguti
0.00	15	553	311	 Alistipes indistinctus
0.00	14	191	84	 Alistipes finegoldii
0.00	5	34	19	 Alistipes dispar
0.00	165	4000	1580	 Butyricimonas virosa
0.00	71	1306	137	 Butyricimonas faecalis
0.00	145	5632	2150	 Odoribacter splanchnicus
0.00	100	2611	819	 Prevotella copri
0.00	20	46	9	 Prevotella multiformis
0.00	5	22	5	 Prevotella sp. WR041
0.00	2	37	25	 Prevotella sp. oral taxon 299
0.00	3	71	46	 Prevotella melaninogenica
0.00	2	12	8	 Prevotella ruminicola
0.00	1	6	5	 Prevotella denticola
0.00	6	65	23	 Paraprevotella xylaniphila
0.00	8	76	35	 Muribaculum gordoncarteri
0.00	1	14	8	 Muribaculum intestinale
0.00	2	10	7	 Duncaniella dubosii
0.00	1	4	3	 Sodaliphilus pleomorphus
0.00	4	48	29	 Barnesiella viscericola
0.00	3	20	12	 Coprobacter secundus
0.00	4	5	2	 Tenuifilum thalassicum
0.00	1	19	11	 Porphyromonas asaccharolytica
0.00	1	58	58	 Porphyromonas cangingivalis
0.00	2	11	5	 Draconibacterium halophilum
0.00	292	312	2	 Maribacter sp. 1_2014MBL_MicDiv
0.00	195	216	2	 Maribacter dokdonensis
0.00	1	3	2	 Maribacter hydrothermalis
0.00	30	147	3	 Aquimarina sp. AD1
0.00	10	60	8	 Myroides fluvii
0.00	1	6	3	 Myroides phaeus
0.00	3	14	6	 Flavobacterium sp. KBS0721
0.00	2	2	1	 Flavobacterium sp. M31R6
0.00	1	5	3	 Flavobacterium sp. BB8
0.00	1	3	2	 Flavobacterium sp. SLB02
0.00	3	11	4	 Flavobacterium gilvum
0.00	2	10	6	 Flavobacterium sediminis
0.00	2	115	29	 Flavobacterium haoranii
0.00	1	6	4	 Flavobacterium kingsejongi
0.00	1	6	4	 Flavobacterium inviolabile
0.00	15	60	5	 Winogradskyella sp. PC-19
0.00	1	1	1	 Winogradskyella sp. J14-2
0.00	1	2	1	 Winogradskyella schleiferi
0.00	5	9	2	 Polaribacter sp. ALD11
0.00	2	8	6	 Polaribacter sp. L3A8
0.00	9	12	3	 Aequorivita sp. H23M31
0.00	5	6	1	 Cellulophaga lytica
0.00	1	6	3	 Cellulophaga sp. HaHaR_3_176
0.00	7	12	2	 Oceanihabitans sp. IOP_32
0.00	2	49	15	 Capnocytophaga sputigena
0.00	1	2	2	 Capnocytophaga stomatis
0.00	1	5	4	 Capnocytophaga sp. oral taxon 878
0.00	1	14	6	 Capnocytophaga endodontalis
0.00	4	14	3	 Formosa agariphila
0.00	1	1	1	 Formosa sediminum
0.00	2	2	2	 Lacinutrix sp. WUR7
0.00	1	2	2	 Lacinutrix sp. 5H-3-7-4
0.00	2	32	2	 Muricauda ruestringensis
0.00	2	8	4	 Algibacter sp. L3A6
0.00	1	2	1	 Seonamhaeicola sp. S2-3
0.00	1	30	4	 Kordia sp. SMS9
0.00	125	1316	436	 Cloacibacterium caeni
0.00	27	477	206	 Cloacibacterium normanense
0.00	68	198	38	 Riemerella anatipestifer
0.00	4	61	31	 Chryseobacterium sp. ZHDP1
0.00	1	1	1	 Chryseobacterium sp. D764
0.00	1	5	4	 Chryseobacterium sp. POL2
0.00	1	1	1	 Chryseobacterium sp. SNU WT5
0.00	6	81	13	 Chryseobacterium taklimakanense
0.00	3	22	5	 Chryseobacterium indoltheticum
0.00	2	26	12	 Chryseobacterium indologenes
0.00	1	11	9	 Chryseobacterium manosquense
0.00	1	7	4	 Chryseobacterium arthrosphaerae
0.00	1	5	3	 Chryseobacterium balustinum
0.00	1	33	15	 Chryseobacterium gallinarum
0.00	22	333	137	 Epilithonimonas vandammei
0.00	4	6	2	 Kaistella flava (ex Peng et al. 2021)
0.00	3	16	7	 Kaistella antarctica
0.00	2	19	5	 Kaistella haifensis
0.00	1	5	3	 Kaistella carnis
0.00	10	40	4	 Elizabethkingia anophelis
0.00	1	1	1	 Elizabethkingia sp. M8
0.00	8	16	1	 Weeksella virosa
0.00	5	15	1	 Blattabacterium sp. (Cryptocercus kyebangensis)
0.00	4	25	14	 Blattabacterium cuenoti
0.00	3	19	5	 Candidatus Sulcia muelleri
0.00	1	2	1	 Fluviicola taffensis
0.00	9	18	7	 Hymenobacter busanensis
0.00	1	4	2	 Hymenobacter sp. BRD128
0.00	1	4	3	 Hymenobacter radiodurans
0.00	3	11	7	 Adhaeribacter swui
0.00	5	6	2	 Spirosoma pollinicola
0.00	3	10	7	 Spirosoma sp. KCTC 42546
0.00	1	4	3	 Spirosoma aerolatum
0.00	5	13	3	 Dyadobacter sp. NIV53
0.00	3	36	4	 Leadbetterella byssophila
0.00	1	14	7	 Aquirufa nivalisilvae
0.00	1	2	1	 Flammeovirga kamogawensis
0.00	4	15	6	 Mucilaginibacter ginsenosidivorans
0.00	3	7	5	 Mucilaginibacter gotjawali
0.00	2	24	8	 Mucilaginibacter sp. F39-2
0.00	1	2	1	 Mucilaginibacter gossypii
0.00	1	7	2	 Mucilaginibacter celer
0.00	4	27	5	 Pedobacter suwonensis
0.00	1	6	4	 Pedobacter sp. G11
0.00	1	7	5	 Pedobacter sp. SW-16
0.00	1	4	3	 Pedobacter ginsengisoli
0.00	3	6	4	 Sphingobacterium multivorum
0.00	1	10	10	 Sphingobacterium spiritivorum
0.00	1	14	7	 Sphingobacterium sp. UDSM-2020
0.00	1	5	4	 Solitalea canadensis
0.00	1	1	1	 Anseongella ginsenosidimutans
0.00	6	17	8	 Paraflavitalea soli
0.00	1	6	5	 Chitinophaga sp. XS-30
0.00	1	2	2	 Chitinophaga agri
0.00	2	8	5	 Niabella ginsenosidivorans
0.00	1	3	2	 Arachidicoccus sp. BS20
0.00	8	11	4	 Salinibacter ruber
0.00	5	13	5	 Chlorobium limicola
0.29	46976	890842	86186	 Enterococcus faecium
0.00	312	906	71	 Enterococcus durans
0.00	204	537	101	 Enterococcus mundtii
0.00	142	6023	390	 Enterococcus faecalis
0.00	68	298	35	 Enterococcus lactis
0.00	31	486	23	 Enterococcus sp. DA9
0.00	5	55	4	 Enterococcus sp. FDAARGOS_375
0.00	2	6	6	 Enterococcus sp. FDAARGOS_553
0.00	24	119	52	 Enterococcus hirae
0.00	18	64	31	 Enterococcus thailandicus
0.00	11	65	13	 Enterococcus saigonensis
0.00	10	131	22	 Enterococcus casseliflavus
0.00	5	29	14	 Enterococcus wangshanyuanii
0.00	4	24	11	 Enterococcus cecorum
0.00	3	31	13	 Enterococcus raffinosus
0.00	2	16	7	 Enterococcus rotai
0.00	2	11	7	 Enterococcus gilvus
0.00	1	50	12	 Enterococcus avium
0.00	1	7	4	 Enterococcus gallinarum
0.00	16	91	9	 Tetragenococcus osmophilus
0.00	1	30	9	 Tetragenococcus halophilus
0.00	2	19	4	 Vagococcus penaei
0.00	1	8	6	 Vagococcus lutrae
0.00	1	11	6	 Vagococcus sp. CF-49
0.01	1835	28946	12297	 Streptococcus salivarius
0.00	202	4417	2902	 Streptococcus pneumoniae
0.00	55	744	264	 Streptococcus sp. FDAARGOS_192
0.00	53	638	44	 Streptococcus sp. oral taxon 431
0.00	37	1667	82	 Streptococcus sp. oral taxon 061
0.00	10	97	57	 Streptococcus sp. HSISS2
0.00	7	70	37	 Streptococcus sp. HSISS1
0.00	5	35	24	 Streptococcus sp. HSISS3
0.00	5	74	52	 Streptococcus sp. 116-D4
0.00	3	61	33	 Streptococcus sp. HSISM1
0.00	3	9	2	 Streptococcus sp. 1643
0.00	2	22	17	 Streptococcus sp. A12
0.00	1	7	7	 Streptococcus sp. oral taxon 064
0.00	110	1213	807	 Streptococcus mitis
0.00	74	562	167	 Streptococcus thermophilus
0.00	21	361	53	 Streptococcus pseudopneumoniae
0.00	19	65	8	 Streptococcus suis
0.00	15	248	93	 Streptococcus oralis
0.00	13	64	11	 Streptococcus pyogenes
0.00	12	81	35	 Streptococcus parasanguinis
0.00	8	59	21	 Streptococcus rubneri
0.00	8	111	70	 Streptococcus vestibularis
0.00	7	22	13	 Streptococcus equi
0.00	7	69	23	 Streptococcus australis
0.00	6	69	24	 Streptococcus lactarius
0.00	5	55	30	 Streptococcus ilei
0.00	1	1	1	 Streptococcus anginosus
0.00	1	2	2	 Streptococcus constellatus
0.00	2	17	10	 Streptococcus cristatus
0.00	2	3	3	 Streptococcus gallolyticus
0.00	2	42	36	 Streptococcus gwangjuense
0.00	2	5	3	 Streptococcus agalactiae
0.00	2	10	3	 Streptococcus chenjunshii
0.00	1	4	3	 Streptococcus ferus
0.00	1	5	5	 Streptococcus sobrinus
0.00	1	2	2	 Streptococcus pseudoporcinus
0.00	1	10	5	 Streptococcus canis
0.00	1	61	50	 Streptococcus sanguinis
0.00	1	80	4	 Streptococcus troglodytae
0.00	1	10	9	 Streptococcus koreensis
0.00	1	1	1	 Streptococcus ratti
0.00	1	5	5	 Streptococcus infantarius
0.00	1	4	3	 Streptococcus parasuis
0.00	11	59	42	 Lactococcus lactis
0.00	6	83	61	 Lactococcus cremoris
0.00	2	24	13	 Lactococcus garvieae
0.00	1	8	8	 Lactococcus raffinolactis
0.00	1	8	7	 Lactococcus taiwanensis
0.00	252	3162	829	 Lactobacillus paragasseri
0.00	44	537	242	 Lactobacillus gasseri
0.00	31	104	27	 Lactobacillus johnsonii
0.00	26	26	1	 Lactobacillus gallinarum
0.00	4	9	6	 Lactobacillus amylolyticus
0.00	2	2	1	 Lactobacillus ultunensis
0.00	2	5	2	 Lactobacillus kullabergensis
0.00	2	45	22	 Lactobacillus taiwanensis
0.00	1	2	2	 Lactobacillus terrae
0.00	1	1	1	 Lactobacillus acetotolerans
0.00	1	13	5	 Lactobacillus amylovorus
0.00	1	3	3	 Lactobacillus iners
0.00	25	708	290	 Limosilactobacillus mucosae
0.00	10	80	41	 Limosilactobacillus reuteri
0.00	4	6	1	 Limosilactobacillus gastricus
0.00	22	107	24	 Loigolactobacillus backii
0.00	1	16	15	 Loigolactobacillus coryniformis
0.00	5	114	26	 Leuconostoc pseudomesenteroides
0.00	4	8	5	 Leuconostoc gelidum
0.00	1	22	14	 Leuconostoc carnosum
0.00	10	28	17	 Lactiplantibacillus plantarum
0.00	1	2	2	 Lactiplantibacillus paraplantarum
0.00	4	36	15	 Lacticaseibacillus paracasei
0.00	2	10	5	 Lacticaseibacillus rhamnosus
0.00	6	16	13	 Levilactobacillus brevis
0.00	2	4	1	 Oenococcus kitaharae
0.00	1	2	2	 Oenococcus sp. UCMA 16435
0.00	1	2	1	 Lentilactobacillus buchneri
0.00	1	7	4	 Lentilactobacillus kefiri
0.00	1	2	1	 Ligilactobacillus ruminis
0.00	1	10	7	 Ligilactobacillus salivarius
0.00	1	12	11	 Latilactobacillus sakei
0.00	1	6	4	 Latilactobacillus curvatus
0.00	1	6	2	 Companilactobacillus crustorum
0.00	1	4	4	 Schleiferilactobacillus harbinensis
0.00	1	4	2	 Paucilactobacillus hokkaidonensis
0.00	1	4	3	 Weissella jogaejeotgali
0.00	1	45	27	 Pediococcus acidilactici
0.00	3	25	16	 Aerococcus viridans
0.00	1	38	19	 Aerococcus urinaeequi
0.00	1	3	1	 Aerococcus christensenii
0.00	1	4	4	 Abiotrophia defectiva
0.00	3	46	19	 Carnobacterium maltaromaticum
0.00	3	118	86	 Dolosigranulum pigrum
0.00	1	2	2	 Marinilactibacillus sp. 15R
0.01	1750	71878	37704	 Staphylococcus epidermidis
0.01	993	42051	24626	 Staphylococcus capitis
0.00	473	18360	12497	 Staphylococcus hominis
0.00	456	5422	3018	 Staphylococcus aureus
0.00	380	17481	10308	 Staphylococcus lugdunensis
0.00	19	592	378	 Staphylococcus caprae
0.00	14	48	1	 Staphylococcus xylosus
0.00	9	291	224	 Staphylococcus haemolyticus
0.00	5	102	44	 Staphylococcus warneri
0.00	4	75	26	 Staphylococcus pettenkoferi
0.00	4	218	90	 Staphylococcus saccharolyticus
0.00	3	26	12	 Staphylococcus simiae
0.00	3	33	31	 Staphylococcus cohnii
0.00	2	4	3	 Staphylococcus agnetis
0.00	1	61	51	 Staphylococcus saprophyticus
0.00	1	10	9	 Staphylococcus equorum
0.00	1	6	4	 Staphylococcus lutrae
0.00	1	5	5	 Staphylococcus sp. CDC25
0.00	1	29	3	 Staphylococcus succinus
0.00	1	11	7	 Staphylococcus pasteuri
0.00	1	79	70	 Staphylococcus auricularis
0.00	1	5	3	 Salinicoccus halodurans
0.00	1	8	6	 Mammaliicoccus sciuri
0.00	11	100	42	 Bacillus cereus
0.00	3	41	23	 Bacillus wiedmannii
0.00	2	18	10	 Bacillus thuringiensis
0.00	1	9	8	 Bacillus mycoides
0.00	7	20	2	 Bacillus sp. FJAT-18017
0.00	2	5	2	 Bacillus sp. X1(2014)
0.00	2	8	6	 Bacillus sp. SB49
0.00	1	7	5	 Bacillus sp. FJAT-45348
0.00	1	8	4	 Bacillus sp. PAMC26568
0.00	1	2	1	 Bacillus sp. FJAT-42376
0.00	1	4	4	 Bacillus sp. NP157
0.00	1	2	2	 Bacillus velezensis
0.00	1	4	3	 Bacillus smithii
0.00	1	3	3	 Bacillus beveridgei
0.00	1	4	2	 Bacillus dafuensis
0.00	17	54	1	 Lysinibacillus timonensis
0.00	9	42	7	 Lysinibacillus fusiformis
0.00	1	3	3	 Lysinibacillus agricola
0.00	23	47	12	 Anoxybacillus amylolyticus
0.00	9	31	1	 Virgibacillus phasianinus
0.00	1	6	4	 Virgibacillus necropolis
0.00	7	26	5	 Weizmannia coagulans
0.00	7	97	9	 Niallia circulans
0.00	5	106	31	 Priestia megaterium
0.00	1	3	3	 Priestia flexa
0.00	4	15	4	 Peribacillus simplex
0.00	1	14	8	 Peribacillus asahii
0.00	1	15	8	 Geobacillus stearothermophilus
0.00	1	2	2	 Geobacillus thermocatenulatus
0.00	3	6	2	 Oceanobacillus kimchii
0.00	3	3	1	 Fictibacillus phosphorivorans
0.00	2	6	2	 Halobacillus mangrovi
0.00	1	8	6	 Cytobacillus kochii
0.00	1	4	3	 Cytobacillus ciccensis
0.00	1	7	2	 Heyndrickxia vini
0.00	1	4	3	 Caldibacillus thermoamylovorans
0.00	1	1	1	 Salicibibacter cibi
0.00	1	2	2	 Rossellomorea marisflavi
0.00	1	6	2	 Hydrogenibacillus sp. N12
0.00	1	3	2	 Psychrobacillus glaciei
0.00	16	19	2	 Paenibacillus sp. JNUCC-32
0.00	11	573	330	 Paenibacillus sp. RUD330
0.00	10	12	3	 Paenibacillus sp. sptzw28
0.00	3	9	3	 Paenibacillus sp. FSL H7-0357
0.00	1	19	9	 Paenibacillus sp. JZ16
0.00	1	4	2	 Paenibacillus sp. PAMC21692
0.00	17	79	7	 Paenibacillus rhizovicinus
0.00	8	343	125	 Paenibacillus naphthalenovorans
0.00	6	14	5	 Paenibacillus yonginensis
0.00	3	7	3	 Paenibacillus odorifer
0.00	3	8	3	 Paenibacillus xylanilyticus
0.00	2	7	3	 Paenibacillus protaetiae
0.00	1	4	3	 Paenibacillus agaridevorans
0.00	1	1	1	 Paenibacillus antarcticus
0.00	1	6	5	 Paenibacillus bovis
0.00	1	6	6	 Paenibacillus cellulosilyticus
0.00	1	9	8	 Paenibacillus tritici
0.00	1	11	5	 Paenibacillus mucilaginosus
0.00	1	3	3	 Paenibacillus riograndensis
0.00	1	4	3	 Paenibacillus xylanexedens
0.00	1	103	5	 Paenibacillus thiaminolyticus
0.00	2	10	8	 Brevibacillus brevis
0.00	2	12	7	 Aneurinibacillus soli
0.00	2	10	5	 Thermobacillus composti
0.00	2	5	3	 Cohnella sp. KS 22
0.00	1	13	3	 Saccharibacillus brassicae
0.00	9	29	5	 Planococcus massiliensis
0.00	3	6	3	 Planococcus glaciei
0.00	2	4	1	 Planococcus plakortidis
0.00	1	3	2	 Planococcus halocryophilus
0.00	2	15	4	 Sporosarcina sp. Marseille-Q4063
0.00	1	4	2	 Paenisporosarcina antarctica
0.00	1	3	2	 Paenisporosarcina sp. K2R23-3
0.00	4	72	64	 Gemella haemolysans
0.00	1	6	4	 Gemella sanguinis
0.00	1	3	2	 Exiguobacterium sp. N4-1P
0.00	2	20	11	 Listeria monocytogenes
0.00	1	7	5	 Alicyclobacillus ferrooxydans
0.00	1	2	2	 Alicyclobacillus sp. TC
0.00	1	6	5	 Sporolactobacillus terrae
0.00	1	10	6	 Laceyella sacchari
0.03	4991	197882	11606	 Clostridium perfringens
0.00	63	702	185	 Clostridium botulinum
0.00	2	5	3	 Clostridium sp. DL-VIII
0.00	2	5	3	 Clostridium sp. JN-1
0.00	1	4	2	 Clostridium sp. BNL1100
0.00	1	8	5	 Clostridium sp. SY8519
0.00	6	23	3	 Clostridium sporogenes
0.00	5	54	2	 Clostridium tetani
0.00	3	6	2	 Clostridium thermarum
0.00	3	23	6	 Clostridium baratii
0.00	2	16	9	 Clostridium septicum
0.00	1	38	7	 Clostridium pasteurianum
0.00	1	8	4	 Clostridium butyricum
0.00	1	5	3	 Clostridium carboxidivorans
0.00	1	7	5	 Clostridium estertheticum
0.00	12	13	1	 Candidatus Arthromitus sp. SFB-mouse
0.00	9	35	4	 Alkaliphilus metalliredigens
0.00	6	25	3	 Geosporobacter ferrireducens
0.00	2	8	4	 Hungatella hathewayi
0.00	2	16	6	 Hathewaya histolytica
0.00	1	2	2	 Sarcina sp. JB2
0.01	893	22025	3481	 Flavonifractor plautii
0.00	479	14845	5148	 Faecalibacterium prausnitzii
0.00	111	2019	912	 Oscillibacter sp. MM59
0.00	44	695	66	 Oscillibacter sp. MM35
0.00	6	100	60	 Oscillibacter sp. PEA192
0.00	3	56	35	 Oscillibacter sp. MM50
0.00	2	8	5	 Oscillibacter sp. NSJ-62
0.00	48	503	287	 Dysosmobacter welbionis
0.00	16	249	129	 Dysosmobacter sp. Marseille-Q4140
0.00	8	38	23	 Ruminococcus sp. JE7A12
0.00	3	19	10	 Ruminococcus champanellensis
0.00	2	9	3	 Ruminococcus albus
0.00	2	16	10	 Ruminococcus bicirculans
0.00	11	77	35	 Ruthenibacterium lactatiformans
0.00	8	18	2	 Acetivibrio thermocellus
0.00	3	81	10	 Caproiciproducens sp. 7D4C2
0.00	2	4	3	 Caproiciproducens sp. NJN-50
0.00	3	11	7	 Ethanoligenens harbinense
0.00	1	61	30	 Solibaculum mannosilyticum
0.00	391	3910	1011	 Roseburia intestinalis
0.00	4	31	16	 Roseburia hominis
0.00	158	3828	1785	 Lachnospira eligens
0.00	8	63	6	 Blautia sp. LZLJ-3
0.00	3	13	8	 Blautia sp. SC05B48
0.00	5	21	11	 Blautia pseudococcoides
0.00	4	12	5	 Blautia obeum
0.00	3	9	4	 Blautia hansenii
0.00	1	55	28	 Blautia producta
0.00	19	375	180	 Anaerobutyricum hallii
0.00	10	82	9	 [Ruminococcus] gnavus
0.00	7	22	12	 [Ruminococcus] torques
0.00	9	197	116	 Enterocloster bolteae
0.00	2	14	7	 Enterocloster clostridioformis
0.00	3	23	10	 [Clostridium] scindens
0.00	3	19	12	 Lachnoclostridium phocaeense
0.00	1	4	3	 Lachnoclostridium sp. YL32
0.00	6	40	21	 Faecalicatena sp. Marseille-Q4148
0.00	4	70	30	 Anaerostipes hadrus
0.00	3	94	47	 Coprococcus sp. ART55/1
0.00	1	11	5	 Coprococcus comes
0.00	3	18	11	 Lacrimispora saccharolytica
0.00	2	212	8	 Pseudobutyrivibrio xylanivorans
0.00	1	4	2	 Lachnoanaerobaculum umeaense
0.00	1	14	5	 Anaerocolumna cellulosilytica
0.00	1	4	3	 Anaerotignum propionicum
0.00	301	3815	1734	 Romboutsia ilealis
0.00	52	512	187	 Romboutsia sp. CE17
0.00	12	93	44	 Romboutsia hominis
0.00	164	932	116	 Paeniclostridium sordellii
0.00	24	186	52	 Paraclostridium bifermentans
0.00	15	153	56	 Clostridioides difficile
0.00	2	15	10	 Peptacetobacter hiranonis
0.00	1	2	2	 Acetoanaerobium sticklandii
0.00	16	405	163	 Intestinimonas butyriciproducens
0.00	3	32	24	 Mogibacterium diversum
0.00	3	69	44	 Massilistercora timonensis
0.00	2	12	7	 Flintibacter sp. KGMB00164
0.00	1	18	5	 Carboxydocella thermautotrophica
0.00	13	37	3	 Desulfotomaculum reducens
0.00	6	52	2	 Desulfotomaculum ruminis
0.00	3	6	1	 Candidatus Formimonas warabiya
0.00	1	3	2	 Desulfosporosinus orientis
0.00	1	3	3	 Thermoanaerosceptrum fracticalcis
0.00	9	164	96	 Eubacterium sp. NSJ-61
0.00	1	2	1	 Eubacterium callanderi
0.00	1	28	15	 Eubacterium maltosivorans
0.00	1	4	3	 Acetobacterium sp. KB-1
0.00	11	56	3	 Vallitalea guaymasensis
0.00	3	79	74	 Christensenella minuta
0.00	2	9	5	 Caloranaerobacter azorensis
0.00	1	3	1	 Caldicellulosiruptor sp. YA01
0.00	1	5	4	 Moorella thermoacetica
0.00	1	3	2	 Tepidanaerobacter acetatoxydans
0.01	1360	45149	18457	 Phascolarctobacterium faecium
0.00	3	16	7	 Phascolarctobacterium sp. Marseille-Q4147
0.00	621	21815	7818	 Acidaminococcus intestini
0.00	11	117	47	 Acidaminococcus fermentans
0.01	911	11778	4346	 Megasphaera elsdenii
0.00	12	137	52	 Megasphaera stantonii
0.00	78	975	434	 Dialister hominis
0.00	59	974	488	 Dialister massiliensis
0.00	9	255	87	 Veillonella parvula
0.00	1	13	7	 Veillonella atypica
0.00	1	2	1	 Veillonella nakazawae
0.00	385	10543	3895	 Megamonas funiformis
0.00	5	91	73	 Megamonas hypermegale
0.00	1	8	7	 Pectinatus frisingensis
0.00	1	12	8	 Selenomonas ruminantium
0.00	8	40	4	 Methylomusa anaerophila
0.00	2	4	1	 Erysipelatoclostridium ramosum
0.00	2	17	10	 Longibaculum sp. KGMB06250
0.00	2	20	10	 Faecalibacillus intestinalis
0.00	1	2	1	 Erysipelothrix inopinata
0.00	1	8	5	 Longicatena caecimuris
0.00	1	4	3	 Intestinibaculum porci
0.00	1	4	4	 Turicibacter sanguinis
0.00	1	13	7	 Turicibacter sp. H121
0.00	5	161	92	 Finegoldia magna
0.00	4	22	17	 Anaerococcus prevotii
0.00	1	5	4	 Gudongella oleilytica
0.00	1	2	1	 Schnuerera ultunensis
0.00	4	9	3	 Limnochorda pilosa
0.05	8356	10303	7	 Streptomyces lividans
0.00	4	10	4	 Streptomyces sp. NEAU-S7GS2
0.00	3	4	2	 Streptomyces sp. NEAU-sy36
0.00	2	5	2	 Streptomyces sp. NA04227
0.00	2	2	1	 Streptomyces sp. SS52
0.00	2	4	2	 Streptomyces sp. SYP-A7193
0.00	1	2	1	 Streptomyces sp. A2-16
0.00	1	4	2	 Streptomyces sp. AgN23
0.00	1	8	5	 Streptomyces sp. NHF165
0.00	1	1	1	 Streptomyces sp. RPA4-5
0.00	1	4	2	 Streptomyces sp. DSM 40868
0.00	1	7	3	 Streptomyces sp. QHH-9511
0.00	1	1	1	 Streptomyces sp. P3
0.00	1	3	3	 Streptomyces sp. CCM_MD2014
0.00	22	33	4	 Streptomyces decoyicus
0.00	6	11	3	 Streptomyces davaonensis
0.00	4	11	2	 Streptomyces avermitilis
0.00	4	10	5	 Streptomyces vietnamensis
0.00	3	3	2	 Streptomyces albireticuli
0.00	3	11	7	 Streptomyces dengpaensis
0.00	3	8	3	 Streptomyces formicae
0.00	2	11	4	 Streptomyces broussonetiae
0.00	1	4	4	 Streptomyces gilvosporeus
0.00	1	5	3	 Streptomyces angustmyceticus
0.00	1	4	3	 Streptomyces gardneri
0.00	1	2	1	 Streptomyces griseocarneus
0.00	1	3	3	 Streptomyces kanamyceticus
0.00	1	8	6	 Streptomyces venezuelae
0.00	1	2	2	 Streptomyces peucetius
0.00	1	6	5	 Streptomyces pratensis
0.00	1	9	5	 Streptomyces chartreusis
0.00	1	7	6	 Streptomyces niveus
0.00	1	3	2	 Streptomyces seoulensis
0.00	1	5	3	 Streptomyces ambofaciens
0.00	1	2	2	 Streptomyces pactum
0.00	1	6	4	 Streptomyces tendae
0.00	1	8	5	 Kitasatospora setae
0.00	1	13	5	 Kitasatospora sp. MMS16-BH015
0.00	1	5	4	 Streptacidiphilus sp. P02-A3a
0.01	1900	86454	38652	 Cutibacterium acnes
0.00	27	980	379	 Cutibacterium granulosum
0.00	2	73	43	 Cutibacterium modestum
0.00	41	59	6	 Propionimicrobium sp. Marseille-P3275
0.00	21	158	81	 Arachnia rubra
0.00	4	93	30	 Arachnia propionica
0.00	3	11	4	 Tessaracoccus aquimaris
0.00	1	4	3	 Tessaracoccus defluvii
0.00	1	21	11	 Tessaracoccus flavus
0.00	1	3	3	 Propionibacterium freudenreichii
0.00	1	2	1	 Microlunatus sagamiharensis
0.00	1	5	4	 Acidipropionibacterium jensenii
0.00	1	11	7	 Brevilactibacter coleopterorum
0.00	19	44	7	 Nocardioides sp. S-1144
0.00	3	17	6	 Nocardioides sp. SCSIO 67246
0.00	2	8	4	 Nocardioides sp. dk884
0.00	2	14	4	 Nocardioides sp. dk3136
0.00	2	7	3	 Nocardioides sp. S5
0.00	2	61	4	 Nocardioides sp. JS614
0.00	1	3	2	 Nocardioides sp. WS12
0.00	2	6	3	 Nocardioides dokdonensis
0.00	2	67	33	 Nocardioides rotundus
0.00	1	4	3	 Nocardioides daphniae
0.00	1	14	7	 Nocardioides humi
0.00	1	2	1	 Nocardioides aquaticus
0.00	3	21	18	 Friedmanniella luteola
0.00	1	5	4	 Mumia sp. ZJ1417
0.00	34	100	4	 Kribbella qitaiheensis
0.00	748	27433	11610	 Corynebacterium resistens
0.00	34	847	359	 Corynebacterium tuberculostearicum
0.00	16	37	1	 Corynebacterium bovis
0.00	15	369	197	 Corynebacterium kefirresidentii
0.00	6	178	76	 Corynebacterium kroppenstedtii
0.00	4	7	3	 Corynebacterium provencense
0.00	4	199	78	 Corynebacterium urogenitale
0.00	4	63	44	 Corynebacterium jeikeium
0.00	3	119	56	 Corynebacterium segmentosum
0.00	3	126	43	 Corynebacterium mycetoides
0.00	2	3	2	 Corynebacterium incognita
0.00	2	29	20	 Corynebacterium ureicelerivorans
0.00	2	19	6	 Corynebacterium maris
0.00	2	5	2	 Corynebacterium lizhenjunii
0.00	1	50	28	 Corynebacterium macginleyi
0.00	1	10	4	 Corynebacterium marinum
0.00	1	13	13	 Corynebacterium freneyi
0.00	1	8	7	 Corynebacterium falsenii
0.00	1	12	8	 Corynebacterium aurimucosum
0.00	1	3	2	 Corynebacterium lactis
0.00	1	9	6	 Corynebacterium glyciniphilum
0.00	1	32	21	 Corynebacterium matruchotii
0.00	1	14	8	 Corynebacterium propinquum
0.00	1	4	3	 Corynebacterium sp. zg-917
0.00	1	4	2	 Corynebacterium imitans
0.00	21	43	5	 Mycobacterium kansasii
0.00	5	37	6	 Mycobacterium simiae
0.00	3	3	1	 Mycobacterium heidelbergense
0.00	3	49	9	 Mycobacterium stomatepiae
0.00	5	22	3	 Mycobacterium haemophilum
0.00	4	13	5	 Mycobacterium gordonae
0.00	3	6	2	 Mycobacterium intracellulare
0.00	1	8	3	 Mycobacterium marseillense
0.00	3	7	4	 Mycobacterium tuberculosis
0.00	2	11	3	 Mycobacterium paragordonae
0.00	1	4	3	 Mycobacterium lacus
0.00	1	29	24	 Mycobacterium gallinarum
0.00	17	313	13	 Mycolicibacterium rhodesiae
0.00	4	9	4	 Mycolicibacterium gadium
0.00	2	122	45	 Mycobacterium doricum
0.00	2	33	5	 Mycolicibacterium hassiacum
0.00	1	5	4	 Mycolicibacterium phlei
0.00	1	10	5	 Mycolicibacterium monacense
0.00	1	5	4	 Mycolicibacterium boenickei
0.00	1	10	8	 Mycolicibacterium poriferae
0.00	1	8	5	 Mycolicibacterium phocaicum
0.00	1	3	2	 Mycolicibacterium gilvum
0.00	1	7	6	 Mycolicibacterium smegmatis
0.00	7	19	1	 [Mycobacterium] stephanolepidis
0.00	3	44	19	 Mycobacteroides abscessus
0.00	1	8	8	 Mycobacteroides immunogenum
0.00	1	1	1	 Mycolicibacter sp. MYC098
0.00	1	2	1	 Mycolicibacter sp. MYC101
0.00	1	3	2	 Mycolicibacter hiberniae
0.00	1	1	1	 Mycolicibacter minnesotensis
0.00	2	25	8	 Rhodococcus sp. PBTS 1
0.00	1	5	3	 Rhodococcus sp. YL-1
0.00	1	2	1	 Rhodococcus sp. P-2
0.00	1	1	1	 Rhodococcus sp. PBTS 2
0.00	1	3	1	 Rhodococcus sp. DMU1
0.00	2	45	9	 Rhodococcus qingshengii
0.00	1	17	3	 Rhodococcus erythropolis
0.00	1	4	3	 Rhodococcus fascians
0.00	2	10	4	 Nocardia nova
0.00	1	3	3	 Nocardia cyriacigeorgica
0.00	1	2	1	 Nocardia tengchongensis
0.00	1	3	3	 Nocardia mangyaensis
0.00	22	364	52	 Lawsonella clevelandensis
0.00	2	78	45	 Gordonia bronchialis
0.00	2	63	32	 Gordonia terrae
0.00	1	3	2	 Gordonia phthalatica
0.00	1	4	2	 Gordonia jinghuaiqii
0.00	6	79	11	 Tsukamurella tyrosinosolvens
0.00	2	9	5	 Dietzia psychralcaliphila
0.00	188	3269	1317	 Micrococcus luteus
0.00	1	19	15	 Micrococcus sp. KBS0714
0.00	1	9	8	 Micrococcus sp. KD337-16
0.00	4	118	60	 Kocuria palustris
0.00	4	31	10	 Kocuria rhizophila
0.00	4	49	26	 Kocuria indica
0.00	3	18	5	 Kocuria flava
0.00	1	6	4	 Kocuria sp. KD4
0.00	9	384	220	 Rothia mucilaginosa
0.00	6	150	86	 Rothia aeria
0.00	1	49	28	 Rothia dentocariosa
0.00	5	43	7	 Zhihengliuella sp. ISTPL4
0.00	2	4	2	 Arthrobacter dokdonellae
0.00	1	6	2	 Glutamicibacter mishrai
0.00	1	6	5	 Psychromicrobium lacuslunae
0.00	128	5487	839	 Dermacoccus nishinomiyaensis
0.00	26	977	278	 Dermacoccus sp. PAMC28757
0.00	11	111	23	 Yimella sp. cx-51
0.00	3	15	6	 Luteipulveratus mongoliensis
0.00	13	27	2	 Microbacterium sp. A18JL241
0.00	6	13	6	 Microbacterium sp. PM5
0.00	4	78	42	 Microbacterium sp. TPU 3598
0.00	3	7	2	 Microbacterium sp. LKL04
0.00	1	4	2	 Microbacterium sp. JZ31
0.00	1	3	2	 Microbacterium sp. BH-3-3-3
0.00	1	17	11	 Microbacterium sp. Y-01
0.00	1	4	4	 Microbacterium sp. CBA3102
0.00	9	125	32	 Microbacterium oxydans
0.00	3	29	23	 Microbacterium aurum
0.00	3	7	3	 Microbacterium chocolatum
0.00	2	4	3	 Microbacterium oleivorans
0.00	2	9	3	 Microbacterium lemovicicum
0.00	1	5	3	 Microbacterium lushaniae
0.00	1	3	3	 Microbacterium caowuchunii
0.00	1	3	2	 Microbacterium oryzae
0.00	15	59	4	 Leifsonia sp. PS1209
0.00	8	16	1	 Leifsonia sp. 21MFCrub1.1
0.00	1	2	1	 Curtobacterium sp. BH-2-1-1
0.00	1	4	2	 Curtobacterium sp. L6-1
0.00	1	2	1	 Agromyces sp. G127AT
0.00	1	1	1	 Rathayibacter sp. VKM Ac-2801
0.00	1	2	1	 Diaminobutyricimonas sp. LJ205
0.00	24	257	72	 Janibacter indicus
0.00	14	49	26	 Janibacter limosus
0.00	13	65	27	 Janibacter sp. YB324
0.00	1	10	8	 Janibacter melonis
0.00	12	53	6	 Phycicoccus sp. HDW14
0.00	2	5	2	 Pedococcus dokdonensis
0.00	4	13	8	 Ornithinimicrobium sp. H23M54
0.00	1	4	2	 Ornithinimicrobium sp. AMA3305
0.00	3	17	7	 Ornithinimicrobium flavum
0.00	3	7	3	 Ornithinimicrobium pratense
0.00	1	3	2	 Serinicoccus marinus
0.00	1	16	9	 Serinicoccus profundi
0.00	5	26	12	 Brevibacterium linens
0.00	3	67	52	 Brevibacterium casei
0.00	4	8	5	 Brachybacterium avium
0.00	1	20	2	 Brachybacterium ginsengisoli
0.00	1	2	2	 Brachybacterium vulturis
0.00	1	4	3	 Dermabacter vaginalis
0.00	3	6	2	 Isoptericola variabilis
0.00	2	5	2	 Cellulosimicrobium cellulans
0.00	2	2	2	 Xylanimonas allomyrinae
0.00	4	50	9	 Kytococcus sedentarius
0.00	2	6	3	 Austwickia chelonae
0.00	1	2	1	 Miniimonas sp. S16
0.00	1	2	2	 Ruania sp. HY164
0.00	1	4	2	 Luteimicrobium xylanilyticum
0.00	125	5578	1701	 Bifidobacterium longum
0.00	17	285	18	 Bifidobacterium breve
0.00	10	191	94	 Bifidobacterium adolescentis
0.00	4	6	3	 Bifidobacterium animalis
0.00	3	50	25	 Bifidobacterium bifidum
0.00	1	2	1	 Bifidobacterium actinocoloniiforme
0.00	1	2	1	 Bifidobacterium pullorum
0.00	84	93	2	 Nonomuraea coxensis
0.00	1	6	2	 Nonomuraea nitratireducens
0.00	2	11	5	 Streptosporangium roseum
0.00	4	6	4	 Actinomadura sp. WMMB 499
0.00	1	2	2	 Actinomadura sp. NAK00032
0.00	3	10	4	 Actinomadura verrucosospora
0.00	1	5	5	 Nocardiopsis sp. MT53
0.00	1	26	13	 Thermobifida fusca
0.00	1	6	3	 Streptomonospora sp. M2
0.00	4	17	7	 Actinomyces sp. oral taxon 169
0.00	2	11	6	 Actinomyces sp. oral taxon 414
0.00	2	8	2	 Actinomyces sp. Z16
0.00	1	9	5	 Actinomyces sp. HMT 175
0.00	4	37	20	 Actinomyces oris
0.00	2	41	25	 Actinomyces pacaensis
0.00	1	4	3	 Actinomyces respiraculi
0.00	1	2	1	 Actinomyces faecalis
0.00	1	2	1	 Actinomyces radicidentis
0.00	14	24	4	 Schaalia turicensis
0.00	1	30	15	 Schaalia odontolytica
0.00	1	4	4	 Schaalia cardiffensis
0.00	7	10	4	 Trueperella pyogenes
0.00	11	23	2	 Amycolatopsis sp. YIM 10
0.00	1	5	3	 Amycolatopsis mediterranei
0.00	1	4	3	 Amycolatopsis albispora
0.00	7	10	3	 Saccharomonospora xinjiangensis
0.00	1	12	6	 Pseudonocardia sp. AL041005-10
0.00	1	6	4	 Pseudonocardia sp. CGMCC 4.1532
0.00	1	4	3	 Pseudonocardia sp. DSM 110487
0.00	1	3	2	 Pseudonocardia autotrophica
0.00	2	6	3	 Kibdelosporangium phytohabitans
0.00	1	8	2	 Saccharothrix sp. 6-C
0.00	1	13	6	 Kutzneria sp. CA-103260
0.00	1	2	2	 Alloactinosynnema sp. L-07
0.00	1	4	4	 Allokutzneria albata
0.00	16	454	52	 Epidermidibacterium keratini
0.00	1	2	1	 Micromonospora sp. HM134
0.00	1	2	1	 Micromonospora sp. WMMC415
0.00	2	4	1	 Micromonospora siamensis
0.00	1	3	2	 Micromonospora inositola
0.00	1	2	1	 Micromonospora endophytica (Xie et al. 2001) Li et al. 2019
0.00	1	4	3	 Micromonospora chokoriensis
0.00	1	8	4	 Actinoplanes sp. L3-i22
0.00	1	7	5	 Actinocatenispora thailandica
0.00	1	2	1	 Phytohabitans suffuscus
0.00	8	9	1	 Frankia sp. QA3
0.00	1	5	3	 Frankia sp. ArI3
0.00	1	7	3	 Geodermatophilus obscurus
0.00	1	10	6	 Catenulispora acidiphila
0.00	1	4	3	 Jiangella alkaliphila
0.00	1	6	3	 Nakamurella multipartita
0.00	2	4	1	 Olsenella sp. LZLJ-2
0.00	1	11	6	 Olsenella sp. oral taxon 807
0.00	1	4	1	 Parolsenella catena
0.00	1	33	24	 Lancefieldella parvula
0.00	3	8	3	 Cryptobacterium curtum
0.00	1	4	3	 Eggerthella guodeyinii
0.00	1	7	4	 Adlercreutzia equolifaciens
0.00	1	10	5	 Actinomarinicola tropica
0.00	1	18	1	 Baekduia soli
0.00	1	39	5	 Miltoncostaea oceani
0.00	4	21	8	 Nostoc flagelliforme
0.00	2	7	5	 Nostoc sp. MS1
0.00	1	4	3	 Nostoc sp. PCC 7524
0.00	1	23	8	 Nostoc sp. C052
0.00	2	13	4	 Nostoc carneum
0.00	5	13	2	 Anabaena cylindrica
0.00	11	38	7	 Calothrix parasitica
0.00	2	2	2	 Calothrix sp. NIES-3974
0.00	1	5	3	 Rivularia sp. PCC 7116
0.00	17	32	3	 Leptolyngbya sp. PKUAC-SCTE412
0.00	1	5	3	 Leptolyngbya sp. 7M
0.00	3	3	1	 Planktothrix rubescens
0.00	3	8	5	 Oxynema aestuarii
0.00	2	11	8	 Oscillatoria acuminata
0.00	3	8	3	 Crocosphaera subtropica
0.00	1	5	3	 Synechococcus sp. JA-3-3Ab
0.00	1	1	1	 Synechococcus sp. LA31
0.00	1	5	5	 Acaryochloris marina
0.00	1	5	4	 Chamaesiphon minutus
0.00	1	2	2	 Chroococcidiopsis thermalis
0.00	3	4	1	 Spiroplasma apis
0.00	3	4	1	 Spiroplasma syrphidicola
0.00	2	57	2	 Spiroplasma alleghenense
0.00	6	28	2	 Mycoplasma neurolyticum
0.00	1	2	1	 Mycoplasma struthionis
0.00	1	6	6	 Mycoplasmopsis bovirhinis
0.00	1	6	2	 Acholeplasma palmae
0.00	10	44	1	 Candidatus Izimaplasma sp. HR1
0.00	3	50	4	 Thermus thermophilus
0.00	1	42	21	 Thermus parvatiensis
0.00	1	7	4	 Thermus sp. CCB_US3_UF1
0.00	1	61	58	 Meiothermus silvanus
0.00	2	8	4	 Deinococcus gobiensis
0.00	1	6	3	 Deinococcus sp. NW-56
0.00	1	2	1	 Deinococcus radiodurans
0.00	2	3	2	 Pelolinea submarina
0.00	563	5672	1803	 Candidatus Nanosynbacter lyticus
0.00	6	39	12	 Candidatus Saccharimonas aalborgensis
0.00	1	1	1	 Candidatus Babela massiliensis
0.00	2	3	1	 Gimesia aquarii
0.00	2	9	5	 Gimesia chilikensis
0.00	15	65	4	 Crateriforma conspicua
0.00	7	56	15	 Planctomyces sp. SH-PL62
0.00	1	1	1	 Planctomyces sp. SH-PL14
0.00	1	1	1	 Calycomorphotria hydatis
0.00	7	11	5	 Aeoliella mucimassa
0.00	3	4	1	 Botrimarina mediterranea
0.00	3	4	2	 Roseimaritima ulvae
0.00	1	5	4	 Aureliella helgolandensis
0.00	1	4	4	 Lignipirellula cremea
0.00	5	6	2	 Gemmata obscuriglobus
0.00	2	25	7	 Telmatocola sphagniphila
0.00	1	26	6	 Frigoriglobus tundricola
0.00	6	20	2	 Aquisphaera giovannonii
0.00	2	17	8	 Poriferisphaera corsica
0.00	2	3	2	 Opitutus sp. GAS368
0.00	1	17	2	 Oleiharenicola sp. KSB-15
0.00	1	16	13	 Akkermansia muciniphila
0.00	1	7	4	 Akkermansia glycaniphila
0.00	1	1	1	 Methylacidiphilum sp. IT6
0.00	1	1	1	 Chlamydia sp. H15-1957-10C
0.00	1	1	1	 Neochlamydia sp. S13
0.00	8	18	1	 Borreliella burgdorferi
0.00	1	2	1	 Candidatus Borrelia tachyglossi
0.00	1	1	1	 Borrelia hermsii
0.00	4	19	3	 Sediminispirochaeta smaragdinae
0.00	1	3	3	 Treponema succinifaciens
0.00	1	3	2	 Treponema socranskii
0.00	1	7	3	 Treponema primitia
0.00	5	8	4	 Leptospira interrogans
0.00	2	12	5	 Leptospira kmetyi
0.00	1	18	6	 Leptospira biflexa
0.00	1	3	2	 Brachyspira hampsonii
0.00	10	75	62	 Fusobacterium nucleatum
0.00	1	2	1	 Fusobacterium mortiferum
0.00	1	2	2	 Fusobacterium sp. NSJ-57
0.00	1	10	5	 Leptotrichia sp. oral taxon 212
0.00	1	2	1	 Leptotrichia sp. oral taxon 218
0.00	1	1	1	 Leptotrichia wadei
0.00	2	30	22	 Nitrospira moscoviensis
0.00	2	7	5	 Candidatus Nitrospira inopinata
0.00	1	1	1	 Thermodesulfovibrio yellowstonii
0.00	1	4	3	 Dissulfurispira thermophila
0.00	1	3	3	 Acidobacterium sp. 4Y35
0.00	1	11	5	 Terriglobus roseus
0.00	2	10	8	 Paludibaculum fermentans
0.00	1	1	1	 Thermotomaculum hydrothermale
0.00	1	4	4	 Luteitalea pratensis
0.00	2	4	1	 Thermosipho melanesiensis
0.00	1	5	3	 Mesotoga infera
0.00	1	8	5	 Jonquetella anthropi
0.00	1	12	4	 Fretibacterium fastidiosum
0.00	1	1	1	 Desulfurobacterium thermolithotrophum
0.01	2224	113322	72584	 Malassezia globosa
0.01	1534	57252	35026	 Malassezia restricta
0.00	23	205	61	 Malassezia furfur
0.00	22	764	351	 Malassezia arunalokei
0.00	5	22	9	 Malassezia sympodialis
0.00	4	20	13	 Malassezia cuniculi
0.00	2	39	38	 Malassezia slooffiae
0.00	1	16	12	 Malassezia nana
0.00	1	18	11	 Malassezia yamatoensis
0.00	1	14	7	 Malassezia vespertilionis
0.00	3	13	12	 Sporisorium graminicola
0.00	1	7	5	 Ustilago maydis
0.00	30	55	15	 Marasmius oreades
0.00	4	32	25	 Cryptococcus neoformans
0.00	302	360	9	 Fusarium pseudograminearum
0.00	37	48	9	 Fusarium venenatum
0.00	9	30	4	 Fusarium graminearum
0.00	2	16	11	 Fusarium fujikuroi
0.00	2	23	7	 Fusarium verticillioides
0.00	18	91	16	 Pochonia chlamydosporia
0.00	2	12	8	 Ustilaginoidea virens
0.00	3	19	10	 Drechmeria coniospora
0.00	2	40	26	 Colletotrichum higginsianum
0.00	3	121	7	 Pyricularia grisea
0.00	7	69	22	 Neurospora crassa
0.00	5	34	19	 Thermothielavioides terrestris
0.00	1	26	19	 Thermothelomyces thermophilus
0.00	1	37	26	 Botrytis cinerea
0.00	5	18	7	 Aspergillus oryzae
0.00	4	29	22	 Aspergillus chevalieri
0.00	3	155	34	 Aspergillus puulaauensis
0.00	2	36	20	 Aspergillus luchuensis
0.00	1	12	8	 Aspergillus fumigatus
0.00	1	14	10	 Zymoseptoria tritici
0.00	399	481	17	 [Candida] auris
0.00	9	169	60	 Saccharomyces cerevisiae
0.00	1	14	4	 Kluyveromyces marxianus
0.00	1	1	1	 Kluyveromyces lactis
0.00	2	6	5	 [Candida] glabrata
0.00	1	8	5	 Eremothecium cymbalariae
0.00	5	24	9	 Candida albicans
0.00	2	20	8	 Candida dubliniensis
0.00	1	19	11	 Candida orthopsilosis
0.00	2	73	25	 Pichia kudriavzevii
0.00	1	4	4	 Brettanomyces bruxellensis
0.00	1	2	2	 Ogataea parapolymorpha
0.00	1	13	4	 Yarrowia lipolytica
0.00	1	66	66	 Komagataella phaffii
0.00	1	6	4	 Sugiyamaella lignohabitans
0.00	1	2	1	 Encephalitozoon intestinalis
0.01	1089	20677	9783	 Homo sapiens
0.00	34	37	1	 Methanococcus vannielii
0.00	22	94	1	 Methanocaldococcus infernus
0.00	2	85	47	 Methanocaldococcus jannaschii
0.00	1	3	2	 Methanocaldococcus sp. FS406-22
0.00	6	16	2	 Methanothermus fervidus
0.00	13	51	2	 Natronococcus occultus
0.00	2	11	2	 Natrinema sp. YPL30
0.00	1	4	2	 Natrinema sp. SYSU A 869
0.00	2	2	1	 Halobiforma lacisalsi
0.00	2	5	2	 Haloprofundus sp. Gai1-5
0.00	2	4	1	 Halolamina sp. CBA1230
0.00	2	6	2	 Halorientalis sp. IM1011
0.00	1	2	2	 Natronomonas halophila
0.00	1	5	3	 Halarchaeum sp. CBA1220
0.00	11	33	3	 Methanosarcina barkeri
0.00	1	3	2	 Methanosarcina sp. Kolksee
0.00	4	10	1	 Methanohalobium evestigatum
0.00	1	5	3	 Methanolobus zinderi
0.00	1	1	1	 Pyrococcus furiosus
0.00	1	3	2	 Pyrococcus abyssi
0.00	1	1	1	 Thermococcus sp. 2319x1
0.00	71	85	1	 Pyrodictium delaneyi
0.00	1	1	1	 Aeropyrum pernix
0.00	1	3	2	 Nitrosopumilus sp. K4
0.00	1	2	1	 Candidatus Nitrosotenuis cloacae
0.29	46192	52921	3	 Salmonella phage TS13
0.00	8	35	8	 Lactococcus virus PhiLj
0.00	5	50	15	 Lactococcus virus P680
0.00	4	4	1	 Lactococcus virus ASCC191
0.00	3	26	7	 Lactococcus virus 66901
0.00	2	16	6	 Lactococcus virus 56003
0.00	2	56	36	 Lactococcus virus 30804
0.00	2	2	1	 Lactococcus virus fd13
0.00	2	6	3	 Lactococcus virus CHPC129
0.00	2	18	9	 Lactococcus virus PhiL6
0.00	1	2	1	 Lactococcus virus phi7
0.00	1	2	1	 Lactococcus virus PhiE1127
0.00	1	6	3	 Lactococcus virus 340
0.00	1	2	2	 Lactococcus virus 96603
0.00	1	6	6	 Lactococcus virus 16802
0.00	1	8	4	 Lactococcus virus ASCC273
0.00	1	3	3	 Lactococcus virus bIBBF12
0.00	1	4	2	 Lactococcus virus Sl4
0.00	14	142	15	 Propionibacterium virus P1001
0.00	2	16	4	 Propionibacterium virus PHL141N00
0.00	1	6	3	 Propionibacterium virus PHL301M00
0.00	1	56	4	 Propionibacterium virus PA6
0.00	1	2	1	 Salmonella phage SAP012
0.02	2758	41595	1255	 crAssphage cr110_1
0.00	208	908	41	 crAssphage cr11_1
0.00	40	189	9	 CrAssphage sp.
0.00	37	281	91	 uncultured crAssphage
0.00	31	65	4	 crAssphage cr271_1
0.00	1	20	10	 crAssphage cr50_1
0.00	1	17	3	 crAssphage cr10_1
0.00	1	2	1	 Microbacterium virus Akoni
0.01	1136	1329	1	 Staphylococcus virus Andhra
0.00	7	107	22	 Klebsiella virus NJS1
0.00	5	27	12	 Klebsiella virus KpCol1
0.00	4	27	9	 Klebsiella virus 1513
0.00	4	62	37	 Klebsiella virus GHK3
0.00	4	28	12	 Klebsiella virus KOX1
0.00	3	40	15	 Klebsiella virus Sin4
0.00	3	29	12	 Klebsiella virus KL
0.00	3	29	13	 Klebsiella virus KpKT21phi1
0.00	3	16	5	 Klebsiella virus PhiKpNIH2
0.00	2	12	8	 Klebsiella virus KP36
0.00	2	22	8	 Klebsiella virus FZ10
0.00	2	9	5	 Klebsiella virus KP1801
0.00	1	2	1	 Klebsiella virus Shelby
0.00	1	2	1	 Klebsiella virus KLPPOU149
0.00	1	16	8	 Klebsiella virus Skenny
0.00	1	16	8	 Klebsiella virus JY917
0.00	1	12	6	 Klebsiella virus TSK1
0.00	1	4	3	 Klebsiella virus Domnhall
0.00	1	6	3	 Klebsiella virus TAH8
0.00	1	16	8	 Klebsiella virus NJS2
0.00	1	2	1	 Klebsiella virus NJR15
0.00	1	19	12	 Klebsiella virus MezzoGao
0.00	1	9	9	 Klebsiella virus KPN N141
0.00	86	139	1	 Vibrio phage ValB1MD-2
0.00	1	1	1	 Vibrio phage PWH3a-P1
0.00	1	2	2	 Shigella phage SfII
0.00	2	4	1	 Bacillus virus VMY22
0.00	1	1	1	 Salmonella virus SeJ
0.00	54	273	1	 Pegivirus F
0.00	6	7	2	 Picornavirales Bu-3
0.00	2	2	1	 Beihai picorna-like virus 105
0.00	1	45	39	 Human immunodeficiency virus 1
0.00	1	2	1	 Turkeypox virus
0.00	1	1	1	 Nile crocodilepox virus
0.00	1	6	1	 Mimivirus terra2
0.00	1	48	24	 Human mastadenovirus C
0.00	2	8	1	 Gryllus bimaculatus nudivirus
0.00	1	4	1	 Oxyplax ochracea nucleopolyhedrovirus
0.00	1	4	1	 Pandoravirus macleodensis
